ca65 V2.19 - Git 547d923
Main file   : C:\Users\Alex\Chased3D\debug\chased3d.s
Current file: C:\Users\Alex\Chased3D\debug\chased3d.s

000000r 1               ;
000000r 1               ; File generated by cc65 v 2.19 - Git 547d923
000000r 1               ;
000000r 1               	.fopt		compiler,"cc65 v 2.19 - Git 547d923"
000000r 1               	.setcpu		"6502"
000000r 1               	.smart		on
000000r 1               	.autoimport	on
000000r 1               	.case		on
000000r 1               	.debuginfo	on
000000r 1               	.importzp	c_sp, sreg, regsave, regbank
000000r 1               	.importzp	tmp1, tmp2, tmp3, tmp4, ptr1, ptr2, ptr3, ptr4
000000r 1               	.macpack	longbranch
000000r 2               .macro  jeq     Target
000000r 2                       .if     .match(Target, 0)
000000r 2                       bne     *+5
000000r 2                       jmp     Target
000000r 2                       .elseif .def(Target) .and .const((*-2)-(Target)) .and ((*+2)-(Target) <= 127)
000000r 2                               beq     Target
000000r 2                       .else
000000r 2                               bne     *+5
000000r 2                               jmp     Target
000000r 2                       .endif
000000r 2               .endmacro
000000r 2               .macro  jne     Target
000000r 2                       .if     .match(Target, 0)
000000r 2                               beq     *+5
000000r 2                               jmp     Target
000000r 2                       .elseif .def(Target) .and .const((*-2)-(Target)) .and ((*+2)-(Target) <= 127)
000000r 2                               bne     Target
000000r 2                       .else
000000r 2                               beq     *+5
000000r 2                               jmp     Target
000000r 2                       .endif
000000r 2               .endmacro
000000r 2               .macro  jmi     Target
000000r 2                       .if     .match(Target, 0)
000000r 2                               bpl     *+5
000000r 2                               jmp     Target
000000r 2                       .elseif .def(Target) .and .const((*-2)-(Target)) .and ((*+2)-(Target) <= 127)
000000r 2                               bmi     Target
000000r 2                       .else
000000r 2                               bpl     *+5
000000r 2                               jmp     Target
000000r 2                       .endif
000000r 2               .endmacro
000000r 2               .macro  jpl     Target
000000r 2                       .if     .match(Target, 0)
000000r 2                               bmi     *+5
000000r 2                               jmp     Target
000000r 2                       .elseif .def(Target) .and .const((*-2)-(Target)) .and ((*+2)-(Target) <= 127)
000000r 2                               bpl     Target
000000r 2                       .else
000000r 2                               bmi     *+5
000000r 2                               jmp     Target
000000r 2                       .endif
000000r 2               .endmacro
000000r 2               .macro  jcs     Target
000000r 2                       .if     .match(Target, 0)
000000r 2                               bcc     *+5
000000r 2                               jmp     Target
000000r 2                       .elseif .def(Target) .and .const((*-2)-(Target)) .and ((*+2)-(Target) <= 127)
000000r 2                               bcs     Target
000000r 2                       .else
000000r 2                               bcc     *+5
000000r 2                               jmp     Target
000000r 2                       .endif
000000r 2               .endmacro
000000r 2               .macro  jcc     Target
000000r 2                       .if     .match(Target, 0)
000000r 2                               bcs     *+5
000000r 2                               jmp     Target
000000r 2                       .elseif .def(Target) .and .const((*-2)-(Target)) .and ((*+2)-(Target) <= 127)
000000r 2                               bcc     Target
000000r 2                       .else
000000r 2                               bcs     *+5
000000r 2                               jmp     Target
000000r 2                       .endif
000000r 2               .endmacro
000000r 2               .macro  jvs     Target
000000r 2                       .if     .match(Target, 0)
000000r 2                               bvc     *+5
000000r 2                               jmp     Target
000000r 2                       .elseif .def(Target) .and .const((*-2)-(Target)) .and ((*+2)-(Target) <= 127)
000000r 2                               bvs     Target
000000r 2                       .else
000000r 2                               bvc     *+5
000000r 2                               jmp     Target
000000r 2                       .endif
000000r 2               .endmacro
000000r 2               .macro  jvc     Target
000000r 2                       .if     .match(Target, 0)
000000r 2                               bvs     *+5
000000r 2                               jmp     Target
000000r 2                       .elseif .def(Target) .and .const((*-2)-(Target)) .and ((*+2)-(Target) <= 127)
000000r 2                               bvc     Target
000000r 2                       .else
000000r 2                               bvs     *+5
000000r 2                               jmp     Target
000000r 2                       .endif
000000r 2               .endmacro
000000r 2               
000000r 1               	.dbg		file, "C:\Users\Alex\Chased3D\chased3d.c", 22539, 1788645070
000000r 1               	.dbg		file, "C:\tools\cc65\include/atari.h", 22152, 1786840064
000000r 1               	.dbg		file, "C:\tools\cc65\include/_atarios.h", 40084, 1786840064
000000r 1               	.dbg		file, "C:\tools\cc65\include/_gtia.h", 13839, 1786840064
000000r 1               	.dbg		file, "C:\tools\cc65\include/_pbi.h", 3143, 1786840064
000000r 1               	.dbg		file, "C:\tools\cc65\include/_pokey.h", 11376, 1786840064
000000r 1               	.dbg		file, "C:\tools\cc65\include/_pia.h", 3044, 1786840064
000000r 1               	.dbg		file, "C:\tools\cc65\include/_antic.h", 11827, 1786840064
000000r 1               	.dbg		file, "C:\tools\cc65\include/stdlib.h", 6948, 1786840065
000000r 1               	.dbg		file, "C:\Users\Alex\Chased3D/maze.h", 550, 1787868964
000000r 1               	.dbg		file, "C:\Users\Alex\Chased3D/trig3d.h", 333, 1787781160
000000r 1               	.dbg		file, "C:\Users\Alex\Chased3D/view3d.h", 1474, 1788645070
000000r 1               	.dbg		file, "C:\Users\Alex\Chased3D/sprite3d.h", 910, 1787954059
000000r 1               	.dbg		file, "C:\Users\Alex\Chased3D/melody.h", 326, 1787954059
000000r 1               	.dbg		file, "C:\Users\Alex\Chased3D/textplot.h", 440, 1788474191
000000r 1               	.dbg		file, "C:\Users\Alex\Chased3D/splash_screen.h", 167, 1788637044
000000r 1               	.forceimport	__STARTUP__
000000r 1               	.dbg		sym, "maze_map", "00", extern, "_maze_map"
000000r 1               	.dbg		sym, "sin3d", "00", extern, "_sin3d"
000000r 1               	.dbg		sym, "splash_revision", "00", extern, "_splash_revision"
000000r 1               	.import		_waitvsync
000000r 1               	.import		_get_tv
000000r 1               	.import		_rand
000000r 1               	.import		_srand
000000r 1               	.import		_abs
000000r 1               	.import		_maze_map
000000r 1               	.import		_maze_load_level
000000r 1               	.import		_maze_solid
000000r 1               	.import		_maze_set_exit_open
000000r 1               	.import		_sin3d
000000r 1               	.import		_view3d_init
000000r 1               	.import		_view3d_clear
000000r 1               	.import		_floor_dli_suspend
000000r 1               	.import		_floor_dli_resume
000000r 1               	.import		_view3d_render
000000r 1               	.import		_view3d_floor_motion
000000r 1               	.import		_minimap_build
000000r 1               	.import		_minimap_show
000000r 1               	.import		_minimap_open_exit
000000r 1               	.import		_minimap_update
000000r 1               	.import		_hud_set_fps
000000r 1               	.import		_hud_set_targets
000000r 1               	.import		_hud_set_game
000000r 1               	.import		_hud_set_decoy
000000r 1               	.import		_sprite3d_init
000000r 1               	.import		_sprite3d_build_targets
000000r 1               	.import		_sprite3d_build_laser
000000r 1               	.import		_sprite3d_locate_exit
000000r 1               	.import		_sprite3d_draw_targets
000000r 1               	.import		_sprite3d_draw_pursuer
000000r 1               	.import		_sprite3d_draw_decoy
000000r 1               	.import		_sprite3d_collect
000000r 1               	.import		_sprite3d_hit_laser
000000r 1               	.import		_sprite3d_targets_left
000000r 1               	.import		_sprite3d_clear_all
000000r 1               	.import		_sprite3d_reached_exit
000000r 1               	.import		_melody_install
000000r 1               	.import		_melody_play
000000r 1               	.import		_melody_pickup
000000r 1               	.import		_melody_playing
000000r 1               	.import		_melody_threat_play
000000r 1               	.import		_melody_set_threat_level
000000r 1               	.import		_melody_laser_buzz
000000r 1               	.import		_textplot_print_fullscreen
000000r 1               	.import		_splash_revision
000000r 1               	.import		_splash_screen_show
000000r 1               	.import		_splash_screen_rainbow
000000r 1               	.export		_main
000000r 1               
000000r 1               .segment	"DATA"
000000r 1               
000000r 1               _loading_level_message:
000000r 1  4C 4F 41 44  	.byte	$4C,$4F,$41,$44,$49,$4E,$47,$20,$4C,$45,$56,$45,$4C,$20,$30,$00
000004r 1  49 4E 47 20  
000008r 1  4C 45 56 45  
000010r 1               _frame_ticks:
000010r 1  01           	.byte	$01
000011r 1               _lives:
000011r 1  03           	.byte	$03
000012r 1               _level:
000012r 1  01           	.byte	$01
000013r 1               _decoy_available:
000013r 1  01           	.byte	$01
000014r 1               _decoy_recharge_ticks:
000014r 1  C8           	.byte	$C8
000015r 1               _pursuer_dir_x:
000015r 1  00           	.byte	$00
000016r 1               _pursuer_dir_y:
000016r 1  00           	.byte	$00
000017r 1               _pursuer_retarget_timer:
000017r 1  33           	.byte	$33
000018r 1               
000018r 1               .segment	"RODATA"
000000r 1               
000000r 1               S000D:
000000r 1  43 31 32 43  	.byte	$43,$31,$32,$43,$31,$34,$45,$31,$38,$42,$30,$38,$43,$31,$34,$41
000004r 1  31 34 45 31  
000008r 1  38 42 30 38  
000010r 1  31 34 47 31  	.byte	$31,$34,$47,$31,$38,$46,$31,$34,$45,$31,$38,$44,$31,$38,$45,$31
000014r 1  38 46 31 34  
000018r 1  45 31 38 44  
000020r 1  34 44 31 34  	.byte	$34,$44,$31,$34,$43,$31,$34,$50,$30,$31,$00
000024r 1  43 31 34 50  
000028r 1  30 31 00     
00002Br 1               S000B:
00002Br 1  43 31 34 43  	.byte	$43,$31,$34,$43,$31,$34,$43,$31,$34,$43,$32,$34,$43,$32,$34,$43
00002Fr 1  31 34 43 31  
000033r 1  34 43 32 34  
00003Br 1  32 34 42 31  	.byte	$32,$34,$42,$31,$38,$41,$31,$38,$47,$31,$38,$46,$31,$38,$45,$31
00003Fr 1  38 41 31 38  
000043r 1  47 31 38 46  
00004Br 1  38 44 31 38  	.byte	$38,$44,$31,$38,$43,$31,$32,$00
00004Fr 1  43 31 32 00  
000053r 1               S0012:
000053r 1  43 31 34 43  	.byte	$43,$31,$34,$43,$31,$34,$45,$31,$34,$43,$31,$38,$46,$31,$38,$43
000057r 1  31 34 45 31  
00005Br 1  34 43 31 38  
000063r 1  31 38 45 31  	.byte	$31,$38,$45,$31,$38,$43,$31,$34,$44,$31,$34,$50,$30,$34,$00
000067r 1  38 43 31 34  
00006Br 1  44 31 34 50  
000072r 1               S0006	:=	S0012+0
000072r 1               S000F	:=	S0012+0
000072r 1               S0009:
000072r 1  45 32 34 44  	.byte	$45,$32,$34,$44,$32,$34,$43,$32,$34,$42,$31,$34,$41,$31,$34,$47
000076r 1  32 34 43 32  
00007Ar 1  34 42 31 34  
000082r 1  31 34 45 31  	.byte	$31,$34,$45,$31,$34,$43,$31,$38,$50,$30,$34,$00
000086r 1  34 43 31 38  
00008Ar 1  50 30 34 00  
00008Er 1               S0013:
00008Er 1  43 32 31 45  	.byte	$43,$32,$31,$45,$32,$31,$47,$32,$31,$43,$32,$32,$45,$32,$32,$47
000092r 1  32 31 47 32  
000096r 1  31 43 32 32  
00009Er 1  32 32 43 32  	.byte	$32,$32,$43,$32,$34,$00
0000A2r 1  34 00        
0000A4r 1               S0007:
0000A4r 1  50 72 65 73  	.byte	$50,$72,$65,$73,$73,$20,$53,$70,$61,$63,$65,$20,$6F,$72,$20,$46
0000A8r 1  73 20 53 70  
0000ACr 1  61 63 65 20  
0000B4r 1  69 72 65 00  	.byte	$69,$72,$65,$00
0000B8r 1               S0010:
0000B8r 1  41 30 32 41  	.byte	$41,$30,$32,$41,$30,$32,$45,$31,$32,$41,$30,$32,$41,$30,$32,$45
0000BCr 1  30 32 45 31  
0000C0r 1  32 41 30 32  
0000C8r 1  31 32 00     	.byte	$31,$32,$00
0000CBr 1               S000C:
0000CBr 1  41 31 34 43  	.byte	$41,$31,$34,$43,$32,$38,$42,$31,$38,$41,$31,$34,$47,$31,$34,$41
0000CFr 1  32 38 42 31  
0000D3r 1  38 41 31 34  
0000DBr 1  31 31 00     	.byte	$31,$31,$00
0000DEr 1               S0002:
0000DEr 1  43 32 31 45  	.byte	$43,$32,$31,$45,$32,$31,$47,$32,$31,$45,$32,$31,$43,$32,$32,$00
0000E2r 1  32 31 47 32  
0000E6r 1  31 45 32 31  
0000EEr 1               S000E:
0000EEr 1  43 31 34 45  	.byte	$43,$31,$34,$45,$31,$34,$44,$31,$34,$45,$31,$34,$50,$30,$34,$00
0000F2r 1  31 34 44 31  
0000F6r 1  34 45 31 34  
0000FEr 1               S000A:
0000FEr 1  59 4F 55 20  	.byte	$59,$4F,$55,$20,$44,$49,$44,$20,$49,$54,$20,$21,$21,$21,$00
000102r 1  44 49 44 20  
000106r 1  49 54 20 21  
00010Dr 1               S0005:
00010Dr 1  43 32 31 45  	.byte	$43,$32,$31,$45,$32,$31,$47,$32,$31,$43,$32,$32,$00
000111r 1  32 31 47 32  
000115r 1  31 43 32 32  
00011Ar 1               S0004:
00011Ar 1  43 32 31 47  	.byte	$43,$32,$31,$47,$32,$31,$43,$32,$32,$00
00011Er 1  32 31 43 32  
000122r 1  32 00        
000124r 1               S0008:
000124r 1  47 61 6D 65  	.byte	$47,$61,$6D,$65,$20,$4F,$76,$65,$72,$00
000128r 1  20 4F 76 65  
00012Cr 1  72 00        
00012Er 1               S0011:
00012Er 1  44 45 43 4F  	.byte	$44,$45,$43,$4F,$59,$00
000132r 1  59 00        
000134r 1               
000134r 1               .segment	"BSS"
000000r 1               
000000r 1               _score:
000000r 1  00 00        	.res	2,$00
000002r 1               _high_score:
000002r 1  00 00        	.res	2,$00
000004r 1               _player_x:
000004r 1  00 00        	.res	2,$00
000006r 1               _player_y:
000006r 1  00 00        	.res	2,$00
000008r 1               _player_angle:
000008r 1  00 00        	.res	2,$00
00000Ar 1               _pursuer_x:
00000Ar 1  00 00        	.res	2,$00
00000Cr 1               _pursuer_y:
00000Cr 1  00 00        	.res	2,$00
00000Er 1               _decoy_x:
00000Er 1  00 00        	.res	2,$00
000010r 1               _decoy_y:
000010r 1  00 00        	.res	2,$00
000012r 1               _decoy_active:
000012r 1  00           	.res	1,$00
000013r 1               _decoy_capture_ticks:
000013r 1  00           	.res	1,$00
000014r 1               _decoy_active_ticks:
000014r 1  00 00        	.res	2,$00
000016r 1               _laser_elapsed_ticks:
000016r 1  00 00        	.res	2,$00
000018r 1               _laser_period_ticks:
000018r 1  00 00        	.res	2,$00
00001Ar 1               _floor_motion_units:
00001Ar 1  00 00        	.res	2,$00
00001Cr 1               _threat_old_color:
00001Cr 1  00           	.res	1,$00
00001Dr 1               _threat_color_active:
00001Dr 1  00           	.res	1,$00
00001Er 1               _pursuer_target_col:
00001Er 1  00           	.res	1,$00
00001Fr 1               _pursuer_target_row:
00001Fr 1  00           	.res	1,$00
000020r 1               _pursuer_stuck_col:
000020r 1  00           	.res	1,$00
000021r 1               _pursuer_stuck_row:
000021r 1  00           	.res	1,$00
000022r 1               _pursuer_stuck_ticks:
000022r 1  00 00        	.res	2,$00
000024r 1               
000024r 1               ; ---------------------------------------------------------------
000024r 1               ; void __near__ add_score (unsigned char points)
000024r 1               ; ---------------------------------------------------------------
000024r 1               
000024r 1               .segment	"CODE"
000000r 1               
000000r 1               .proc	_add_score: near
000000r 1               
000000r 1               	.dbg	func, "add_score", "00", static, "_add_score"
000000r 1               	.dbg	sym, "points", "00", auto, 0
000000r 1               
000000r 1               .segment	"CODE"
000000r 1               
000000r 1               ;
000000r 1               ; {
000000r 1               ;
000000r 1               	.dbg	line, "C:\Users\Alex\Chased3D\chased3d.c", 473
000000r 1  20 rr rr     	jsr     pusha
000003r 1               ;
000003r 1               ; if (score > 65535u - points)
000003r 1               ;
000003r 1               	.dbg	line, "C:\Users\Alex\Chased3D\chased3d.c", 474
000003r 1  AD rr rr     	lda     _score
000006r 1  AE rr rr     	ldx     _score+1
000009r 1  20 rr rr     	jsr     pushax
00000Cr 1  A2 FF        	ldx     #$FF
00000Er 1  8A           	txa
00000Fr 1  38           	sec
000010r 1  A0 02        	ldy     #$02
000012r 1  F1 rr        	sbc     (c_sp),y
000014r 1  48           	pha
000015r 1  8A           	txa
000016r 1  E9 00        	sbc     #$00
000018r 1  AA           	tax
000019r 1  68           	pla
00001Ar 1  20 rr rr     	jsr     tosicmp
00001Dr 1  90 0A        	bcc     L0002
00001Fr 1  F0 08        	beq     L0002
000021r 1               ;
000021r 1               ; score = 65535u;
000021r 1               ;
000021r 1               	.dbg	line, "C:\Users\Alex\Chased3D\chased3d.c", 475
000021r 1  A9 FF        	lda     #$FF
000023r 1  8D rr rr     	sta     _score
000026r 1               ;
000026r 1               ; else
000026r 1               ;
000026r 1               	.dbg	line, "C:\Users\Alex\Chased3D\chased3d.c", 476
000026r 1  4C rr rr     	jmp     L0005
000029r 1               ;
000029r 1               ; score += points;
000029r 1               ;
000029r 1               	.dbg	line, "C:\Users\Alex\Chased3D\chased3d.c", 477
000029r 1  A0 00        L0002:	ldy     #$00
00002Br 1  B1 rr        	lda     (c_sp),y
00002Dr 1  18           	clc
00002Er 1  6D rr rr     	adc     _score
000031r 1  8D rr rr     	sta     _score
000034r 1  98           	tya
000035r 1  6D rr rr     	adc     _score+1
000038r 1  8D rr rr     L0005:	sta     _score+1
00003Br 1               ;
00003Br 1               ; if (score > high_score) high_score = score;
00003Br 1               ;
00003Br 1               	.dbg	line, "C:\Users\Alex\Chased3D\chased3d.c", 478
00003Br 1  AD rr rr     	lda     _score
00003Er 1  38           	sec
00003Fr 1  ED rr rr     	sbc     _high_score
000042r 1  85 rr        	sta     tmp1
000044r 1  AD rr rr     	lda     _score+1
000047r 1  ED rr rr     	sbc     _high_score+1
00004Ar 1  05 rr        	ora     tmp1
00004Cr 1  90 0E        	bcc     L0004
00004Er 1  F0 0C        	beq     L0004
000050r 1  AD rr rr     	lda     _score+1
000053r 1  8D rr rr     	sta     _high_score+1
000056r 1  AD rr rr     	lda     _score
000059r 1  8D rr rr     	sta     _high_score
00005Cr 1               ;
00005Cr 1               ; update_game_hud();
00005Cr 1               ;
00005Cr 1               	.dbg	line, "C:\Users\Alex\Chased3D\chased3d.c", 479
00005Cr 1  20 rr rr     L0004:	jsr     _update_game_hud
00005Fr 1               ;
00005Fr 1               ; }
00005Fr 1               ;
00005Fr 1               	.dbg	line, "C:\Users\Alex\Chased3D\chased3d.c", 480
00005Fr 1  4C rr rr     	jmp     incsp1
000062r 1               
000062r 1               	.dbg	line
000062r 1               .endproc
000062r 1               
000062r 1               ; ---------------------------------------------------------------
000062r 1               ; unsigned char __near__ read_key (void)
000062r 1               ; ---------------------------------------------------------------
000062r 1               
000062r 1               .segment	"CODE"
000062r 1               
000062r 1               .proc	_read_key: near
000062r 1               
000062r 1               	.dbg	func, "read_key", "00", static, "_read_key"
000062r 1               
000062r 1               .segment	"CODE"
000062r 1               
000062r 1               ;
000062r 1               ; if ((*(volatile unsigned char *)KBD_SKSTAT & 0x04) != 0) return 0xFF;
000062r 1               ;
000062r 1               	.dbg	line, "C:\Users\Alex\Chased3D\chased3d.c", 96
000062r 1  AD 0F D2     	lda     $D20F
000065r 1  29 04        	and     #$04
000067r 1  F0 05        	beq     L0004
000069r 1  A2 00        	ldx     #$00
00006Br 1  A9 FF        	lda     #$FF
00006Dr 1  60           	rts
00006Er 1               ;
00006Er 1               ; return *(volatile unsigned char *)KBD_KBCODE & 0x3F;
00006Er 1               ;
00006Er 1               	.dbg	line, "C:\Users\Alex\Chased3D\chased3d.c", 97
00006Er 1  AD 09 D2     L0004:	lda     $D209
000071r 1  29 3F        	and     #$3F
000073r 1  A2 00        	ldx     #$00
000075r 1               ;
000075r 1               ; }
000075r 1               ;
000075r 1               	.dbg	line, "C:\Users\Alex\Chased3D\chased3d.c", 98
000075r 1  60           	rts
000076r 1               
000076r 1               	.dbg	line
000076r 1               .endproc
000076r 1               
000076r 1               ; ---------------------------------------------------------------
000076r 1               ; void __near__ wait_frame (void)
000076r 1               ; ---------------------------------------------------------------
000076r 1               
000076r 1               .segment	"CODE"
000076r 1               
000076r 1               .proc	_wait_frame: near
000076r 1               
000076r 1               	.dbg	func, "wait_frame", "00", static, "_wait_frame"
000076r 1               
000076r 1               .segment	"CODE"
000076r 1               
000076r 1               ;
000076r 1               ; *(volatile unsigned char *)OS_ATTRACT = 0;
000076r 1               ;
000076r 1               	.dbg	line, "C:\Users\Alex\Chased3D\chased3d.c", 102
000076r 1  A9 00        	lda     #$00
000078r 1  85 4D        	sta     $004D
00007Ar 1               ;
00007Ar 1               ; waitvsync();
00007Ar 1               ;
00007Ar 1               	.dbg	line, "C:\Users\Alex\Chased3D\chased3d.c", 103
00007Ar 1  4C rr rr     	jmp     _waitvsync
00007Dr 1               
00007Dr 1               	.dbg	line
00007Dr 1               .endproc
00007Dr 1               
00007Dr 1               ; ---------------------------------------------------------------
00007Dr 1               ; void __near__ try_move (int delta_x, int delta_y)
00007Dr 1               ; ---------------------------------------------------------------
00007Dr 1               
00007Dr 1               .segment	"CODE"
00007Dr 1               
00007Dr 1               .proc	_try_move: near
00007Dr 1               
00007Dr 1               	.dbg	func, "try_move", "00", static, "_try_move"
00007Dr 1               	.dbg	sym, "delta_x", "00", auto, 2
00007Dr 1               	.dbg	sym, "delta_y", "00", auto, 0
00007Dr 1               	.dbg	sym, "next_x", "00", auto, -2
00007Dr 1               	.dbg	sym, "next_y", "00", auto, -4
00007Dr 1               
00007Dr 1               .segment	"CODE"
00007Dr 1               
00007Dr 1               ;
00007Dr 1               ; {
00007Dr 1               ;
00007Dr 1               	.dbg	line, "C:\Users\Alex\Chased3D\chased3d.c", 107
00007Dr 1  20 rr rr     	jsr     pushax
000080r 1               ;
000080r 1               ; next_x = (unsigned int)((int)player_x + delta_x);
000080r 1               ;
000080r 1               	.dbg	line, "C:\Users\Alex\Chased3D\chased3d.c", 111
000080r 1  20 rr rr     	jsr     decsp4
000083r 1  A0 07        	ldy     #$07
000085r 1  20 rr rr     	jsr     ldaxysp
000088r 1  18           	clc
000089r 1  6D rr rr     	adc     _player_x
00008Cr 1  48           	pha
00008Dr 1  8A           	txa
00008Er 1  6D rr rr     	adc     _player_x+1
000091r 1  AA           	tax
000092r 1  68           	pla
000093r 1  A0 02        	ldy     #$02
000095r 1  20 rr rr     	jsr     staxysp
000098r 1               ;
000098r 1               ; next_y = (unsigned int)((int)player_y + delta_y);
000098r 1               ;
000098r 1               	.dbg	line, "C:\Users\Alex\Chased3D\chased3d.c", 112
000098r 1  A0 05        	ldy     #$05
00009Ar 1  20 rr rr     	jsr     ldaxysp
00009Dr 1  18           	clc
00009Er 1  6D rr rr     	adc     _player_y
0000A1r 1  48           	pha
0000A2r 1  8A           	txa
0000A3r 1  6D rr rr     	adc     _player_y+1
0000A6r 1  AA           	tax
0000A7r 1  68           	pla
0000A8r 1  20 rr rr     	jsr     stax0sp
0000ABr 1               ;
0000ABr 1               ; if (!maze_solid((unsigned char)(next_x >> 8), (unsigned char)(player_y >> 8)))
0000ABr 1               ;
0000ABr 1               	.dbg	line, "C:\Users\Alex\Chased3D\chased3d.c", 114
0000ABr 1  A0 03        	ldy     #$03
0000ADr 1  B1 rr        	lda     (c_sp),y
0000AFr 1  20 rr rr     	jsr     pusha
0000B2r 1  AD rr rr     	lda     _player_y+1
0000B5r 1  20 rr rr     	jsr     _maze_solid
0000B8r 1  AA           	tax
0000B9r 1  D0 0B        	bne     L0002
0000BBr 1               ;
0000BBr 1               ; player_x = next_x;
0000BBr 1               ;
0000BBr 1               	.dbg	line, "C:\Users\Alex\Chased3D\chased3d.c", 115
0000BBr 1  A0 03        	ldy     #$03
0000BDr 1  20 rr rr     	jsr     ldaxysp
0000C0r 1  8D rr rr     	sta     _player_x
0000C3r 1  8E rr rr     	stx     _player_x+1
0000C6r 1               ;
0000C6r 1               ; if (!maze_solid((unsigned char)(player_x >> 8), (unsigned char)(next_y >> 8)))
0000C6r 1               ;
0000C6r 1               	.dbg	line, "C:\Users\Alex\Chased3D\chased3d.c", 116
0000C6r 1  AD rr rr     L0002:	lda     _player_x+1
0000C9r 1  20 rr rr     	jsr     pusha
0000CCr 1  A0 02        	ldy     #$02
0000CEr 1  B1 rr        	lda     (c_sp),y
0000D0r 1  20 rr rr     	jsr     _maze_solid
0000D3r 1  AA           	tax
0000D4r 1  D0 09        	bne     L0003
0000D6r 1               ;
0000D6r 1               ; player_y = next_y;
0000D6r 1               ;
0000D6r 1               	.dbg	line, "C:\Users\Alex\Chased3D\chased3d.c", 117
0000D6r 1  20 rr rr     	jsr     ldax0sp
0000D9r 1  8D rr rr     	sta     _player_y
0000DCr 1  8E rr rr     	stx     _player_y+1
0000DFr 1               ;
0000DFr 1               ; }
0000DFr 1               ;
0000DFr 1               	.dbg	line, "C:\Users\Alex\Chased3D\chased3d.c", 118
0000DFr 1  4C rr rr     L0003:	jmp     incsp8
0000E2r 1               
0000E2r 1               	.dbg	line
0000E2r 1               .endproc
0000E2r 1               
0000E2r 1               ; ---------------------------------------------------------------
0000E2r 1               ; void __near__ step_forward (signed char direction)
0000E2r 1               ; ---------------------------------------------------------------
0000E2r 1               
0000E2r 1               .segment	"CODE"
0000E2r 1               
0000E2r 1               .proc	_step_forward: near
0000E2r 1               
0000E2r 1               	.dbg	func, "step_forward", "00", static, "_step_forward"
0000E2r 1               	.dbg	sym, "direction", "00", auto, 0
0000E2r 1               	.dbg	sym, "idx", "00", auto, -1
0000E2r 1               	.dbg	sym, "dir_x", "00", auto, -3
0000E2r 1               	.dbg	sym, "dir_y", "00", auto, -5
0000E2r 1               	.dbg	sym, "step", "00", auto, -7
0000E2r 1               	.dbg	sym, "moved_x", "00", auto, -9
0000E2r 1               	.dbg	sym, "moved_y", "00", auto, -11
0000E2r 1               	.dbg	sym, "moved", "00", auto, -13
0000E2r 1               	.dbg	sym, "old_x", "00", auto, -15
0000E2r 1               	.dbg	sym, "old_y", "00", auto, -17
0000E2r 1               
0000E2r 1               .segment	"CODE"
0000E2r 1               
0000E2r 1               ;
0000E2r 1               ; {
0000E2r 1               ;
0000E2r 1               	.dbg	line, "C:\Users\Alex\Chased3D\chased3d.c", 121
0000E2r 1  20 rr rr     	jsr     pusha
0000E5r 1               ;
0000E5r 1               ; step = (int)MOVE_PER_TICK * (int)frame_ticks;
0000E5r 1               ;
0000E5r 1               	.dbg	line, "C:\Users\Alex\Chased3D\chased3d.c", 132
0000E5r 1  A0 11        	ldy     #$11
0000E7r 1  20 rr rr     	jsr     subysp
0000EAr 1  AD rr rr     	lda     _frame_ticks
0000EDr 1  20 rr rr     	jsr     pusha0
0000F0r 1  A9 14        	lda     #$14
0000F2r 1  20 rr rr     	jsr     tosmula0
0000F5r 1  A0 0A        	ldy     #$0A
0000F7r 1  20 rr rr     	jsr     staxysp
0000FAr 1               ;
0000FAr 1               ; idx = (unsigned char)(player_angle >> 8);
0000FAr 1               ;
0000FAr 1               	.dbg	line, "C:\Users\Alex\Chased3D\chased3d.c", 133
0000FAr 1  AD rr rr     	lda     _player_angle+1
0000FDr 1  A0 10        	ldy     #$10
0000FFr 1  91 rr        	sta     (c_sp),y
000101r 1               ;
000101r 1               ; dir_x = sin3d[(unsigned char)(idx + 64)];
000101r 1               ;
000101r 1               	.dbg	line, "C:\Users\Alex\Chased3D\chased3d.c", 134
000101r 1  A2 00        	ldx     #$00
000103r 1  B1 rr        	lda     (c_sp),y
000105r 1  A0 40        	ldy     #$40
000107r 1  20 rr rr     	jsr     incaxy
00010Ar 1  A2 00        	ldx     #$00
00010Cr 1  0A           	asl     a
00010Dr 1  90 02        	bcc     L0018
00010Fr 1  E8           	inx
000110r 1  18           	clc
000111r 1  69 rr        L0018:	adc     #<(_sin3d)
000113r 1  A8           	tay
000114r 1  8A           	txa
000115r 1  69 rr        	adc     #>(_sin3d)
000117r 1  AA           	tax
000118r 1  98           	tya
000119r 1  20 rr rr     	jsr     ldaxi
00011Cr 1  A0 0E        	ldy     #$0E
00011Er 1  20 rr rr     	jsr     staxysp
000121r 1               ;
000121r 1               ; dir_y = sin3d[idx];
000121r 1               ;
000121r 1               	.dbg	line, "C:\Users\Alex\Chased3D\chased3d.c", 135
000121r 1  A0 10        	ldy     #$10
000123r 1  A2 00        	ldx     #$00
000125r 1  B1 rr        	lda     (c_sp),y
000127r 1  0A           	asl     a
000128r 1  90 02        	bcc     L0019
00012Ar 1  E8           	inx
00012Br 1  18           	clc
00012Cr 1  69 rr        L0019:	adc     #<(_sin3d)
00012Er 1  A8           	tay
00012Fr 1  8A           	txa
000130r 1  69 rr        	adc     #>(_sin3d)
000132r 1  AA           	tax
000133r 1  98           	tya
000134r 1  20 rr rr     	jsr     ldaxi
000137r 1  A0 0C        	ldy     #$0C
000139r 1  20 rr rr     	jsr     staxysp
00013Cr 1               ;
00013Cr 1               ; if (direction < 0) {
00013Cr 1               ;
00013Cr 1               	.dbg	line, "C:\Users\Alex\Chased3D\chased3d.c", 136
00013Cr 1  A0 11        	ldy     #$11
00013Er 1  B1 rr        	lda     (c_sp),y
000140r 1  0A           	asl     a
000141r 1  90 1A        	bcc     L0002
000143r 1               ;
000143r 1               ; dir_x = -dir_x;
000143r 1               ;
000143r 1               	.dbg	line, "C:\Users\Alex\Chased3D\chased3d.c", 137
000143r 1  A0 0F        	ldy     #$0F
000145r 1  20 rr rr     	jsr     ldaxysp
000148r 1  20 rr rr     	jsr     negax
00014Br 1  A0 0E        	ldy     #$0E
00014Dr 1  20 rr rr     	jsr     staxysp
000150r 1               ;
000150r 1               ; dir_y = -dir_y;
000150r 1               ;
000150r 1               	.dbg	line, "C:\Users\Alex\Chased3D\chased3d.c", 138
000150r 1  A0 0D        	ldy     #$0D
000152r 1  20 rr rr     	jsr     ldaxysp
000155r 1  20 rr rr     	jsr     negax
000158r 1  A0 0C        	ldy     #$0C
00015Ar 1  20 rr rr     	jsr     staxysp
00015Dr 1               ;
00015Dr 1               ; old_x = player_x;
00015Dr 1               ;
00015Dr 1               	.dbg	line, "C:\Users\Alex\Chased3D\chased3d.c", 140
00015Dr 1  AD rr rr     L0002:	lda     _player_x
000160r 1  AE rr rr     	ldx     _player_x+1
000163r 1  A0 02        	ldy     #$02
000165r 1  20 rr rr     	jsr     staxysp
000168r 1               ;
000168r 1               ; old_y = player_y;
000168r 1               ;
000168r 1               	.dbg	line, "C:\Users\Alex\Chased3D\chased3d.c", 141
000168r 1  AD rr rr     	lda     _player_y
00016Br 1  AE rr rr     	ldx     _player_y+1
00016Er 1  20 rr rr     	jsr     stax0sp
000171r 1               ;
000171r 1               ; try_move((dir_x * step) >> 8, (dir_y * step) >> 8);
000171r 1               ;
000171r 1               	.dbg	line, "C:\Users\Alex\Chased3D\chased3d.c", 142
000171r 1  A0 11        	ldy     #$11
000173r 1  20 rr rr     	jsr     pushwysp
000176r 1  A0 0D        	ldy     #$0D
000178r 1  20 rr rr     	jsr     ldaxysp
00017Br 1  20 rr rr     	jsr     tosmulax
00017Er 1  8A           	txa
00017Fr 1  E0 80        	cpx     #$80
000181r 1  A2 00        	ldx     #$00
000183r 1  90 01        	bcc     L0004
000185r 1  CA           	dex
000186r 1  20 rr rr     L0004:	jsr     pushax
000189r 1  A0 11        	ldy     #$11
00018Br 1  20 rr rr     	jsr     pushwysp
00018Er 1  A0 0F        	ldy     #$0F
000190r 1  20 rr rr     	jsr     ldaxysp
000193r 1  20 rr rr     	jsr     tosmulax
000196r 1  8A           	txa
000197r 1  E0 80        	cpx     #$80
000199r 1  A2 00        	ldx     #$00
00019Br 1  90 01        	bcc     L0005
00019Dr 1  CA           	dex
00019Er 1  20 rr rr     L0005:	jsr     _try_move
0001A1r 1               ;
0001A1r 1               ; moved_x = abs((int)player_x - (int)old_x);
0001A1r 1               ;
0001A1r 1               	.dbg	line, "C:\Users\Alex\Chased3D\chased3d.c", 143
0001A1r 1  AD rr rr     	lda     _player_x
0001A4r 1  38           	sec
0001A5r 1  A0 02        	ldy     #$02
0001A7r 1  F1 rr        	sbc     (c_sp),y
0001A9r 1  48           	pha
0001AAr 1  AD rr rr     	lda     _player_x+1
0001ADr 1  C8           	iny
0001AEr 1  F1 rr        	sbc     (c_sp),y
0001B0r 1  AA           	tax
0001B1r 1  68           	pla
0001B2r 1  20 rr rr     	jsr     _abs
0001B5r 1  A0 08        	ldy     #$08
0001B7r 1  20 rr rr     	jsr     staxysp
0001BAr 1               ;
0001BAr 1               ; moved_y = abs((int)player_y - (int)old_y);
0001BAr 1               ;
0001BAr 1               	.dbg	line, "C:\Users\Alex\Chased3D\chased3d.c", 144
0001BAr 1  AD rr rr     	lda     _player_y
0001BDr 1  38           	sec
0001BEr 1  A0 00        	ldy     #$00
0001C0r 1  F1 rr        	sbc     (c_sp),y
0001C2r 1  48           	pha
0001C3r 1  AD rr rr     	lda     _player_y+1
0001C6r 1  C8           	iny
0001C7r 1  F1 rr        	sbc     (c_sp),y
0001C9r 1  AA           	tax
0001CAr 1  68           	pla
0001CBr 1  20 rr rr     	jsr     _abs
0001CEr 1  A0 06        	ldy     #$06
0001D0r 1  20 rr rr     	jsr     staxysp
0001D3r 1               ;
0001D3r 1               ; moved = moved_x > moved_y
0001D3r 1               ;
0001D3r 1               	.dbg	line, "C:\Users\Alex\Chased3D\chased3d.c", 145
0001D3r 1  A0 0B        	ldy     #$0B
0001D5r 1  20 rr rr     	jsr     pushwysp
0001D8r 1               ;
0001D8r 1               ; ? moved_x + (moved_y >> 1) : moved_y + (moved_x >> 1);
0001D8r 1               ;
0001D8r 1               	.dbg	line, "C:\Users\Alex\Chased3D\chased3d.c", 146
0001D8r 1  A0 09        	ldy     #$09
0001DAr 1  20 rr rr     	jsr     ldaxysp
0001DDr 1  20 rr rr     	jsr     tosicmp
0001E0r 1  30 10        	bmi     L0006
0001E2r 1  F0 0E        	beq     L0006
0001E4r 1  A0 07        	ldy     #$07
0001E6r 1  20 rr rr     	jsr     ldaxysp
0001E9r 1  20 rr rr     	jsr     asrax1
0001ECr 1  18           	clc
0001EDr 1  A0 08        	ldy     #$08
0001EFr 1  4C rr rr     	jmp     L0021
0001F2r 1  A0 09        L0006:	ldy     #$09
0001F4r 1  20 rr rr     	jsr     ldaxysp
0001F7r 1  20 rr rr     	jsr     asrax1
0001FAr 1  18           	clc
0001FBr 1  A0 06        	ldy     #$06
0001FDr 1  71 rr        L0021:	adc     (c_sp),y
0001FFr 1  48           	pha
000200r 1  8A           	txa
000201r 1  C8           	iny
000202r 1  71 rr        	adc     (c_sp),y
000204r 1  AA           	tax
000205r 1  68           	pla
000206r 1  A0 04        	ldy     #$04
000208r 1  20 rr rr     	jsr     staxysp
00020Br 1               ;
00020Br 1               ; floor_motion_units += direction > 0 ? moved : -moved;
00020Br 1               ;
00020Br 1               	.dbg	line, "C:\Users\Alex\Chased3D\chased3d.c", 147
00020Br 1  A0 11        	ldy     #$11
00020Dr 1  B1 rr        	lda     (c_sp),y
00020Fr 1  38           	sec
000210r 1  E9 01        	sbc     #$01
000212r 1  70 02        	bvs     L0009
000214r 1  49 80        	eor     #$80
000216r 1  10 08        L0009:	bpl     L000A
000218r 1  A0 05        	ldy     #$05
00021Ar 1  20 rr rr     	jsr     ldaxysp
00021Dr 1  4C rr rr     	jmp     L000B
000220r 1  A0 05        L000A:	ldy     #$05
000222r 1  20 rr rr     	jsr     ldaxysp
000225r 1  20 rr rr     	jsr     negax
000228r 1  18           L000B:	clc
000229r 1  6D rr rr     	adc     _floor_motion_units
00022Cr 1  8D rr rr     	sta     _floor_motion_units
00022Fr 1  8A           	txa
000230r 1  6D rr rr     	adc     _floor_motion_units+1
000233r 1               ;
000233r 1               ; while (floor_motion_units >= FLOOR_SCROLL_DISTANCE) {
000233r 1               ;
000233r 1               	.dbg	line, "C:\Users\Alex\Chased3D\chased3d.c", 148
000233r 1  4C rr rr     	jmp     L001C
000236r 1               ;
000236r 1               ; view3d_floor_motion(1);
000236r 1               ;
000236r 1               	.dbg	line, "C:\Users\Alex\Chased3D\chased3d.c", 149
000236r 1  A9 01        L001A:	lda     #$01
000238r 1  20 rr rr     	jsr     _view3d_floor_motion
00023Br 1               ;
00023Br 1               ; floor_motion_units -= FLOOR_SCROLL_DISTANCE;
00023Br 1               ;
00023Br 1               	.dbg	line, "C:\Users\Alex\Chased3D\chased3d.c", 150
00023Br 1  AD rr rr     	lda     _floor_motion_units
00023Er 1  38           	sec
00023Fr 1  8D rr rr     	sta     _floor_motion_units
000242r 1  AD rr rr     	lda     _floor_motion_units+1
000245r 1  E9 01        	sbc     #$01
000247r 1  8D rr rr     L001C:	sta     _floor_motion_units+1
00024Ar 1               ;
00024Ar 1               ; while (floor_motion_units >= FLOOR_SCROLL_DISTANCE) {
00024Ar 1               ;
00024Ar 1               	.dbg	line, "C:\Users\Alex\Chased3D\chased3d.c", 148
00024Ar 1  AD rr rr     	lda     _floor_motion_units
00024Dr 1  C9 00        	cmp     #$00
00024Fr 1  AD rr rr     	lda     _floor_motion_units+1
000252r 1  E9 01        	sbc     #$01
000254r 1  70 02        	bvs     L000F
000256r 1  49 80        	eor     #$80
000258r 1  30 DC        L000F:	bmi     L001A
00025Ar 1               ;
00025Ar 1               ; while (floor_motion_units <= -FLOOR_SCROLL_DISTANCE) {
00025Ar 1               ;
00025Ar 1               	.dbg	line, "C:\Users\Alex\Chased3D\chased3d.c", 152
00025Ar 1  4C rr rr     	jmp     L0012
00025Dr 1               ;
00025Dr 1               ; view3d_floor_motion(-1);
00025Dr 1               ;
00025Dr 1               	.dbg	line, "C:\Users\Alex\Chased3D\chased3d.c", 153
00025Dr 1  A9 FF        L0010:	lda     #$FF
00025Fr 1  20 rr rr     	jsr     _view3d_floor_motion
000262r 1               ;
000262r 1               ; floor_motion_units += FLOOR_SCROLL_DISTANCE;
000262r 1               ;
000262r 1               	.dbg	line, "C:\Users\Alex\Chased3D\chased3d.c", 154
000262r 1  18           	clc
000263r 1  A9 01        	lda     #$01
000265r 1  6D rr rr     	adc     _floor_motion_units+1
000268r 1  8D rr rr     	sta     _floor_motion_units+1
00026Br 1               ;
00026Br 1               ; while (floor_motion_units <= -FLOOR_SCROLL_DISTANCE) {
00026Br 1               ;
00026Br 1               	.dbg	line, "C:\Users\Alex\Chased3D\chased3d.c", 152
00026Br 1  AD rr rr     L0012:	lda     _floor_motion_units
00026Er 1  C9 01        	cmp     #$01
000270r 1  AD rr rr     	lda     _floor_motion_units+1
000273r 1  E9 FF        	sbc     #$FF
000275r 1  50 02        	bvc     L0013
000277r 1  49 80        	eor     #$80
000279r 1  30 E2        L0013:	bmi     L0010
00027Br 1               ;
00027Br 1               ; }
00027Br 1               ;
00027Br 1               	.dbg	line, "C:\Users\Alex\Chased3D\chased3d.c", 156
00027Br 1  A0 12        	ldy     #$12
00027Dr 1  4C rr rr     	jmp     addysp
000280r 1               
000280r 1               	.dbg	line
000280r 1               .endproc
000280r 1               
000280r 1               ; ---------------------------------------------------------------
000280r 1               ; void __near__ place_pursuer_at_start (void)
000280r 1               ; ---------------------------------------------------------------
000280r 1               
000280r 1               .segment	"CODE"
000280r 1               
000280r 1               .proc	_place_pursuer_at_start: near
000280r 1               
000280r 1               	.dbg	func, "place_pursuer_at_start", "00", static, "_place_pursuer_at_start"
000280r 1               	.dbg	sym, "col", "00", auto, -1
000280r 1               	.dbg	sym, "row", "00", auto, -2
000280r 1               
000280r 1               .segment	"CODE"
000280r 1               
000280r 1               ;
000280r 1               ; for (row = MAZE_H - 2; row > 0; --row) {
000280r 1               ;
000280r 1               	.dbg	line, "C:\Users\Alex\Chased3D\chased3d.c", 176
000280r 1  20 rr rr     	jsr     decsp2
000283r 1  A9 39        	lda     #$39
000285r 1  A0 00        	ldy     #$00
000287r 1  91 rr        L000C:	sta     (c_sp),y
000289r 1  B1 rr        	lda     (c_sp),y
00028Br 1  F0 68        	beq     L0003
00028Dr 1               ;
00028Dr 1               ; for (col = MAZE_W - 2; col > 0; --col) {
00028Dr 1               ;
00028Dr 1               	.dbg	line, "C:\Users\Alex\Chased3D\chased3d.c", 177
00028Dr 1  A9 12        	lda     #$12
00028Fr 1  C8           	iny
000290r 1  91 rr        L000B:	sta     (c_sp),y
000292r 1  B1 rr        	lda     (c_sp),y
000294r 1  F0 56        	beq     L0004
000296r 1               ;
000296r 1               ; if (maze_map[row][col] != 0) continue;
000296r 1               ;
000296r 1               	.dbg	line, "C:\Users\Alex\Chased3D\chased3d.c", 178
000296r 1  A2 00        	ldx     #$00
000298r 1  A1 rr        	lda     (c_sp,x)
00029Ar 1  20 rr rr     	jsr     pusha0
00029Dr 1  A9 14        	lda     #$14
00029Fr 1  20 rr rr     	jsr     tosmula0
0002A2r 1  18           	clc
0002A3r 1  69 rr        	adc     #<(_maze_map)
0002A5r 1  85 rr        	sta     ptr1
0002A7r 1  8A           	txa
0002A8r 1  69 rr        	adc     #>(_maze_map)
0002AAr 1  85 rr        	sta     ptr1+1
0002ACr 1  A0 01        	ldy     #$01
0002AEr 1  B1 rr        	lda     (c_sp),y
0002B0r 1  A8           	tay
0002B1r 1  B1 rr        	lda     (ptr1),y
0002B3r 1  D0 2D        	bne     L0008
0002B5r 1               ;
0002B5r 1               ; pursuer_x = ((unsigned int)col << 8) | 0x80u;
0002B5r 1               ;
0002B5r 1               	.dbg	line, "C:\Users\Alex\Chased3D\chased3d.c", 179
0002B5r 1  A0 01        	ldy     #$01
0002B7r 1  B1 rr        	lda     (c_sp),y
0002B9r 1  8D rr rr     	sta     _pursuer_x+1
0002BCr 1  A9 80        	lda     #$80
0002BEr 1  8D rr rr     	sta     _pursuer_x
0002C1r 1               ;
0002C1r 1               ; pursuer_y = ((unsigned int)row << 8) | 0x80u;
0002C1r 1               ;
0002C1r 1               	.dbg	line, "C:\Users\Alex\Chased3D\chased3d.c", 180
0002C1r 1  88           	dey
0002C2r 1  B1 rr        	lda     (c_sp),y
0002C4r 1  8D rr rr     	sta     _pursuer_y+1
0002C7r 1  A9 80        	lda     #$80
0002C9r 1  8D rr rr     	sta     _pursuer_y
0002CCr 1               ;
0002CCr 1               ; pursuer_stuck_col = col;
0002CCr 1               ;
0002CCr 1               	.dbg	line, "C:\Users\Alex\Chased3D\chased3d.c", 181
0002CCr 1  C8           	iny
0002CDr 1  B1 rr        	lda     (c_sp),y
0002CFr 1  8D rr rr     	sta     _pursuer_stuck_col
0002D2r 1               ;
0002D2r 1               ; pursuer_stuck_row = row;
0002D2r 1               ;
0002D2r 1               	.dbg	line, "C:\Users\Alex\Chased3D\chased3d.c", 182
0002D2r 1  88           	dey
0002D3r 1  B1 rr        	lda     (c_sp),y
0002D5r 1  8D rr rr     	sta     _pursuer_stuck_row
0002D8r 1               ;
0002D8r 1               ; pursuer_stuck_ticks = 0;
0002D8r 1               ;
0002D8r 1               	.dbg	line, "C:\Users\Alex\Chased3D\chased3d.c", 183
0002D8r 1  98           	tya
0002D9r 1  8D rr rr     	sta     _pursuer_stuck_ticks
0002DCr 1  8D rr rr     	sta     _pursuer_stuck_ticks+1
0002DFr 1               ;
0002DFr 1               ; return;
0002DFr 1               ;
0002DFr 1               	.dbg	line, "C:\Users\Alex\Chased3D\chased3d.c", 184
0002DFr 1  4C rr rr     	jmp     incsp2
0002E2r 1               ;
0002E2r 1               ; for (col = MAZE_W - 2; col > 0; --col) {
0002E2r 1               ;
0002E2r 1               	.dbg	line, "C:\Users\Alex\Chased3D\chased3d.c", 177
0002E2r 1  A0 01        L0008:	ldy     #$01
0002E4r 1  B1 rr        	lda     (c_sp),y
0002E6r 1  38           	sec
0002E7r 1  E9 01        	sbc     #$01
0002E9r 1  4C rr rr     	jmp     L000B
0002ECr 1               ;
0002ECr 1               ; for (row = MAZE_H - 2; row > 0; --row) {
0002ECr 1               ;
0002ECr 1               	.dbg	line, "C:\Users\Alex\Chased3D\chased3d.c", 176
0002ECr 1  88           L0004:	dey
0002EDr 1  B1 rr        	lda     (c_sp),y
0002EFr 1  38           	sec
0002F0r 1  E9 01        	sbc     #$01
0002F2r 1  4C rr rr     	jmp     L000C
0002F5r 1               ;
0002F5r 1               ; }
0002F5r 1               ;
0002F5r 1               	.dbg	line, "C:\Users\Alex\Chased3D\chased3d.c", 187
0002F5r 1  4C rr rr     L0003:	jmp     incsp2
0002F8r 1               
0002F8r 1               	.dbg	line
0002F8r 1               .endproc
0002F8r 1               
0002F8r 1               ; ---------------------------------------------------------------
0002F8r 1               ; void __near__ respawn_pursuer (void)
0002F8r 1               ; ---------------------------------------------------------------
0002F8r 1               
0002F8r 1               .segment	"CODE"
0002F8r 1               
0002F8r 1               .proc	_respawn_pursuer: near
0002F8r 1               
0002F8r 1               	.dbg	func, "respawn_pursuer", "00", static, "_respawn_pursuer"
0002F8r 1               	.dbg	sym, "col", "00", auto, -1
0002F8r 1               	.dbg	sym, "row", "00", auto, -2
0002F8r 1               	.dbg	sym, "chosen_col", "00", auto, -3
0002F8r 1               	.dbg	sym, "chosen_row", "00", auto, -4
0002F8r 1               	.dbg	sym, "player_col", "00", auto, -5
0002F8r 1               	.dbg	sym, "player_row", "00", auto, -6
0002F8r 1               	.dbg	sym, "current_col", "00", auto, -7
0002F8r 1               	.dbg	sym, "current_row", "00", auto, -8
0002F8r 1               	.dbg	sym, "choices", "00", auto, -10
0002F8r 1               
0002F8r 1               .segment	"CODE"
0002F8r 1               
0002F8r 1               ;
0002F8r 1               ; player_col = (unsigned char)(player_x >> 8);
0002F8r 1               ;
0002F8r 1               	.dbg	line, "C:\Users\Alex\Chased3D\chased3d.c", 201
0002F8r 1  A0 0A        	ldy     #$0A
0002FAr 1  20 rr rr     	jsr     subysp
0002FDr 1  AD rr rr     	lda     _player_x+1
000300r 1  A0 05        	ldy     #$05
000302r 1  91 rr        	sta     (c_sp),y
000304r 1               ;
000304r 1               ; player_row = (unsigned char)(player_y >> 8);
000304r 1               ;
000304r 1               	.dbg	line, "C:\Users\Alex\Chased3D\chased3d.c", 202
000304r 1  AD rr rr     	lda     _player_y+1
000307r 1  88           	dey
000308r 1  91 rr        	sta     (c_sp),y
00030Ar 1               ;
00030Ar 1               ; current_col = (unsigned char)(pursuer_x >> 8);
00030Ar 1               ;
00030Ar 1               	.dbg	line, "C:\Users\Alex\Chased3D\chased3d.c", 203
00030Ar 1  AD rr rr     	lda     _pursuer_x+1
00030Dr 1  88           	dey
00030Er 1  91 rr        	sta     (c_sp),y
000310r 1               ;
000310r 1               ; current_row = (unsigned char)(pursuer_y >> 8);
000310r 1               ;
000310r 1               	.dbg	line, "C:\Users\Alex\Chased3D\chased3d.c", 204
000310r 1  AD rr rr     	lda     _pursuer_y+1
000313r 1  88           	dey
000314r 1  91 rr        	sta     (c_sp),y
000316r 1               ;
000316r 1               ; choices = 0;
000316r 1               ;
000316r 1               	.dbg	line, "C:\Users\Alex\Chased3D\chased3d.c", 205
000316r 1  A2 00        	ldx     #$00
000318r 1  8A           	txa
000319r 1  20 rr rr     	jsr     stax0sp
00031Cr 1               ;
00031Cr 1               ; for (row = 0; row < MAZE_H; ++row) {
00031Cr 1               ;
00031Cr 1               	.dbg	line, "C:\Users\Alex\Chased3D\chased3d.c", 206
00031Cr 1  A0 08        	ldy     #$08
00031Er 1  91 rr        L001C:	sta     (c_sp),y
000320r 1  C9 3B        	cmp     #$3B
000322r 1  90 03 4C rr  	jcs     L0003
000326r 1  rr           
000327r 1               ;
000327r 1               ; for (col = 0; col < MAZE_W; ++col) {
000327r 1               ;
000327r 1               	.dbg	line, "C:\Users\Alex\Chased3D\chased3d.c", 207
000327r 1  A9 00        	lda     #$00
000329r 1  C8           	iny
00032Ar 1  91 rr        L001B:	sta     (c_sp),y
00032Cr 1  C9 14        	cmp     #$14
00032Er 1  90 03 4C rr  	jcs     L0004
000332r 1  rr           
000333r 1               ;
000333r 1               ; if (maze_solid(col, row)) continue;
000333r 1               ;
000333r 1               	.dbg	line, "C:\Users\Alex\Chased3D\chased3d.c", 208
000333r 1  B1 rr        	lda     (c_sp),y
000335r 1  20 rr rr     	jsr     pusha
000338r 1  A0 09        	ldy     #$09
00033Ar 1  B1 rr        	lda     (c_sp),y
00033Cr 1  20 rr rr     	jsr     _maze_solid
00033Fr 1  AA           	tax
000340r 1  D0 68        	bne     L0008
000342r 1               ;
000342r 1               ; if (col == player_col && row == player_row) continue;
000342r 1               ;
000342r 1               	.dbg	line, "C:\Users\Alex\Chased3D\chased3d.c", 209
000342r 1  A0 09        	ldy     #$09
000344r 1  B1 rr        	lda     (c_sp),y
000346r 1  A0 05        	ldy     #$05
000348r 1  D1 rr        	cmp     (c_sp),y
00034Ar 1  D0 0A        	bne     L000B
00034Cr 1  A0 08        	ldy     #$08
00034Er 1  B1 rr        	lda     (c_sp),y
000350r 1  A0 04        	ldy     #$04
000352r 1  D1 rr        	cmp     (c_sp),y
000354r 1  F0 54        	beq     L0008
000356r 1               ;
000356r 1               ; if (col == current_col && row == current_row) continue;
000356r 1               ;
000356r 1               	.dbg	line, "C:\Users\Alex\Chased3D\chased3d.c", 210
000356r 1  A0 09        L000B:	ldy     #$09
000358r 1  B1 rr        	lda     (c_sp),y
00035Ar 1  A0 03        	ldy     #$03
00035Cr 1  D1 rr        	cmp     (c_sp),y
00035Er 1  D0 0A        	bne     L000F
000360r 1  A0 08        	ldy     #$08
000362r 1  B1 rr        	lda     (c_sp),y
000364r 1  A0 02        	ldy     #$02
000366r 1  D1 rr        	cmp     (c_sp),y
000368r 1  F0 40        	beq     L0008
00036Ar 1               ;
00036Ar 1               ; && col == (unsigned char)(decoy_x >> 8)
00036Ar 1               ;
00036Ar 1               	.dbg	line, "C:\Users\Alex\Chased3D\chased3d.c", 212
00036Ar 1  AD rr rr     L000F:	lda     _decoy_active
00036Dr 1  F0 11        	beq     L0013
00036Fr 1  AD rr rr     	lda     _decoy_x+1
000372r 1               ;
000372r 1               ; && row == (unsigned char)(decoy_y >> 8)) continue;
000372r 1               ;
000372r 1               	.dbg	line, "C:\Users\Alex\Chased3D\chased3d.c", 213
000372r 1  A0 09        	ldy     #$09
000374r 1  D1 rr        	cmp     (c_sp),y
000376r 1  D0 08        	bne     L0013
000378r 1  AD rr rr     	lda     _decoy_y+1
00037Br 1  88           	dey
00037Cr 1  D1 rr        	cmp     (c_sp),y
00037Er 1  F0 2A        	beq     L0008
000380r 1               ;
000380r 1               ; ++choices;
000380r 1               ;
000380r 1               	.dbg	line, "C:\Users\Alex\Chased3D\chased3d.c", 214
000380r 1  A9 01        L0013:	lda     #$01
000382r 1  20 rr rr     	jsr     addeq0sp
000385r 1               ;
000385r 1               ; if ((unsigned int)rand() % choices != 0) continue;
000385r 1               ;
000385r 1               	.dbg	line, "C:\Users\Alex\Chased3D\chased3d.c", 215
000385r 1  20 rr rr     	jsr     _rand
000388r 1  20 rr rr     	jsr     pushax
00038Br 1  A0 03        	ldy     #$03
00038Dr 1  20 rr rr     	jsr     ldaxysp
000390r 1  20 rr rr     	jsr     tosumodax
000393r 1  E0 00        	cpx     #$00
000395r 1  D0 13        	bne     L0008
000397r 1  C9 00        	cmp     #$00
000399r 1  D0 0F        	bne     L0008
00039Br 1               ;
00039Br 1               ; chosen_col = col;
00039Br 1               ;
00039Br 1               	.dbg	line, "C:\Users\Alex\Chased3D\chased3d.c", 216
00039Br 1  A0 09        	ldy     #$09
00039Dr 1  B1 rr        	lda     (c_sp),y
00039Fr 1  A0 07        	ldy     #$07
0003A1r 1  91 rr        	sta     (c_sp),y
0003A3r 1               ;
0003A3r 1               ; chosen_row = row;
0003A3r 1               ;
0003A3r 1               	.dbg	line, "C:\Users\Alex\Chased3D\chased3d.c", 217
0003A3r 1  C8           	iny
0003A4r 1  B1 rr        	lda     (c_sp),y
0003A6r 1  A0 06        	ldy     #$06
0003A8r 1  91 rr        	sta     (c_sp),y
0003AAr 1               ;
0003AAr 1               ; for (col = 0; col < MAZE_W; ++col) {
0003AAr 1               ;
0003AAr 1               	.dbg	line, "C:\Users\Alex\Chased3D\chased3d.c", 207
0003AAr 1  A0 09        L0008:	ldy     #$09
0003ACr 1  18           	clc
0003ADr 1  A9 01        	lda     #$01
0003AFr 1  71 rr        	adc     (c_sp),y
0003B1r 1  4C rr rr     	jmp     L001B
0003B4r 1               ;
0003B4r 1               ; for (row = 0; row < MAZE_H; ++row) {
0003B4r 1               ;
0003B4r 1               	.dbg	line, "C:\Users\Alex\Chased3D\chased3d.c", 206
0003B4r 1  88           L0004:	dey
0003B5r 1  18           	clc
0003B6r 1  A9 01        	lda     #$01
0003B8r 1  71 rr        	adc     (c_sp),y
0003BAr 1  4C rr rr     	jmp     L001C
0003BDr 1               ;
0003BDr 1               ; if (choices == 0) return;
0003BDr 1               ;
0003BDr 1               	.dbg	line, "C:\Users\Alex\Chased3D\chased3d.c", 220
0003BDr 1  A0 00        L0003:	ldy     #$00
0003BFr 1  B1 rr        	lda     (c_sp),y
0003C1r 1  C8           	iny
0003C2r 1  11 rr        	ora     (c_sp),y
0003C4r 1  F0 3F        	beq     L0001
0003C6r 1               ;
0003C6r 1               ; pursuer_x = ((unsigned int)chosen_col << 8) | 0x80u;
0003C6r 1               ;
0003C6r 1               	.dbg	line, "C:\Users\Alex\Chased3D\chased3d.c", 222
0003C6r 1  A0 07        	ldy     #$07
0003C8r 1  B1 rr        	lda     (c_sp),y
0003CAr 1  8D rr rr     	sta     _pursuer_x+1
0003CDr 1  A9 80        	lda     #$80
0003CFr 1  8D rr rr     	sta     _pursuer_x
0003D2r 1               ;
0003D2r 1               ; pursuer_y = ((unsigned int)chosen_row << 8) | 0x80u;
0003D2r 1               ;
0003D2r 1               	.dbg	line, "C:\Users\Alex\Chased3D\chased3d.c", 223
0003D2r 1  88           	dey
0003D3r 1  B1 rr        	lda     (c_sp),y
0003D5r 1  8D rr rr     	sta     _pursuer_y+1
0003D8r 1  A9 80        	lda     #$80
0003DAr 1  8D rr rr     	sta     _pursuer_y
0003DDr 1               ;
0003DDr 1               ; pursuer_dir_x = 0;
0003DDr 1               ;
0003DDr 1               	.dbg	line, "C:\Users\Alex\Chased3D\chased3d.c", 224
0003DDr 1  A9 00        	lda     #$00
0003DFr 1  8D rr rr     	sta     _pursuer_dir_x
0003E2r 1               ;
0003E2r 1               ; pursuer_dir_y = 0;
0003E2r 1               ;
0003E2r 1               	.dbg	line, "C:\Users\Alex\Chased3D\chased3d.c", 225
0003E2r 1  8D rr rr     	sta     _pursuer_dir_y
0003E5r 1               ;
0003E5r 1               ; pursuer_retarget_timer = RETARGET_STALE_TICKS + 1;
0003E5r 1               ;
0003E5r 1               	.dbg	line, "C:\Users\Alex\Chased3D\chased3d.c", 226
0003E5r 1  A9 33        	lda     #$33
0003E7r 1  8D rr rr     	sta     _pursuer_retarget_timer
0003EAr 1               ;
0003EAr 1               ; pursuer_stuck_col = chosen_col;
0003EAr 1               ;
0003EAr 1               	.dbg	line, "C:\Users\Alex\Chased3D\chased3d.c", 227
0003EAr 1  C8           	iny
0003EBr 1  B1 rr        	lda     (c_sp),y
0003EDr 1  8D rr rr     	sta     _pursuer_stuck_col
0003F0r 1               ;
0003F0r 1               ; pursuer_stuck_row = chosen_row;
0003F0r 1               ;
0003F0r 1               	.dbg	line, "C:\Users\Alex\Chased3D\chased3d.c", 228
0003F0r 1  88           	dey
0003F1r 1  B1 rr        	lda     (c_sp),y
0003F3r 1  8D rr rr     	sta     _pursuer_stuck_row
0003F6r 1               ;
0003F6r 1               ; pursuer_stuck_ticks = 0;
0003F6r 1               ;
0003F6r 1               	.dbg	line, "C:\Users\Alex\Chased3D\chased3d.c", 229
0003F6r 1  A9 00        	lda     #$00
0003F8r 1  8D rr rr     	sta     _pursuer_stuck_ticks
0003FBr 1  8D rr rr     	sta     _pursuer_stuck_ticks+1
0003FEr 1               ;
0003FEr 1               ; melody_play(PURSUER_RESPAWN_MELODY);
0003FEr 1               ;
0003FEr 1               	.dbg	line, "C:\Users\Alex\Chased3D\chased3d.c", 230
0003FEr 1  A9 rr        	lda     #<(S0002)
000400r 1  A2 rr        	ldx     #>(S0002)
000402r 1  20 rr rr     	jsr     _melody_play
000405r 1               ;
000405r 1               ; }
000405r 1               ;
000405r 1               	.dbg	line, "C:\Users\Alex\Chased3D\chased3d.c", 231
000405r 1  A0 0A        L0001:	ldy     #$0A
000407r 1  4C rr rr     	jmp     addysp
00040Ar 1               
00040Ar 1               	.dbg	line
00040Ar 1               .endproc
00040Ar 1               
00040Ar 1               ; ---------------------------------------------------------------
00040Ar 1               ; unsigned char __near__ pursuer_caught_player (void)
00040Ar 1               ; ---------------------------------------------------------------
00040Ar 1               
00040Ar 1               .segment	"CODE"
00040Ar 1               
00040Ar 1               .proc	_pursuer_caught_player: near
00040Ar 1               
00040Ar 1               	.dbg	func, "pursuer_caught_player", "00", static, "_pursuer_caught_player"
00040Ar 1               
00040Ar 1               .segment	"CODE"
00040Ar 1               
00040Ar 1               ;
00040Ar 1               ; return (player_x >> 8) == (pursuer_x >> 8)
00040Ar 1               ;
00040Ar 1               	.dbg	line, "C:\Users\Alex\Chased3D\chased3d.c", 329
00040Ar 1  A2 00        	ldx     #$00
00040Cr 1  AD rr rr     	lda     _player_x+1
00040Fr 1               ;
00040Fr 1               ; && (player_y >> 8) == (pursuer_y >> 8);
00040Fr 1               ;
00040Fr 1               	.dbg	line, "C:\Users\Alex\Chased3D\chased3d.c", 330
00040Fr 1  CD rr rr     	cmp     _pursuer_x+1
000412r 1  D0 08        	bne     L0005
000414r 1  AD rr rr     	lda     _player_y+1
000417r 1  CD rr rr     	cmp     _pursuer_y+1
00041Ar 1  F0 02        	beq     L0006
00041Cr 1  8A           L0005:	txa
00041Dr 1  60           	rts
00041Er 1  A9 01        L0006:	lda     #$01
000420r 1               ;
000420r 1               ; }
000420r 1               ;
000420r 1               	.dbg	line, "C:\Users\Alex\Chased3D\chased3d.c", 331
000420r 1  60           	rts
000421r 1               
000421r 1               	.dbg	line
000421r 1               .endproc
000421r 1               
000421r 1               ; ---------------------------------------------------------------
000421r 1               ; void __near__ deploy_decoy (void)
000421r 1               ; ---------------------------------------------------------------
000421r 1               
000421r 1               .segment	"CODE"
000421r 1               
000421r 1               .proc	_deploy_decoy: near
000421r 1               
000421r 1               	.dbg	func, "deploy_decoy", "00", static, "_deploy_decoy"
000421r 1               
000421r 1               .segment	"CODE"
000421r 1               
000421r 1               ;
000421r 1               ; if (!decoy_available) return;
000421r 1               ;
000421r 1               	.dbg	line, "C:\Users\Alex\Chased3D\chased3d.c", 335
000421r 1  AD rr rr     	lda     _decoy_available
000424r 1  F0 3A        	beq     L0001
000426r 1               ;
000426r 1               ; decoy_x = player_x;
000426r 1               ;
000426r 1               	.dbg	line, "C:\Users\Alex\Chased3D\chased3d.c", 336
000426r 1  AD rr rr     	lda     _player_x+1
000429r 1  8D rr rr     	sta     _decoy_x+1
00042Cr 1  AD rr rr     	lda     _player_x
00042Fr 1  8D rr rr     	sta     _decoy_x
000432r 1               ;
000432r 1               ; decoy_y = player_y;
000432r 1               ;
000432r 1               	.dbg	line, "C:\Users\Alex\Chased3D\chased3d.c", 337
000432r 1  AD rr rr     	lda     _player_y+1
000435r 1  8D rr rr     	sta     _decoy_y+1
000438r 1  AD rr rr     	lda     _player_y
00043Br 1  8D rr rr     	sta     _decoy_y
00043Er 1               ;
00043Er 1               ; decoy_active = 1;
00043Er 1               ;
00043Er 1               	.dbg	line, "C:\Users\Alex\Chased3D\chased3d.c", 338
00043Er 1  A9 01        	lda     #$01
000440r 1  8D rr rr     	sta     _decoy_active
000443r 1               ;
000443r 1               ; decoy_available = 0;
000443r 1               ;
000443r 1               	.dbg	line, "C:\Users\Alex\Chased3D\chased3d.c", 339
000443r 1  A9 00        	lda     #$00
000445r 1  8D rr rr     	sta     _decoy_available
000448r 1               ;
000448r 1               ; decoy_capture_ticks = 0;
000448r 1               ;
000448r 1               	.dbg	line, "C:\Users\Alex\Chased3D\chased3d.c", 340
000448r 1  8D rr rr     	sta     _decoy_capture_ticks
00044Br 1               ;
00044Br 1               ; decoy_recharge_ticks = 0;
00044Br 1               ;
00044Br 1               	.dbg	line, "C:\Users\Alex\Chased3D\chased3d.c", 341
00044Br 1  8D rr rr     	sta     _decoy_recharge_ticks
00044Er 1               ;
00044Er 1               ; decoy_active_ticks = 0;
00044Er 1               ;
00044Er 1               	.dbg	line, "C:\Users\Alex\Chased3D\chased3d.c", 342
00044Er 1  8D rr rr     	sta     _decoy_active_ticks
000451r 1  8D rr rr     	sta     _decoy_active_ticks+1
000454r 1               ;
000454r 1               ; pursuer_retarget_timer = RETARGET_STALE_TICKS + 1;
000454r 1               ;
000454r 1               	.dbg	line, "C:\Users\Alex\Chased3D\chased3d.c", 343
000454r 1  A9 33        	lda     #$33
000456r 1  8D rr rr     	sta     _pursuer_retarget_timer
000459r 1               ;
000459r 1               ; melody_play(DECOY_DEPLOY_MELODY);
000459r 1               ;
000459r 1               	.dbg	line, "C:\Users\Alex\Chased3D\chased3d.c", 344
000459r 1  A9 rr        	lda     #<(S0004)
00045Br 1  A2 rr        	ldx     #>(S0004)
00045Dr 1  4C rr rr     	jmp     _melody_play
000460r 1               ;
000460r 1               ; }
000460r 1               ;
000460r 1               	.dbg	line, "C:\Users\Alex\Chased3D\chased3d.c", 345
000460r 1  60           L0001:	rts
000461r 1               
000461r 1               	.dbg	line
000461r 1               .endproc
000461r 1               
000461r 1               ; ---------------------------------------------------------------
000461r 1               ; void __near__ update_decoy_recharge (void)
000461r 1               ; ---------------------------------------------------------------
000461r 1               
000461r 1               .segment	"CODE"
000461r 1               
000461r 1               .proc	_update_decoy_recharge: near
000461r 1               
000461r 1               	.dbg	func, "update_decoy_recharge", "00", static, "_update_decoy_recharge"
000461r 1               	.dbg	sym, "next", "00", auto, -2
000461r 1               
000461r 1               .segment	"CODE"
000461r 1               
000461r 1               ;
000461r 1               ; if (decoy_active) {
000461r 1               ;
000461r 1               	.dbg	line, "C:\Users\Alex\Chased3D\chased3d.c", 351
000461r 1  20 rr rr     	jsr     decsp2
000464r 1  AD rr rr     	lda     _decoy_active
000467r 1  F0 33        	beq     L0004
000469r 1               ;
000469r 1               ; next = decoy_active_ticks + frame_ticks;
000469r 1               ;
000469r 1               	.dbg	line, "C:\Users\Alex\Chased3D\chased3d.c", 352
000469r 1  AD rr rr     	lda     _decoy_active_ticks
00046Cr 1  AE rr rr     	ldx     _decoy_active_ticks+1
00046Fr 1  18           	clc
000470r 1  6D rr rr     	adc     _frame_ticks
000473r 1  90 01        	bcc     L0010
000475r 1  E8           	inx
000476r 1  20 rr rr     L0010:	jsr     stax0sp
000479r 1               ;
000479r 1               ; if (next >= DECOY_ACTIVE_TICKS) {
000479r 1               ;
000479r 1               	.dbg	line, "C:\Users\Alex\Chased3D\chased3d.c", 353
000479r 1  C9 F4        	cmp     #$F4
00047Br 1  8A           	txa
00047Cr 1  E9 01        	sbc     #$01
00047Er 1  90 13        	bcc     L0003
000480r 1               ;
000480r 1               ; decoy_active = 0;
000480r 1               ;
000480r 1               	.dbg	line, "C:\Users\Alex\Chased3D\chased3d.c", 354
000480r 1  A9 00        	lda     #$00
000482r 1  8D rr rr     	sta     _decoy_active
000485r 1               ;
000485r 1               ; decoy_capture_ticks = 0;
000485r 1               ;
000485r 1               	.dbg	line, "C:\Users\Alex\Chased3D\chased3d.c", 355
000485r 1  8D rr rr     	sta     _decoy_capture_ticks
000488r 1               ;
000488r 1               ; decoy_recharge_ticks = 0;
000488r 1               ;
000488r 1               	.dbg	line, "C:\Users\Alex\Chased3D\chased3d.c", 356
000488r 1  8D rr rr     	sta     _decoy_recharge_ticks
00048Br 1               ;
00048Br 1               ; pursuer_retarget_timer = RETARGET_STALE_TICKS + 1;
00048Br 1               ;
00048Br 1               	.dbg	line, "C:\Users\Alex\Chased3D\chased3d.c", 357
00048Br 1  A9 33        	lda     #$33
00048Dr 1  8D rr rr     	sta     _pursuer_retarget_timer
000490r 1               ;
000490r 1               ; } else {
000490r 1               ;
000490r 1               	.dbg	line, "C:\Users\Alex\Chased3D\chased3d.c", 358
000490r 1  4C rr rr     	jmp     L0004
000493r 1               ;
000493r 1               ; decoy_active_ticks = next;
000493r 1               ;
000493r 1               	.dbg	line, "C:\Users\Alex\Chased3D\chased3d.c", 359
000493r 1  20 rr rr     L0003:	jsr     ldax0sp
000496r 1  8D rr rr     	sta     _decoy_active_ticks
000499r 1  8E rr rr     	stx     _decoy_active_ticks+1
00049Cr 1               ;
00049Cr 1               ; if (!decoy_active && decoy_recharge_ticks < DECOY_RECHARGE_TICKS) {
00049Cr 1               ;
00049Cr 1               	.dbg	line, "C:\Users\Alex\Chased3D\chased3d.c", 362
00049Cr 1  AD rr rr     L0004:	lda     _decoy_active
00049Fr 1  D0 34        	bne     L000B
0004A1r 1  AD rr rr     	lda     _decoy_recharge_ticks
0004A4r 1  C9 C8        	cmp     #$C8
0004A6r 1  B0 2D        	bcs     L000B
0004A8r 1               ;
0004A8r 1               ; next = (unsigned int)decoy_recharge_ticks + frame_ticks;
0004A8r 1               ;
0004A8r 1               	.dbg	line, "C:\Users\Alex\Chased3D\chased3d.c", 363
0004A8r 1  A2 00        	ldx     #$00
0004AAr 1  AD rr rr     	lda     _decoy_recharge_ticks
0004ADr 1  18           	clc
0004AEr 1  6D rr rr     	adc     _frame_ticks
0004B1r 1  90 01        	bcc     L0011
0004B3r 1  E8           	inx
0004B4r 1  20 rr rr     L0011:	jsr     stax0sp
0004B7r 1               ;
0004B7r 1               ; ? DECOY_RECHARGE_TICKS : (unsigned char)next;
0004B7r 1               ;
0004B7r 1               	.dbg	line, "C:\Users\Alex\Chased3D\chased3d.c", 365
0004B7r 1  C9 C8        	cmp     #$C8
0004B9r 1  8A           	txa
0004BAr 1  E9 00        	sbc     #$00
0004BCr 1  90 05        	bcc     L0009
0004BEr 1  A9 C8        	lda     #$C8
0004C0r 1  4C rr rr     	jmp     L0013
0004C3r 1  A0 00        L0009:	ldy     #$00
0004C5r 1  B1 rr        	lda     (c_sp),y
0004C7r 1  8D rr rr     L0013:	sta     _decoy_recharge_ticks
0004CAr 1               ;
0004CAr 1               ; if (decoy_recharge_ticks >= DECOY_RECHARGE_TICKS)
0004CAr 1               ;
0004CAr 1               	.dbg	line, "C:\Users\Alex\Chased3D\chased3d.c", 366
0004CAr 1  C9 C8        	cmp     #$C8
0004CCr 1  90 07        	bcc     L000B
0004CEr 1               ;
0004CEr 1               ; melody_play(DECOY_READY_MELODY);
0004CEr 1               ;
0004CEr 1               	.dbg	line, "C:\Users\Alex\Chased3D\chased3d.c", 367
0004CEr 1  A9 rr        	lda     #<(S0005)
0004D0r 1  A2 rr        	ldx     #>(S0005)
0004D2r 1  20 rr rr     	jsr     _melody_play
0004D5r 1               ;
0004D5r 1               ; if (!decoy_active && decoy_recharge_ticks >= DECOY_RECHARGE_TICKS)
0004D5r 1               ;
0004D5r 1               	.dbg	line, "C:\Users\Alex\Chased3D\chased3d.c", 369
0004D5r 1  AD rr rr     L000B:	lda     _decoy_active
0004D8r 1  D0 0C        	bne     L0015
0004DAr 1  AD rr rr     	lda     _decoy_recharge_ticks
0004DDr 1  C9 C8        	cmp     #$C8
0004DFr 1  90 05        	bcc     L0015
0004E1r 1               ;
0004E1r 1               ; decoy_available = 1;
0004E1r 1               ;
0004E1r 1               	.dbg	line, "C:\Users\Alex\Chased3D\chased3d.c", 370
0004E1r 1  A9 01        	lda     #$01
0004E3r 1  8D rr rr     	sta     _decoy_available
0004E6r 1               ;
0004E6r 1               ; hud_set_decoy(decoy_recharge_ticks, DECOY_RECHARGE_TICKS);
0004E6r 1               ;
0004E6r 1               	.dbg	line, "C:\Users\Alex\Chased3D\chased3d.c", 371
0004E6r 1  AD rr rr     L0015:	lda     _decoy_recharge_ticks
0004E9r 1  20 rr rr     	jsr     pusha
0004ECr 1  A9 C8        	lda     #$C8
0004EEr 1  20 rr rr     	jsr     _hud_set_decoy
0004F1r 1               ;
0004F1r 1               ; }
0004F1r 1               ;
0004F1r 1               	.dbg	line, "C:\Users\Alex\Chased3D\chased3d.c", 372
0004F1r 1  4C rr rr     	jmp     incsp2
0004F4r 1               
0004F4r 1               	.dbg	line
0004F4r 1               .endproc
0004F4r 1               
0004F4r 1               ; ---------------------------------------------------------------
0004F4r 1               ; void __near__ update_laser (void)
0004F4r 1               ; ---------------------------------------------------------------
0004F4r 1               
0004F4r 1               .segment	"CODE"
0004F4r 1               
0004F4r 1               .proc	_update_laser: near
0004F4r 1               
0004F4r 1               	.dbg	func, "update_laser", "00", static, "_update_laser"
0004F4r 1               
0004F4r 1               .segment	"CODE"
0004F4r 1               
0004F4r 1               ;
0004F4r 1               ; laser_elapsed_ticks += frame_ticks;
0004F4r 1               ;
0004F4r 1               	.dbg	line, "C:\Users\Alex\Chased3D\chased3d.c", 376
0004F4r 1  AD rr rr     	lda     _frame_ticks
0004F7r 1  18           	clc
0004F8r 1  6D rr rr     	adc     _laser_elapsed_ticks
0004FBr 1  8D rr rr     	sta     _laser_elapsed_ticks
0004FEr 1  A9 00        	lda     #$00
000500r 1  6D rr rr     	adc     _laser_elapsed_ticks+1
000503r 1  8D rr rr     	sta     _laser_elapsed_ticks+1
000506r 1               ;
000506r 1               ; if (laser_elapsed_ticks < laser_period_ticks) return;
000506r 1               ;
000506r 1               	.dbg	line, "C:\Users\Alex\Chased3D\chased3d.c", 377
000506r 1  AD rr rr     	lda     _laser_elapsed_ticks
000509r 1  CD rr rr     	cmp     _laser_period_ticks
00050Cr 1  AD rr rr     	lda     _laser_elapsed_ticks+1
00050Fr 1  ED rr rr     	sbc     _laser_period_ticks+1
000512r 1  90 1D        	bcc     L0001
000514r 1               ;
000514r 1               ; laser_elapsed_ticks = 0;
000514r 1               ;
000514r 1               	.dbg	line, "C:\Users\Alex\Chased3D\chased3d.c", 378
000514r 1  A9 00        	lda     #$00
000516r 1  8D rr rr     	sta     _laser_elapsed_ticks
000519r 1  8D rr rr     	sta     _laser_elapsed_ticks+1
00051Cr 1               ;
00051Cr 1               ; sprite3d_build_laser(player_x, player_y);
00051Cr 1               ;
00051Cr 1               	.dbg	line, "C:\Users\Alex\Chased3D\chased3d.c", 379
00051Cr 1  AD rr rr     	lda     _player_x
00051Fr 1  AE rr rr     	ldx     _player_x+1
000522r 1  20 rr rr     	jsr     pushax
000525r 1  AD rr rr     	lda     _player_y
000528r 1  AE rr rr     	ldx     _player_y+1
00052Br 1  20 rr rr     	jsr     _sprite3d_build_laser
00052Er 1               ;
00052Er 1               ; melody_laser_buzz();
00052Er 1               ;
00052Er 1               	.dbg	line, "C:\Users\Alex\Chased3D\chased3d.c", 380
00052Er 1  4C rr rr     	jmp     _melody_laser_buzz
000531r 1               ;
000531r 1               ; }
000531r 1               ;
000531r 1               	.dbg	line, "C:\Users\Alex\Chased3D\chased3d.c", 381
000531r 1  60           L0001:	rts
000532r 1               
000532r 1               	.dbg	line
000532r 1               .endproc
000532r 1               
000532r 1               ; ---------------------------------------------------------------
000532r 1               ; void __near__ start_life (void)
000532r 1               ; ---------------------------------------------------------------
000532r 1               
000532r 1               .segment	"CODE"
000532r 1               
000532r 1               .proc	_start_life: near
000532r 1               
000532r 1               	.dbg	func, "start_life", "00", static, "_start_life"
000532r 1               
000532r 1               .segment	"CODE"
000532r 1               
000532r 1               ;
000532r 1               ; if (threat_color_active) COLOR4 = threat_old_color;
000532r 1               ;
000532r 1               	.dbg	line, "C:\Users\Alex\Chased3D\chased3d.c", 385
000532r 1  AD rr rr     	lda     _threat_color_active
000535r 1  F0 08        	beq     L0003
000537r 1  AD rr rr     	lda     _threat_old_color
00053Ar 1  8D C8 02     	sta     $02C8
00053Dr 1               ;
00053Dr 1               ; threat_color_active = 0;
00053Dr 1               ;
00053Dr 1               	.dbg	line, "C:\Users\Alex\Chased3D\chased3d.c", 386
00053Dr 1  A9 00        	lda     #$00
00053Fr 1  8D rr rr     L0003:	sta     _threat_color_active
000542r 1               ;
000542r 1               ; player_x = PLAYER_START_X;
000542r 1               ;
000542r 1               	.dbg	line, "C:\Users\Alex\Chased3D\chased3d.c", 387
000542r 1  A2 06        	ldx     #$06
000544r 1  A9 80        	lda     #$80
000546r 1  8D rr rr     	sta     _player_x
000549r 1  8E rr rr     	stx     _player_x+1
00054Cr 1               ;
00054Cr 1               ; player_y = PLAYER_START_Y;
00054Cr 1               ;
00054Cr 1               	.dbg	line, "C:\Users\Alex\Chased3D\chased3d.c", 388
00054Cr 1  A2 01        	ldx     #$01
00054Er 1  8D rr rr     	sta     _player_y
000551r 1  8E rr rr     	stx     _player_y+1
000554r 1               ;
000554r 1               ; player_angle = PLAYER_START_ANGLE;
000554r 1               ;
000554r 1               	.dbg	line, "C:\Users\Alex\Chased3D\chased3d.c", 389
000554r 1  A9 00        	lda     #$00
000556r 1  8D rr rr     	sta     _player_angle
000559r 1  8D rr rr     	sta     _player_angle+1
00055Cr 1               ;
00055Cr 1               ; place_pursuer_at_start();
00055Cr 1               ;
00055Cr 1               	.dbg	line, "C:\Users\Alex\Chased3D\chased3d.c", 390
00055Cr 1  20 rr rr     	jsr     _place_pursuer_at_start
00055Fr 1               ;
00055Fr 1               ; pursuer_dir_x = 0;
00055Fr 1               ;
00055Fr 1               	.dbg	line, "C:\Users\Alex\Chased3D\chased3d.c", 391
00055Fr 1  A9 00        	lda     #$00
000561r 1  8D rr rr     	sta     _pursuer_dir_x
000564r 1               ;
000564r 1               ; pursuer_dir_y = 0;
000564r 1               ;
000564r 1               	.dbg	line, "C:\Users\Alex\Chased3D\chased3d.c", 392
000564r 1  8D rr rr     	sta     _pursuer_dir_y
000567r 1               ;
000567r 1               ; pursuer_retarget_timer = RETARGET_STALE_TICKS + 1;
000567r 1               ;
000567r 1               	.dbg	line, "C:\Users\Alex\Chased3D\chased3d.c", 393
000567r 1  A9 33        	lda     #$33
000569r 1  8D rr rr     	sta     _pursuer_retarget_timer
00056Cr 1               ;
00056Cr 1               ; decoy_active = 0;
00056Cr 1               ;
00056Cr 1               	.dbg	line, "C:\Users\Alex\Chased3D\chased3d.c", 394
00056Cr 1  A9 00        	lda     #$00
00056Er 1  8D rr rr     	sta     _decoy_active
000571r 1               ;
000571r 1               ; decoy_available = 1;
000571r 1               ;
000571r 1               	.dbg	line, "C:\Users\Alex\Chased3D\chased3d.c", 395
000571r 1  A9 01        	lda     #$01
000573r 1  8D rr rr     	sta     _decoy_available
000576r 1               ;
000576r 1               ; decoy_capture_ticks = 0;
000576r 1               ;
000576r 1               	.dbg	line, "C:\Users\Alex\Chased3D\chased3d.c", 396
000576r 1  A9 00        	lda     #$00
000578r 1  8D rr rr     	sta     _decoy_capture_ticks
00057Br 1               ;
00057Br 1               ; decoy_recharge_ticks = DECOY_RECHARGE_TICKS;
00057Br 1               ;
00057Br 1               	.dbg	line, "C:\Users\Alex\Chased3D\chased3d.c", 397
00057Br 1  A9 C8        	lda     #$C8
00057Dr 1  8D rr rr     	sta     _decoy_recharge_ticks
000580r 1               ;
000580r 1               ; decoy_active_ticks = 0;
000580r 1               ;
000580r 1               	.dbg	line, "C:\Users\Alex\Chased3D\chased3d.c", 398
000580r 1  A9 00        	lda     #$00
000582r 1  8D rr rr     	sta     _decoy_active_ticks
000585r 1  8D rr rr     	sta     _decoy_active_ticks+1
000588r 1               ;
000588r 1               ; floor_motion_units = 0;
000588r 1               ;
000588r 1               	.dbg	line, "C:\Users\Alex\Chased3D\chased3d.c", 399
000588r 1  8D rr rr     	sta     _floor_motion_units
00058Br 1  8D rr rr     	sta     _floor_motion_units+1
00058Er 1               ;
00058Er 1               ; sprite3d_clear_all();
00058Er 1               ;
00058Er 1               	.dbg	line, "C:\Users\Alex\Chased3D\chased3d.c", 400
00058Er 1  20 rr rr     	jsr     _sprite3d_clear_all
000591r 1               ;
000591r 1               ; sprite3d_build_laser(PLAYER_START_X, PLAYER_START_Y);
000591r 1               ;
000591r 1               	.dbg	line, "C:\Users\Alex\Chased3D\chased3d.c", 401
000591r 1  A2 06        	ldx     #$06
000593r 1  A9 80        	lda     #$80
000595r 1  20 rr rr     	jsr     pushax
000598r 1  A2 01        	ldx     #$01
00059Ar 1  20 rr rr     	jsr     _sprite3d_build_laser
00059Dr 1               ;
00059Dr 1               ; laser_elapsed_ticks = 0;
00059Dr 1               ;
00059Dr 1               	.dbg	line, "C:\Users\Alex\Chased3D\chased3d.c", 402
00059Dr 1  A9 00        	lda     #$00
00059Fr 1  8D rr rr     	sta     _laser_elapsed_ticks
0005A2r 1  8D rr rr     	sta     _laser_elapsed_ticks+1
0005A5r 1               ;
0005A5r 1               ; hud_set_decoy(decoy_recharge_ticks, DECOY_RECHARGE_TICKS);
0005A5r 1               ;
0005A5r 1               	.dbg	line, "C:\Users\Alex\Chased3D\chased3d.c", 403
0005A5r 1  AD rr rr     	lda     _decoy_recharge_ticks
0005A8r 1  20 rr rr     	jsr     pusha
0005ABr 1  A9 C8        	lda     #$C8
0005ADr 1  20 rr rr     	jsr     _hud_set_decoy
0005B0r 1               ;
0005B0r 1               ; melody_laser_buzz();
0005B0r 1               ;
0005B0r 1               	.dbg	line, "C:\Users\Alex\Chased3D\chased3d.c", 404
0005B0r 1  4C rr rr     	jmp     _melody_laser_buzz
0005B3r 1               
0005B3r 1               	.dbg	line
0005B3r 1               .endproc
0005B3r 1               
0005B3r 1               ; ---------------------------------------------------------------
0005B3r 1               ; void __near__ update_game_hud (void)
0005B3r 1               ; ---------------------------------------------------------------
0005B3r 1               
0005B3r 1               .segment	"CODE"
0005B3r 1               
0005B3r 1               .proc	_update_game_hud: near
0005B3r 1               
0005B3r 1               	.dbg	func, "update_game_hud", "00", static, "_update_game_hud"
0005B3r 1               
0005B3r 1               .segment	"CODE"
0005B3r 1               
0005B3r 1               ;
0005B3r 1               ; hud_set_game(lives, level, score, high_score);
0005B3r 1               ;
0005B3r 1               	.dbg	line, "C:\Users\Alex\Chased3D\chased3d.c", 409
0005B3r 1  AD rr rr     	lda     _lives
0005B6r 1  20 rr rr     	jsr     pusha
0005B9r 1  AD rr rr     	lda     _level
0005BCr 1  20 rr rr     	jsr     pusha
0005BFr 1  AD rr rr     	lda     _score
0005C2r 1  AE rr rr     	ldx     _score+1
0005C5r 1  20 rr rr     	jsr     pushax
0005C8r 1  AD rr rr     	lda     _high_score
0005CBr 1  AE rr rr     	ldx     _high_score+1
0005CEr 1  4C rr rr     	jmp     _hud_set_game
0005D1r 1               
0005D1r 1               	.dbg	line
0005D1r 1               .endproc
0005D1r 1               
0005D1r 1               ; ---------------------------------------------------------------
0005D1r 1               ; void __near__ start_new_game (void)
0005D1r 1               ; ---------------------------------------------------------------
0005D1r 1               
0005D1r 1               .segment	"CODE"
0005D1r 1               
0005D1r 1               .proc	_start_new_game: near
0005D1r 1               
0005D1r 1               	.dbg	func, "start_new_game", "00", static, "_start_new_game"
0005D1r 1               
0005D1r 1               .segment	"CODE"
0005D1r 1               
0005D1r 1               ;
0005D1r 1               ; lives = STARTING_LIVES;
0005D1r 1               ;
0005D1r 1               	.dbg	line, "C:\Users\Alex\Chased3D\chased3d.c", 414
0005D1r 1  A9 03        	lda     #$03
0005D3r 1  8D rr rr     	sta     _lives
0005D6r 1               ;
0005D6r 1               ; level = 1;
0005D6r 1               ;
0005D6r 1               	.dbg	line, "C:\Users\Alex\Chased3D\chased3d.c", 415
0005D6r 1  A9 01        	lda     #$01
0005D8r 1  8D rr rr     	sta     _level
0005DBr 1               ;
0005DBr 1               ; score = 0;
0005DBr 1               ;
0005DBr 1               	.dbg	line, "C:\Users\Alex\Chased3D\chased3d.c", 416
0005DBr 1  A9 00        	lda     #$00
0005DDr 1  8D rr rr     	sta     _score
0005E0r 1  8D rr rr     	sta     _score+1
0005E3r 1               ;
0005E3r 1               ; maze_load_level(level);
0005E3r 1               ;
0005E3r 1               	.dbg	line, "C:\Users\Alex\Chased3D\chased3d.c", 417
0005E3r 1  AD rr rr     	lda     _level
0005E6r 1  20 rr rr     	jsr     _maze_load_level
0005E9r 1               ;
0005E9r 1               ; minimap_build();
0005E9r 1               ;
0005E9r 1               	.dbg	line, "C:\Users\Alex\Chased3D\chased3d.c", 418
0005E9r 1  20 rr rr     	jsr     _minimap_build
0005ECr 1               ;
0005ECr 1               ; minimap_show();
0005ECr 1               ;
0005ECr 1               	.dbg	line, "C:\Users\Alex\Chased3D\chased3d.c", 419
0005ECr 1  20 rr rr     	jsr     _minimap_show
0005EFr 1               ;
0005EFr 1               ; sprite3d_build_targets();
0005EFr 1               ;
0005EFr 1               	.dbg	line, "C:\Users\Alex\Chased3D\chased3d.c", 420
0005EFr 1  20 rr rr     	jsr     _sprite3d_build_targets
0005F2r 1               ;
0005F2r 1               ; sprite3d_locate_exit();
0005F2r 1               ;
0005F2r 1               	.dbg	line, "C:\Users\Alex\Chased3D\chased3d.c", 421
0005F2r 1  20 rr rr     	jsr     _sprite3d_locate_exit
0005F5r 1               ;
0005F5r 1               ; hud_set_targets(sprite3d_targets_left());
0005F5r 1               ;
0005F5r 1               	.dbg	line, "C:\Users\Alex\Chased3D\chased3d.c", 422
0005F5r 1  20 rr rr     	jsr     _sprite3d_targets_left
0005F8r 1  20 rr rr     	jsr     _hud_set_targets
0005FBr 1               ;
0005FBr 1               ; start_life();
0005FBr 1               ;
0005FBr 1               	.dbg	line, "C:\Users\Alex\Chased3D\chased3d.c", 423
0005FBr 1  20 rr rr     	jsr     _start_life
0005FEr 1               ;
0005FEr 1               ; update_game_hud();
0005FEr 1               ;
0005FEr 1               	.dbg	line, "C:\Users\Alex\Chased3D\chased3d.c", 424
0005FEr 1  20 rr rr     	jsr     _update_game_hud
000601r 1               ;
000601r 1               ; melody_play(LEVEL_LOAD_MELODY);
000601r 1               ;
000601r 1               	.dbg	line, "C:\Users\Alex\Chased3D\chased3d.c", 425
000601r 1  A9 rr        	lda     #<(S0006)
000603r 1  A2 rr        	ldx     #>(S0006)
000605r 1  20 rr rr     	jsr     _melody_play
000608r 1               ;
000608r 1               ; view3d_render(player_x, player_y, player_angle);
000608r 1               ;
000608r 1               	.dbg	line, "C:\Users\Alex\Chased3D\chased3d.c", 426
000608r 1  AD rr rr     	lda     _player_x
00060Br 1  AE rr rr     	ldx     _player_x+1
00060Er 1  20 rr rr     	jsr     pushax
000611r 1  AD rr rr     	lda     _player_y
000614r 1  AE rr rr     	ldx     _player_y+1
000617r 1  20 rr rr     	jsr     pushax
00061Ar 1  AD rr rr     	lda     _player_angle
00061Dr 1  AE rr rr     	ldx     _player_angle+1
000620r 1  20 rr rr     	jsr     _view3d_render
000623r 1               ;
000623r 1               ; OS.sdmctl = 0x2E;
000623r 1               ;
000623r 1               	.dbg	line, "C:\Users\Alex\Chased3D\chased3d.c", 427
000623r 1  A9 2E        	lda     #$2E
000625r 1  8D 2F 02     	sta     $022F
000628r 1               ;
000628r 1               ; ANTIC.dmactl = 0x2E;
000628r 1               ;
000628r 1               	.dbg	line, "C:\Users\Alex\Chased3D\chased3d.c", 428
000628r 1  8D 00 D4     	sta     $D400
00062Br 1               ;
00062Br 1               ; }
00062Br 1               ;
00062Br 1               	.dbg	line, "C:\Users\Alex\Chased3D\chased3d.c", 429
00062Br 1  60           	rts
00062Cr 1               
00062Cr 1               	.dbg	line
00062Cr 1               .endproc
00062Cr 1               
00062Cr 1               ; ---------------------------------------------------------------
00062Cr 1               ; unsigned char __near__ restart_pressed (void)
00062Cr 1               ; ---------------------------------------------------------------
00062Cr 1               
00062Cr 1               .segment	"CODE"
00062Cr 1               
00062Cr 1               .proc	_restart_pressed: near
00062Cr 1               
00062Cr 1               	.dbg	func, "restart_pressed", "00", static, "_restart_pressed"
00062Cr 1               
00062Cr 1               .segment	"CODE"
00062Cr 1               
00062Cr 1               ;
00062Cr 1               ; return read_key() == KEY_SPACE
00062Cr 1               ;
00062Cr 1               	.dbg	line, "C:\Users\Alex\Chased3D\chased3d.c", 433
00062Cr 1  20 rr rr     	jsr     _read_key
00062Fr 1               ;
00062Fr 1               ; || *(volatile unsigned char *)JOYSTICK_FIRE0 == 0;
00062Fr 1               ;
00062Fr 1               	.dbg	line, "C:\Users\Alex\Chased3D\chased3d.c", 434
00062Fr 1  C9 21        	cmp     #$21
000631r 1  F0 09        	beq     L0004
000633r 1  AD 10 D0     	lda     $D010
000636r 1  F0 04        	beq     L0004
000638r 1  A2 00        	ldx     #$00
00063Ar 1  8A           	txa
00063Br 1  60           	rts
00063Cr 1  A9 01        L0004:	lda     #$01
00063Er 1  A2 00        	ldx     #$00
000640r 1               ;
000640r 1               ; }
000640r 1               ;
000640r 1               	.dbg	line, "C:\Users\Alex\Chased3D\chased3d.c", 435
000640r 1  60           	rts
000641r 1               
000641r 1               	.dbg	line
000641r 1               .endproc
000641r 1               
000641r 1               ; ---------------------------------------------------------------
000641r 1               ; void __near__ show_end_screen (const char *message, unsigned char size, const char *melody, unsigned char rainbow)
000641r 1               ; ---------------------------------------------------------------
000641r 1               
000641r 1               .segment	"CODE"
000641r 1               
000641r 1               .proc	_show_end_screen: near
000641r 1               
000641r 1               	.dbg	func, "show_end_screen", "00", static, "_show_end_screen"
000641r 1               	.dbg	sym, "message", "00", auto, 4
000641r 1               	.dbg	sym, "size", "00", auto, 3
000641r 1               	.dbg	sym, "melody", "00", auto, 1
000641r 1               	.dbg	sym, "rainbow", "00", auto, 0
000641r 1               
000641r 1               .segment	"CODE"
000641r 1               
000641r 1               ;
000641r 1               ; {
000641r 1               ;
000641r 1               	.dbg	line, "C:\Users\Alex\Chased3D\chased3d.c", 439
000641r 1  20 rr rr     	jsr     pusha
000644r 1               ;
000644r 1               ; if (threat_color_active) COLOR4 = threat_old_color;
000644r 1               ;
000644r 1               	.dbg	line, "C:\Users\Alex\Chased3D\chased3d.c", 440
000644r 1  AD rr rr     	lda     _threat_color_active
000647r 1  F0 08        	beq     L0010
000649r 1  AD rr rr     	lda     _threat_old_color
00064Cr 1  8D C8 02     	sta     $02C8
00064Fr 1               ;
00064Fr 1               ; threat_color_active = 0;
00064Fr 1               ;
00064Fr 1               	.dbg	line, "C:\Users\Alex\Chased3D\chased3d.c", 441
00064Fr 1  A9 00        	lda     #$00
000651r 1  8D rr rr     L0010:	sta     _threat_color_active
000654r 1               ;
000654r 1               ; sprite3d_clear_all();
000654r 1               ;
000654r 1               	.dbg	line, "C:\Users\Alex\Chased3D\chased3d.c", 442
000654r 1  20 rr rr     	jsr     _sprite3d_clear_all
000657r 1               ;
000657r 1               ; view3d_render(player_x, player_y, player_angle);
000657r 1               ;
000657r 1               	.dbg	line, "C:\Users\Alex\Chased3D\chased3d.c", 443
000657r 1  AD rr rr     	lda     _player_x
00065Ar 1  AE rr rr     	ldx     _player_x+1
00065Dr 1  20 rr rr     	jsr     pushax
000660r 1  AD rr rr     	lda     _player_y
000663r 1  AE rr rr     	ldx     _player_y+1
000666r 1  20 rr rr     	jsr     pushax
000669r 1  AD rr rr     	lda     _player_angle
00066Cr 1  AE rr rr     	ldx     _player_angle+1
00066Fr 1  20 rr rr     	jsr     _view3d_render
000672r 1               ;
000672r 1               ; textplot_print_fullscreen(TEXTPLOT_ALIGN_CENTER, message, 2,
000672r 1               ;
000672r 1               	.dbg	line, "C:\Users\Alex\Chased3D\chased3d.c", 444
000672r 1  A9 01        	lda     #$01
000674r 1  20 rr rr     	jsr     pusha
000677r 1  A0 08        	ldy     #$08
000679r 1  20 rr rr     	jsr     pushwysp
00067Cr 1  A9 02        	lda     #$02
00067Er 1  20 rr rr     	jsr     pusha
000681r 1               ;
000681r 1               ; rainbow ? 3 : 1, size);
000681r 1               ;
000681r 1               	.dbg	line, "C:\Users\Alex\Chased3D\chased3d.c", 445
000681r 1  A0 04        	ldy     #$04
000683r 1  B1 rr        	lda     (c_sp),y
000685r 1  F0 05        	beq     L000E
000687r 1  A9 03        	lda     #$03
000689r 1  4C rr rr     	jmp     L000F
00068Cr 1  A9 01        L000E:	lda     #$01
00068Er 1  20 rr rr     L000F:	jsr     pusha
000691r 1  A0 08        	ldy     #$08
000693r 1  B1 rr        	lda     (c_sp),y
000695r 1  20 rr rr     	jsr     _textplot_print_fullscreen
000698r 1               ;
000698r 1               ; textplot_print_fullscreen(TEXTPLOT_ALIGN_CENTER, "Press Space or Fire",
000698r 1               ;
000698r 1               	.dbg	line, "C:\Users\Alex\Chased3D\chased3d.c", 446
000698r 1  A9 01        	lda     #$01
00069Ar 1  20 rr rr     	jsr     pusha
00069Dr 1  A9 rr        	lda     #<(S0007)
00069Fr 1  A2 rr        	ldx     #>(S0007)
0006A1r 1  20 rr rr     	jsr     pushax
0006A4r 1               ;
0006A4r 1               ; 20, 1, TEXTPLOT_SIZE_HALF);
0006A4r 1               ;
0006A4r 1               	.dbg	line, "C:\Users\Alex\Chased3D\chased3d.c", 447
0006A4r 1  A9 14        	lda     #$14
0006A6r 1  20 rr rr     	jsr     pusha
0006A9r 1  A9 01        	lda     #$01
0006ABr 1  20 rr rr     	jsr     pusha
0006AEr 1  A9 80        	lda     #$80
0006B0r 1  20 rr rr     	jsr     _textplot_print_fullscreen
0006B3r 1               ;
0006B3r 1               ; if (melody) melody_play(melody);
0006B3r 1               ;
0006B3r 1               	.dbg	line, "C:\Users\Alex\Chased3D\chased3d.c", 448
0006B3r 1  A0 02        	ldy     #$02
0006B5r 1  B1 rr        	lda     (c_sp),y
0006B7r 1  88           	dey
0006B8r 1  11 rr        	ora     (c_sp),y
0006BAr 1  F0 0D        	beq     L0008
0006BCr 1  C8           	iny
0006BDr 1  20 rr rr     	jsr     ldaxysp
0006C0r 1  20 rr rr     	jsr     _melody_play
0006C3r 1               ;
0006C3r 1               ; while (restart_pressed()) wait_frame();
0006C3r 1               ;
0006C3r 1               	.dbg	line, "C:\Users\Alex\Chased3D\chased3d.c", 450
0006C3r 1  4C rr rr     	jmp     L0008
0006C6r 1  20 rr rr     L0006:	jsr     _wait_frame
0006C9r 1  20 rr rr     L0008:	jsr     _restart_pressed
0006CCr 1  AA           	tax
0006CDr 1  D0 F7        	bne     L0006
0006CFr 1               ;
0006CFr 1               ; if (rainbow) {
0006CFr 1               ;
0006CFr 1               	.dbg	line, "C:\Users\Alex\Chased3D\chased3d.c", 451
0006CFr 1  A1 rr        	lda     (c_sp,x)
0006D1r 1  F0 09        	beq     L000D
0006D3r 1               ;
0006D3r 1               ; splash_screen_rainbow();
0006D3r 1               ;
0006D3r 1               	.dbg	line, "C:\Users\Alex\Chased3D\chased3d.c", 452
0006D3r 1  20 rr rr     	jsr     _splash_screen_rainbow
0006D6r 1               ;
0006D6r 1               ; } else {
0006D6r 1               ;
0006D6r 1               	.dbg	line, "C:\Users\Alex\Chased3D\chased3d.c", 453
0006D6r 1  4C rr rr     	jmp     incsp6
0006D9r 1               ;
0006D9r 1               ; while (!restart_pressed()) wait_frame();
0006D9r 1               ;
0006D9r 1               	.dbg	line, "C:\Users\Alex\Chased3D\chased3d.c", 454
0006D9r 1  20 rr rr     L000B:	jsr     _wait_frame
0006DCr 1  20 rr rr     L000D:	jsr     _restart_pressed
0006DFr 1  AA           	tax
0006E0r 1  F0 F7        	beq     L000B
0006E2r 1               ;
0006E2r 1               ; OS.sdmctl = 0;
0006E2r 1               ;
0006E2r 1               	.dbg	line, "C:\Users\Alex\Chased3D\chased3d.c", 455
0006E2r 1  A9 00        	lda     #$00
0006E4r 1  8D 2F 02     	sta     $022F
0006E7r 1               ;
0006E7r 1               ; ANTIC.dmactl = 0;
0006E7r 1               ;
0006E7r 1               	.dbg	line, "C:\Users\Alex\Chased3D\chased3d.c", 456
0006E7r 1  8D 00 D4     	sta     $D400
0006EAr 1               ;
0006EAr 1               ; }
0006EAr 1               ;
0006EAr 1               	.dbg	line, "C:\Users\Alex\Chased3D\chased3d.c", 458
0006EAr 1  4C rr rr     	jmp     incsp6
0006EDr 1               
0006EDr 1               	.dbg	line
0006EDr 1               .endproc
0006EDr 1               
0006EDr 1               ; ---------------------------------------------------------------
0006EDr 1               ; void __near__ game_over (void)
0006EDr 1               ; ---------------------------------------------------------------
0006EDr 1               
0006EDr 1               .segment	"CODE"
0006EDr 1               
0006EDr 1               .proc	_game_over: near
0006EDr 1               
0006EDr 1               	.dbg	func, "game_over", "00", static, "_game_over"
0006EDr 1               
0006EDr 1               .segment	"CODE"
0006EDr 1               
0006EDr 1               ;
0006EDr 1               ; show_end_screen("Game Over", TEXTPLOT_SIZE_DOUBLE, GAME_OVER_MELODY, 0);
0006EDr 1               ;
0006EDr 1               	.dbg	line, "C:\Users\Alex\Chased3D\chased3d.c", 462
0006EDr 1  A9 rr        	lda     #<(S0008)
0006EFr 1  A2 rr        	ldx     #>(S0008)
0006F1r 1  20 rr rr     	jsr     pushax
0006F4r 1  A9 02        	lda     #$02
0006F6r 1  20 rr rr     	jsr     pusha
0006F9r 1  A9 rr        	lda     #<(S0009)
0006FBr 1  A2 rr        	ldx     #>(S0009)
0006FDr 1  20 rr rr     	jsr     pushax
000700r 1  A9 00        	lda     #$00
000702r 1  20 rr rr     	jsr     _show_end_screen
000705r 1               ;
000705r 1               ; start_new_game();
000705r 1               ;
000705r 1               	.dbg	line, "C:\Users\Alex\Chased3D\chased3d.c", 463
000705r 1  4C rr rr     	jmp     _start_new_game
000708r 1               
000708r 1               	.dbg	line
000708r 1               .endproc
000708r 1               
000708r 1               ; ---------------------------------------------------------------
000708r 1               ; void __near__ victory (void)
000708r 1               ; ---------------------------------------------------------------
000708r 1               
000708r 1               .segment	"CODE"
000708r 1               
000708r 1               .proc	_victory: near
000708r 1               
000708r 1               	.dbg	func, "victory", "00", static, "_victory"
000708r 1               
000708r 1               .segment	"CODE"
000708r 1               
000708r 1               ;
000708r 1               ; show_end_screen("YOU DID IT !!!", TEXTPLOT_SIZE_NORMAL, VICTORY_MELODY, 1);
000708r 1               ;
000708r 1               	.dbg	line, "C:\Users\Alex\Chased3D\chased3d.c", 468
000708r 1  A9 rr        	lda     #<(S000A)
00070Ar 1  A2 rr        	ldx     #>(S000A)
00070Cr 1  20 rr rr     	jsr     pushax
00070Fr 1  A9 01        	lda     #$01
000711r 1  20 rr rr     	jsr     pusha
000714r 1  A9 rr        	lda     #<(S000B)
000716r 1  A2 rr        	ldx     #>(S000B)
000718r 1  20 rr rr     	jsr     pushax
00071Br 1  A9 01        	lda     #$01
00071Dr 1  20 rr rr     	jsr     _show_end_screen
000720r 1               ;
000720r 1               ; start_new_game();
000720r 1               ;
000720r 1               	.dbg	line, "C:\Users\Alex\Chased3D\chased3d.c", 469
000720r 1  4C rr rr     	jmp     _start_new_game
000723r 1               
000723r 1               	.dbg	line
000723r 1               .endproc
000723r 1               
000723r 1               ; ---------------------------------------------------------------
000723r 1               ; void __near__ handle_catch (void)
000723r 1               ; ---------------------------------------------------------------
000723r 1               
000723r 1               .segment	"CODE"
000723r 1               
000723r 1               .proc	_handle_catch: near
000723r 1               
000723r 1               	.dbg	func, "handle_catch", "00", static, "_handle_catch"
000723r 1               
000723r 1               .segment	"CODE"
000723r 1               
000723r 1               ;
000723r 1               ; melody_set_threat_level(0);
000723r 1               ;
000723r 1               	.dbg	line, "C:\Users\Alex\Chased3D\chased3d.c", 484
000723r 1  A9 00        	lda     #$00
000725r 1  20 rr rr     	jsr     _melody_set_threat_level
000728r 1               ;
000728r 1               ; melody_play(CAUGHT_MELODY);
000728r 1               ;
000728r 1               	.dbg	line, "C:\Users\Alex\Chased3D\chased3d.c", 485
000728r 1  A9 rr        	lda     #<(S000C)
00072Ar 1  A2 rr        	ldx     #>(S000C)
00072Cr 1  20 rr rr     	jsr     _melody_play
00072Fr 1               ;
00072Fr 1               ; while (melody_playing()) wait_frame();
00072Fr 1               ;
00072Fr 1               	.dbg	line, "C:\Users\Alex\Chased3D\chased3d.c", 486
00072Fr 1  4C rr rr     	jmp     L0004
000732r 1  20 rr rr     L0002:	jsr     _wait_frame
000735r 1  20 rr rr     L0004:	jsr     _melody_playing
000738r 1  AA           	tax
000739r 1  D0 F7        	bne     L0002
00073Br 1               ;
00073Br 1               ; --lives;
00073Br 1               ;
00073Br 1               	.dbg	line, "C:\Users\Alex\Chased3D\chased3d.c", 488
00073Br 1  CE rr rr     	dec     _lives
00073Er 1               ;
00073Er 1               ; update_game_hud();
00073Er 1               ;
00073Er 1               	.dbg	line, "C:\Users\Alex\Chased3D\chased3d.c", 489
00073Er 1  20 rr rr     	jsr     _update_game_hud
000741r 1               ;
000741r 1               ; if (lives == 0)
000741r 1               ;
000741r 1               	.dbg	line, "C:\Users\Alex\Chased3D\chased3d.c", 490
000741r 1  AD rr rr     	lda     _lives
000744r 1  D0 03        	bne     L0005
000746r 1               ;
000746r 1               ; game_over();
000746r 1               ;
000746r 1               	.dbg	line, "C:\Users\Alex\Chased3D\chased3d.c", 491
000746r 1  4C rr rr     	jmp     _game_over
000749r 1               ;
000749r 1               ; start_life();
000749r 1               ;
000749r 1               	.dbg	line, "C:\Users\Alex\Chased3D\chased3d.c", 493
000749r 1  4C rr rr     L0005:	jmp     _start_life
00074Cr 1               
00074Cr 1               	.dbg	line
00074Cr 1               .endproc
00074Cr 1               
00074Cr 1               ; ---------------------------------------------------------------
00074Cr 1               ; void __near__ update_threat_sound (void)
00074Cr 1               ; ---------------------------------------------------------------
00074Cr 1               
00074Cr 1               .segment	"CODE"
00074Cr 1               
00074Cr 1               .proc	_update_threat_sound: near
00074Cr 1               
00074Cr 1               	.dbg	func, "update_threat_sound", "00", static, "_update_threat_sound"
00074Cr 1               	.dbg	sym, "distance", "00", auto, -2
00074Cr 1               	.dbg	sym, "level_signal", "00", auto, -3
00074Cr 1               
00074Cr 1               .segment	"CODE"
00074Cr 1               
00074Cr 1               ;
00074Cr 1               ; distance = abs((int)player_x - (int)pursuer_x)
00074Cr 1               ;
00074Cr 1               	.dbg	line, "C:\Users\Alex\Chased3D\chased3d.c", 501
00074Cr 1  20 rr rr     	jsr     decsp3
00074Fr 1  AD rr rr     	lda     _player_x
000752r 1  38           	sec
000753r 1  ED rr rr     	sbc     _pursuer_x
000756r 1  48           	pha
000757r 1  AD rr rr     	lda     _player_x+1
00075Ar 1  ED rr rr     	sbc     _pursuer_x+1
00075Dr 1  AA           	tax
00075Er 1  68           	pla
00075Fr 1               ;
00075Fr 1               ; + abs((int)player_y - (int)pursuer_y);
00075Fr 1               ;
00075Fr 1               	.dbg	line, "C:\Users\Alex\Chased3D\chased3d.c", 502
00075Fr 1  20 rr rr     	jsr     _abs
000762r 1  20 rr rr     	jsr     pushax
000765r 1  AD rr rr     	lda     _player_y
000768r 1  38           	sec
000769r 1  ED rr rr     	sbc     _pursuer_y
00076Cr 1  48           	pha
00076Dr 1  AD rr rr     	lda     _player_y+1
000770r 1  ED rr rr     	sbc     _pursuer_y+1
000773r 1  AA           	tax
000774r 1  68           	pla
000775r 1  20 rr rr     	jsr     _abs
000778r 1  20 rr rr     	jsr     tosaddax
00077Br 1  A0 01        	ldy     #$01
00077Dr 1  20 rr rr     	jsr     staxysp
000780r 1               ;
000780r 1               ; if (distance >= THREAT_DISTANCE) {
000780r 1               ;
000780r 1               	.dbg	line, "C:\Users\Alex\Chased3D\chased3d.c", 503
000780r 1  C9 00        	cmp     #$00
000782r 1  8A           	txa
000783r 1  E9 10        	sbc     #$10
000785r 1  70 02        	bvs     L0003
000787r 1  49 80        	eor     #$80
000789r 1  10 06        L0003:	bpl     L0002
00078Br 1               ;
00078Br 1               ; level_signal = 0;
00078Br 1               ;
00078Br 1               	.dbg	line, "C:\Users\Alex\Chased3D\chased3d.c", 504
00078Br 1  A9 00        	lda     #$00
00078Dr 1  A8           	tay
00078Er 1               ;
00078Er 1               ; } else {
00078Er 1               ;
00078Er 1               	.dbg	line, "C:\Users\Alex\Chased3D\chased3d.c", 505
00078Er 1  4C rr rr     	jmp     L000C
000791r 1               ;
000791r 1               ; level_signal = (unsigned char)((THREAT_DISTANCE - distance) >> 8);
000791r 1               ;
000791r 1               	.dbg	line, "C:\Users\Alex\Chased3D\chased3d.c", 506
000791r 1  A9 00        L0002:	lda     #$00
000793r 1  38           	sec
000794r 1  A0 01        	ldy     #$01
000796r 1  F1 rr        	sbc     (c_sp),y
000798r 1  A9 10        	lda     #$10
00079Ar 1  C8           	iny
00079Br 1  F1 rr        	sbc     (c_sp),y
00079Dr 1  AA           	tax
00079Er 1  8A           	txa
00079Fr 1  E0 80        	cpx     #$80
0007A1r 1  A0 00        	ldy     #$00
0007A3r 1  91 rr        	sta     (c_sp),y
0007A5r 1               ;
0007A5r 1               ; if (level_signal == 0) level_signal = 1;
0007A5r 1               ;
0007A5r 1               	.dbg	line, "C:\Users\Alex\Chased3D\chased3d.c", 507
0007A5r 1  B1 rr        	lda     (c_sp),y
0007A7r 1  D0 04        	bne     L000F
0007A9r 1  A9 01        	lda     #$01
0007ABr 1  91 rr        	sta     (c_sp),y
0007ADr 1               ;
0007ADr 1               ; if (level_signal > 15) level_signal = 15;
0007ADr 1               ;
0007ADr 1               	.dbg	line, "C:\Users\Alex\Chased3D\chased3d.c", 508
0007ADr 1  B1 rr        L000F:	lda     (c_sp),y
0007AFr 1  C9 10        	cmp     #$10
0007B1r 1  90 04        	bcc     L0011
0007B3r 1  A9 0F        	lda     #$0F
0007B5r 1  91 rr        L000C:	sta     (c_sp),y
0007B7r 1               ;
0007B7r 1               ; if (level_signal > 10) {
0007B7r 1               ;
0007B7r 1               	.dbg	line, "C:\Users\Alex\Chased3D\chased3d.c", 510
0007B7r 1  B1 rr        L0011:	lda     (c_sp),y
0007B9r 1  C9 0B        	cmp     #$0B
0007BBr 1  90 18        	bcc     L0008
0007BDr 1               ;
0007BDr 1               ; if (!threat_color_active) {
0007BDr 1               ;
0007BDr 1               	.dbg	line, "C:\Users\Alex\Chased3D\chased3d.c", 511
0007BDr 1  AD rr rr     	lda     _threat_color_active
0007C0r 1  D0 0B        	bne     L0012
0007C2r 1               ;
0007C2r 1               ; threat_old_color = COLOR4;
0007C2r 1               ;
0007C2r 1               	.dbg	line, "C:\Users\Alex\Chased3D\chased3d.c", 512
0007C2r 1  AD C8 02     	lda     $02C8
0007C5r 1  8D rr rr     	sta     _threat_old_color
0007C8r 1               ;
0007C8r 1               ; threat_color_active = 1;
0007C8r 1               ;
0007C8r 1               	.dbg	line, "C:\Users\Alex\Chased3D\chased3d.c", 513
0007C8r 1  A9 01        	lda     #$01
0007CAr 1  8D rr rr     	sta     _threat_color_active
0007CDr 1               ;
0007CDr 1               ; COLOR4 = COLOR_ORANGE;
0007CDr 1               ;
0007CDr 1               	.dbg	line, "C:\Users\Alex\Chased3D\chased3d.c", 515
0007CDr 1  A9 4A        L0012:	lda     #$4A
0007CFr 1  8D C8 02     	sta     $02C8
0007D2r 1               ;
0007D2r 1               ; } else if (threat_color_active) {
0007D2r 1               ;
0007D2r 1               	.dbg	line, "C:\Users\Alex\Chased3D\chased3d.c", 516
0007D2r 1  4C rr rr     	jmp     L0014
0007D5r 1  AD rr rr     L0008:	lda     _threat_color_active
0007D8r 1  F0 09        	beq     L0014
0007DAr 1               ;
0007DAr 1               ; COLOR4 = threat_old_color;
0007DAr 1               ;
0007DAr 1               	.dbg	line, "C:\Users\Alex\Chased3D\chased3d.c", 517
0007DAr 1  AD rr rr     	lda     _threat_old_color
0007DDr 1  8D C8 02     	sta     $02C8
0007E0r 1               ;
0007E0r 1               ; threat_color_active = 0;
0007E0r 1               ;
0007E0r 1               	.dbg	line, "C:\Users\Alex\Chased3D\chased3d.c", 518
0007E0r 1  8C rr rr     	sty     _threat_color_active
0007E3r 1               ;
0007E3r 1               ; melody_set_threat_level(level_signal);
0007E3r 1               ;
0007E3r 1               	.dbg	line, "C:\Users\Alex\Chased3D\chased3d.c", 520
0007E3r 1  B1 rr        L0014:	lda     (c_sp),y
0007E5r 1  20 rr rr     	jsr     _melody_set_threat_level
0007E8r 1               ;
0007E8r 1               ; }
0007E8r 1               ;
0007E8r 1               	.dbg	line, "C:\Users\Alex\Chased3D\chased3d.c", 521
0007E8r 1  4C rr rr     	jmp     incsp3
0007EBr 1               
0007EBr 1               	.dbg	line
0007EBr 1               .endproc
0007EBr 1               
0007EBr 1               ; ---------------------------------------------------------------
0007EBr 1               ; void __near__ handle_level_clear (void)
0007EBr 1               ; ---------------------------------------------------------------
0007EBr 1               
0007EBr 1               .segment	"CODE"
0007EBr 1               
0007EBr 1               .proc	_handle_level_clear: near
0007EBr 1               
0007EBr 1               	.dbg	func, "handle_level_clear", "00", static, "_handle_level_clear"
0007EBr 1               
0007EBr 1               .segment	"CODE"
0007EBr 1               
0007EBr 1               ;
0007EBr 1               ; melody_set_threat_level(0);
0007EBr 1               ;
0007EBr 1               	.dbg	line, "C:\Users\Alex\Chased3D\chased3d.c", 527
0007EBr 1  A9 00        	lda     #$00
0007EDr 1  20 rr rr     	jsr     _melody_set_threat_level
0007F0r 1               ;
0007F0r 1               ; add_score(SCORE_PER_LEVEL);
0007F0r 1               ;
0007F0r 1               	.dbg	line, "C:\Users\Alex\Chased3D\chased3d.c", 528
0007F0r 1  A9 64        	lda     #$64
0007F2r 1  20 rr rr     	jsr     _add_score
0007F5r 1               ;
0007F5r 1               ; melody_play(LEVEL_CLEAR_MELODY);
0007F5r 1               ;
0007F5r 1               	.dbg	line, "C:\Users\Alex\Chased3D\chased3d.c", 529
0007F5r 1  A9 rr        	lda     #<(S000D)
0007F7r 1  A2 rr        	ldx     #>(S000D)
0007F9r 1  20 rr rr     	jsr     _melody_play
0007FCr 1               ;
0007FCr 1               ; while (melody_playing()) wait_frame();
0007FCr 1               ;
0007FCr 1               	.dbg	line, "C:\Users\Alex\Chased3D\chased3d.c", 530
0007FCr 1  4C rr rr     	jmp     L0004
0007FFr 1  20 rr rr     L0002:	jsr     _wait_frame
000802r 1  20 rr rr     L0004:	jsr     _melody_playing
000805r 1  AA           	tax
000806r 1  D0 F7        	bne     L0002
000808r 1               ;
000808r 1               ; while (lives != 0) {
000808r 1               ;
000808r 1               	.dbg	line, "C:\Users\Alex\Chased3D\chased3d.c", 532
000808r 1  4C rr rr     	jmp     L0010
00080Br 1               ;
00080Br 1               ; --lives;
00080Br 1               ;
00080Br 1               	.dbg	line, "C:\Users\Alex\Chased3D\chased3d.c", 533
00080Br 1  CE rr rr     L000F:	dec     _lives
00080Er 1               ;
00080Er 1               ; add_score(SCORE_PER_LIFE);
00080Er 1               ;
00080Er 1               	.dbg	line, "C:\Users\Alex\Chased3D\chased3d.c", 534
00080Er 1  A9 C8        	lda     #$C8
000810r 1  20 rr rr     	jsr     _add_score
000813r 1               ;
000813r 1               ; melody_play(LIFE_BONUS_MELODY);
000813r 1               ;
000813r 1               	.dbg	line, "C:\Users\Alex\Chased3D\chased3d.c", 535
000813r 1  A9 rr        	lda     #<(S000E)
000815r 1  A2 rr        	ldx     #>(S000E)
000817r 1  20 rr rr     	jsr     _melody_play
00081Ar 1               ;
00081Ar 1               ; while (melody_playing()) wait_frame();
00081Ar 1               ;
00081Ar 1               	.dbg	line, "C:\Users\Alex\Chased3D\chased3d.c", 536
00081Ar 1  4C rr rr     	jmp     L000A
00081Dr 1  20 rr rr     L0008:	jsr     _wait_frame
000820r 1  20 rr rr     L000A:	jsr     _melody_playing
000823r 1  AA           	tax
000824r 1  D0 F7        	bne     L0008
000826r 1               ;
000826r 1               ; while (lives != 0) {
000826r 1               ;
000826r 1               	.dbg	line, "C:\Users\Alex\Chased3D\chased3d.c", 532
000826r 1  AD rr rr     L0010:	lda     _lives
000829r 1  D0 E0        	bne     L000F
00082Br 1               ;
00082Br 1               ; if (level >= LEVEL_MAX) {
00082Br 1               ;
00082Br 1               	.dbg	line, "C:\Users\Alex\Chased3D\chased3d.c", 539
00082Br 1  AD rr rr     	lda     _level
00082Er 1  C9 06        	cmp     #$06
000830r 1  90 03        	bcc     L0011
000832r 1               ;
000832r 1               ; victory();
000832r 1               ;
000832r 1               	.dbg	line, "C:\Users\Alex\Chased3D\chased3d.c", 540
000832r 1  4C rr rr     	jmp     _victory
000835r 1               ;
000835r 1               ; ++level;
000835r 1               ;
000835r 1               	.dbg	line, "C:\Users\Alex\Chased3D\chased3d.c", 543
000835r 1  EE rr rr     L0011:	inc     _level
000838r 1               ;
000838r 1               ; update_game_hud();
000838r 1               ;
000838r 1               	.dbg	line, "C:\Users\Alex\Chased3D\chased3d.c", 544
000838r 1  20 rr rr     	jsr     _update_game_hud
00083Br 1               ;
00083Br 1               ; loading_level_message[14] = (char)('0' + level);
00083Br 1               ;
00083Br 1               	.dbg	line, "C:\Users\Alex\Chased3D\chased3d.c", 545
00083Br 1  A2 00        	ldx     #$00
00083Dr 1  AD rr rr     	lda     _level
000840r 1  A0 30        	ldy     #$30
000842r 1  20 rr rr     	jsr     incaxy
000845r 1  8D rr rr     	sta     _loading_level_message+14
000848r 1               ;
000848r 1               ; view3d_clear();
000848r 1               ;
000848r 1               	.dbg	line, "C:\Users\Alex\Chased3D\chased3d.c", 546
000848r 1  20 rr rr     	jsr     _view3d_clear
00084Br 1               ;
00084Br 1               ; textplot_print_fullscreen(TEXTPLOT_ALIGN_CENTER, loading_level_message,
00084Br 1               ;
00084Br 1               	.dbg	line, "C:\Users\Alex\Chased3D\chased3d.c", 547
00084Br 1  A9 01        	lda     #$01
00084Dr 1  20 rr rr     	jsr     pusha
000850r 1  A9 rr        	lda     #<(_loading_level_message)
000852r 1  A2 rr        	ldx     #>(_loading_level_message)
000854r 1  20 rr rr     	jsr     pushax
000857r 1               ;
000857r 1               ; 2, 1, TEXTPLOT_SIZE_NORMAL);
000857r 1               ;
000857r 1               	.dbg	line, "C:\Users\Alex\Chased3D\chased3d.c", 548
000857r 1  A9 02        	lda     #$02
000859r 1  20 rr rr     	jsr     pusha
00085Cr 1  A9 01        	lda     #$01
00085Er 1  20 rr rr     	jsr     pusha
000861r 1  20 rr rr     	jsr     _textplot_print_fullscreen
000864r 1               ;
000864r 1               ; floor_dli_suspend();
000864r 1               ;
000864r 1               	.dbg	line, "C:\Users\Alex\Chased3D\chased3d.c", 549
000864r 1  20 rr rr     	jsr     _floor_dli_suspend
000867r 1               ;
000867r 1               ; maze_load_level(level);
000867r 1               ;
000867r 1               	.dbg	line, "C:\Users\Alex\Chased3D\chased3d.c", 550
000867r 1  AD rr rr     	lda     _level
00086Ar 1  20 rr rr     	jsr     _maze_load_level
00086Dr 1               ;
00086Dr 1               ; floor_dli_resume();
00086Dr 1               ;
00086Dr 1               	.dbg	line, "C:\Users\Alex\Chased3D\chased3d.c", 551
00086Dr 1  20 rr rr     	jsr     _floor_dli_resume
000870r 1               ;
000870r 1               ; minimap_build();
000870r 1               ;
000870r 1               	.dbg	line, "C:\Users\Alex\Chased3D\chased3d.c", 552
000870r 1  20 rr rr     	jsr     _minimap_build
000873r 1               ;
000873r 1               ; minimap_show();
000873r 1               ;
000873r 1               	.dbg	line, "C:\Users\Alex\Chased3D\chased3d.c", 553
000873r 1  20 rr rr     	jsr     _minimap_show
000876r 1               ;
000876r 1               ; sprite3d_build_targets();
000876r 1               ;
000876r 1               	.dbg	line, "C:\Users\Alex\Chased3D\chased3d.c", 554
000876r 1  20 rr rr     	jsr     _sprite3d_build_targets
000879r 1               ;
000879r 1               ; sprite3d_locate_exit();
000879r 1               ;
000879r 1               	.dbg	line, "C:\Users\Alex\Chased3D\chased3d.c", 555
000879r 1  20 rr rr     	jsr     _sprite3d_locate_exit
00087Cr 1               ;
00087Cr 1               ; hud_set_targets(sprite3d_targets_left());
00087Cr 1               ;
00087Cr 1               	.dbg	line, "C:\Users\Alex\Chased3D\chased3d.c", 556
00087Cr 1  20 rr rr     	jsr     _sprite3d_targets_left
00087Fr 1  20 rr rr     	jsr     _hud_set_targets
000882r 1               ;
000882r 1               ; melody_play(LEVEL_LOAD_MELODY);
000882r 1               ;
000882r 1               	.dbg	line, "C:\Users\Alex\Chased3D\chased3d.c", 558
000882r 1  A9 rr        	lda     #<(S000F)
000884r 1  A2 rr        	ldx     #>(S000F)
000886r 1  20 rr rr     	jsr     _melody_play
000889r 1               ;
000889r 1               ; while (melody_playing()) wait_frame();
000889r 1               ;
000889r 1               	.dbg	line, "C:\Users\Alex\Chased3D\chased3d.c", 559
000889r 1  4C rr rr     	jmp     L000E
00088Cr 1  20 rr rr     L000C:	jsr     _wait_frame
00088Fr 1  20 rr rr     L000E:	jsr     _melody_playing
000892r 1  AA           	tax
000893r 1  D0 F7        	bne     L000C
000895r 1               ;
000895r 1               ; lives = 3;
000895r 1               ;
000895r 1               	.dbg	line, "C:\Users\Alex\Chased3D\chased3d.c", 561
000895r 1  A9 03        	lda     #$03
000897r 1  8D rr rr     	sta     _lives
00089Ar 1               ;
00089Ar 1               ; start_life();
00089Ar 1               ;
00089Ar 1               	.dbg	line, "C:\Users\Alex\Chased3D\chased3d.c", 562
00089Ar 1  20 rr rr     	jsr     _start_life
00089Dr 1               ;
00089Dr 1               ; update_game_hud();
00089Dr 1               ;
00089Dr 1               	.dbg	line, "C:\Users\Alex\Chased3D\chased3d.c", 563
00089Dr 1  4C rr rr     	jmp     _update_game_hud
0008A0r 1               
0008A0r 1               	.dbg	line
0008A0r 1               .endproc
0008A0r 1               
0008A0r 1               ; ---------------------------------------------------------------
0008A0r 1               ; int __near__ main (void)
0008A0r 1               ; ---------------------------------------------------------------
0008A0r 1               
0008A0r 1               .segment	"CODE"
0008A0r 1               
0008A0r 1               .proc	_main: near
0008A0r 1               
0008A0r 1               	.dbg	func, "main", "00", static, "_main"
0008A0r 1               	.dbg	sym, "key", "00", auto, -1
0008A0r 1               	.dbg	sym, "joystick", "00", auto, -2
0008A0r 1               	.dbg	sym, "ticks_per_second", "00", auto, -3
0008A0r 1               	.dbg	sym, "prev_tick", "00", auto, -4
0008A0r 1               	.dbg	sym, "now", "00", auto, -5
0008A0r 1               	.dbg	sym, "previous_key", "00", auto, -6
0008A0r 1               	.dbg	sym, "previous_trigger", "00", auto, -7
0008A0r 1               	.dbg	sym, "last_tick", "00", auto, -8
0008A0r 1               	.dbg	sym, "frames", "00", auto, -9
0008A0r 1               
0008A0r 1               .segment	"CODE"
0008A0r 1               
0008A0r 1               ;
0008A0r 1               ; *(volatile unsigned char *)PBCTL |= 0x04;
0008A0r 1               ;
0008A0r 1               	.dbg	line, "C:\Users\Alex\Chased3D\chased3d.c", 580
0008A0r 1  A0 09        	ldy     #$09
0008A2r 1  20 rr rr     	jsr     subysp
0008A5r 1  AD 03 D3     	lda     $D303
0008A8r 1  09 04        	ora     #$04
0008AAr 1  8D 03 D3     	sta     $D303
0008ADr 1               ;
0008ADr 1               ; *(volatile unsigned char *)PORTB |= 0x02;
0008ADr 1               ;
0008ADr 1               	.dbg	line, "C:\Users\Alex\Chased3D\chased3d.c", 581
0008ADr 1  AD 01 D3     	lda     $D301
0008B0r 1  09 02        	ora     #$02
0008B2r 1  8D 01 D3     	sta     $D301
0008B5r 1               ;
0008B5r 1               ; OS.sdmctl = 0;
0008B5r 1               ;
0008B5r 1               	.dbg	line, "C:\Users\Alex\Chased3D\chased3d.c", 582
0008B5r 1  A9 00        	lda     #$00
0008B7r 1  8D 2F 02     	sta     $022F
0008BAr 1               ;
0008BAr 1               ; ANTIC.dmactl = 0;
0008BAr 1               ;
0008BAr 1               	.dbg	line, "C:\Users\Alex\Chased3D\chased3d.c", 583
0008BAr 1  8D 00 D4     	sta     $D400
0008BDr 1               ;
0008BDr 1               ; | *(volatile unsigned char *)RTCLOK_LOW);
0008BDr 1               ;
0008BDr 1               	.dbg	line, "C:\Users\Alex\Chased3D\chased3d.c", 586
0008BDr 1  A5 14        	lda     $0014
0008BFr 1  AE 0A D2     	ldx     $D20A
0008C2r 1  20 rr rr     	jsr     _srand
0008C5r 1               ;
0008C5r 1               ; splash_screen_show();
0008C5r 1               ;
0008C5r 1               	.dbg	line, "C:\Users\Alex\Chased3D\chased3d.c", 588
0008C5r 1  20 rr rr     	jsr     _splash_screen_show
0008C8r 1               ;
0008C8r 1               ; maze_load_level(1);
0008C8r 1               ;
0008C8r 1               	.dbg	line, "C:\Users\Alex\Chased3D\chased3d.c", 590
0008C8r 1  A9 01        	lda     #$01
0008CAr 1  20 rr rr     	jsr     _maze_load_level
0008CDr 1               ;
0008CDr 1               ; minimap_build();
0008CDr 1               ;
0008CDr 1               	.dbg	line, "C:\Users\Alex\Chased3D\chased3d.c", 592
0008CDr 1  20 rr rr     	jsr     _minimap_build
0008D0r 1               ;
0008D0r 1               ; sprite3d_build_targets();
0008D0r 1               ;
0008D0r 1               	.dbg	line, "C:\Users\Alex\Chased3D\chased3d.c", 593
0008D0r 1  20 rr rr     	jsr     _sprite3d_build_targets
0008D3r 1               ;
0008D3r 1               ; sprite3d_locate_exit();
0008D3r 1               ;
0008D3r 1               	.dbg	line, "C:\Users\Alex\Chased3D\chased3d.c", 594
0008D3r 1  20 rr rr     	jsr     _sprite3d_locate_exit
0008D6r 1               ;
0008D6r 1               ; textplot_print_fullscreen(TEXTPLOT_ALIGN_CENTER,
0008D6r 1               ;
0008D6r 1               	.dbg	line, "C:\Users\Alex\Chased3D\chased3d.c", 596
0008D6r 1  A9 01        	lda     #$01
0008D8r 1  20 rr rr     	jsr     pusha
0008DBr 1               ;
0008DBr 1               ; splash_revision, 35, 3, TEXTPLOT_SIZE_HALF);
0008DBr 1               ;
0008DBr 1               	.dbg	line, "C:\Users\Alex\Chased3D\chased3d.c", 597
0008DBr 1  A9 rr        	lda     #<(_splash_revision)
0008DDr 1  A2 rr        	ldx     #>(_splash_revision)
0008DFr 1  20 rr rr     	jsr     pushax
0008E2r 1  A9 23        	lda     #$23
0008E4r 1  20 rr rr     	jsr     pusha
0008E7r 1  A9 03        	lda     #$03
0008E9r 1  20 rr rr     	jsr     pusha
0008ECr 1  A9 80        	lda     #$80
0008EEr 1  20 rr rr     	jsr     _textplot_print_fullscreen
0008F1r 1               ;
0008F1r 1               ; splash_screen_rainbow();
0008F1r 1               ;
0008F1r 1               	.dbg	line, "C:\Users\Alex\Chased3D\chased3d.c", 598
0008F1r 1  20 rr rr     	jsr     _splash_screen_rainbow
0008F4r 1               ;
0008F4r 1               ; view3d_init();
0008F4r 1               ;
0008F4r 1               	.dbg	line, "C:\Users\Alex\Chased3D\chased3d.c", 600
0008F4r 1  20 rr rr     	jsr     _view3d_init
0008F7r 1               ;
0008F7r 1               ; minimap_show();
0008F7r 1               ;
0008F7r 1               	.dbg	line, "C:\Users\Alex\Chased3D\chased3d.c", 601
0008F7r 1  20 rr rr     	jsr     _minimap_show
0008FAr 1               ;
0008FAr 1               ; sprite3d_init();
0008FAr 1               ;
0008FAr 1               	.dbg	line, "C:\Users\Alex\Chased3D\chased3d.c", 602
0008FAr 1  20 rr rr     	jsr     _sprite3d_init
0008FDr 1               ;
0008FDr 1               ; melody_install();
0008FDr 1               ;
0008FDr 1               	.dbg	line, "C:\Users\Alex\Chased3D\chased3d.c", 603
0008FDr 1  20 rr rr     	jsr     _melody_install
000900r 1               ;
000900r 1               ; melody_threat_play("A02A02E12A02A02E12");
000900r 1               ;
000900r 1               	.dbg	line, "C:\Users\Alex\Chased3D\chased3d.c", 604
000900r 1  A9 rr        	lda     #<(S0010)
000902r 1  A2 rr        	ldx     #>(S0010)
000904r 1  20 rr rr     	jsr     _melody_threat_play
000907r 1               ;
000907r 1               ; start_life();
000907r 1               ;
000907r 1               	.dbg	line, "C:\Users\Alex\Chased3D\chased3d.c", 605
000907r 1  20 rr rr     	jsr     _start_life
00090Ar 1               ;
00090Ar 1               ; *(volatile unsigned char *)NOCLIK = 1;
00090Ar 1               ;
00090Ar 1               	.dbg	line, "C:\Users\Alex\Chased3D\chased3d.c", 606
00090Ar 1  A9 01        	lda     #$01
00090Cr 1  8D DB 02     	sta     $02DB
00090Fr 1               ;
00090Fr 1               ; hud_set_targets(sprite3d_targets_left());
00090Fr 1               ;
00090Fr 1               	.dbg	line, "C:\Users\Alex\Chased3D\chased3d.c", 607
00090Fr 1  20 rr rr     	jsr     _sprite3d_targets_left
000912r 1  20 rr rr     	jsr     _hud_set_targets
000915r 1               ;
000915r 1               ; textplot_print_fullscreen(TEXTPLOT_ALIGN_LEFT, "DECOY",
000915r 1               ;
000915r 1               	.dbg	line, "C:\Users\Alex\Chased3D\chased3d.c", 608
000915r 1  A9 00        	lda     #$00
000917r 1  20 rr rr     	jsr     pusha
00091Ar 1  A9 rr        	lda     #<(S0011)
00091Cr 1  A2 rr        	ldx     #>(S0011)
00091Er 1  20 rr rr     	jsr     pushax
000921r 1               ;
000921r 1               ; DECOY_BAR_TOP + DECOY_BAR_HEIGHT, 3,
000921r 1               ;
000921r 1               	.dbg	line, "C:\Users\Alex\Chased3D\chased3d.c", 609
000921r 1  A9 43        	lda     #$43
000923r 1  20 rr rr     	jsr     pusha
000926r 1  A9 03        	lda     #$03
000928r 1  20 rr rr     	jsr     pusha
00092Br 1               ;
00092Br 1               ; TEXTPLOT_SIZE_HALF);
00092Br 1               ;
00092Br 1               	.dbg	line, "C:\Users\Alex\Chased3D\chased3d.c", 610
00092Br 1  A9 80        	lda     #$80
00092Dr 1  20 rr rr     	jsr     _textplot_print_fullscreen
000930r 1               ;
000930r 1               ; update_game_hud();
000930r 1               ;
000930r 1               	.dbg	line, "C:\Users\Alex\Chased3D\chased3d.c", 611
000930r 1  20 rr rr     	jsr     _update_game_hud
000933r 1               ;
000933r 1               ; melody_play(LEVEL_LOAD_MELODY);
000933r 1               ;
000933r 1               	.dbg	line, "C:\Users\Alex\Chased3D\chased3d.c", 612
000933r 1  A9 rr        	lda     #<(S0012)
000935r 1  A2 rr        	ldx     #>(S0012)
000937r 1  20 rr rr     	jsr     _melody_play
00093Ar 1               ;
00093Ar 1               ; ticks_per_second = (get_tv() == AT_PAL) ? 50 : 60;
00093Ar 1               ;
00093Ar 1               	.dbg	line, "C:\Users\Alex\Chased3D\chased3d.c", 614
00093Ar 1  20 rr rr     	jsr     _get_tv
00093Dr 1  C9 01        	cmp     #$01
00093Fr 1  D0 05        	bne     L0002
000941r 1  A9 32        	lda     #$32
000943r 1  4C rr rr     	jmp     L002F
000946r 1  A9 3C        L0002:	lda     #$3C
000948r 1  A0 06        L002F:	ldy     #$06
00094Ar 1  91 rr        	sta     (c_sp),y
00094Cr 1               ;
00094Cr 1               ; laser_period_ticks = (unsigned int)ticks_per_second * LASER_SECONDS;
00094Cr 1               ;
00094Cr 1               	.dbg	line, "C:\Users\Alex\Chased3D\chased3d.c", 615
00094Cr 1  A2 00        	ldx     #$00
00094Er 1  B1 rr        	lda     (c_sp),y
000950r 1  20 rr rr     	jsr     mulax5
000953r 1  8D rr rr     	sta     _laser_period_ticks
000956r 1  8E rr rr     	stx     _laser_period_ticks+1
000959r 1               ;
000959r 1               ; laser_elapsed_ticks = 0;
000959r 1               ;
000959r 1               	.dbg	line, "C:\Users\Alex\Chased3D\chased3d.c", 616
000959r 1  A9 00        	lda     #$00
00095Br 1  8D rr rr     	sta     _laser_elapsed_ticks
00095Er 1  8D rr rr     	sta     _laser_elapsed_ticks+1
000961r 1               ;
000961r 1               ; prev_tick = *(volatile unsigned char *)RTCLOK_LOW;
000961r 1               ;
000961r 1               	.dbg	line, "C:\Users\Alex\Chased3D\chased3d.c", 617
000961r 1  A5 14        	lda     $0014
000963r 1  88           	dey
000964r 1  91 rr        	sta     (c_sp),y
000966r 1               ;
000966r 1               ; last_tick = prev_tick;
000966r 1               ;
000966r 1               	.dbg	line, "C:\Users\Alex\Chased3D\chased3d.c", 619
000966r 1  A0 01        	ldy     #$01
000968r 1  91 rr        	sta     (c_sp),y
00096Ar 1               ;
00096Ar 1               ; frames = 0;
00096Ar 1               ;
00096Ar 1               	.dbg	line, "C:\Users\Alex\Chased3D\chased3d.c", 620
00096Ar 1  A9 00        	lda     #$00
00096Cr 1  88           	dey
00096Dr 1  91 rr        	sta     (c_sp),y
00096Fr 1               ;
00096Fr 1               ; previous_key = 0xFF;
00096Fr 1               ;
00096Fr 1               	.dbg	line, "C:\Users\Alex\Chased3D\chased3d.c", 622
00096Fr 1  A9 FF        	lda     #$FF
000971r 1  A0 03        	ldy     #$03
000973r 1  91 rr        	sta     (c_sp),y
000975r 1               ;
000975r 1               ; previous_trigger = 1;
000975r 1               ;
000975r 1               	.dbg	line, "C:\Users\Alex\Chased3D\chased3d.c", 623
000975r 1  A9 01        	lda     #$01
000977r 1  88           	dey
000978r 1  91 rr        	sta     (c_sp),y
00097Ar 1               ;
00097Ar 1               ; now = *(volatile unsigned char *)RTCLOK_LOW;
00097Ar 1               ;
00097Ar 1               	.dbg	line, "C:\Users\Alex\Chased3D\chased3d.c", 626
00097Ar 1  A5 14        L0030:	lda     $0014
00097Cr 1  A0 04        	ldy     #$04
00097Er 1  91 rr        	sta     (c_sp),y
000980r 1               ;
000980r 1               ; frame_ticks = (unsigned char)(now - prev_tick);
000980r 1               ;
000980r 1               	.dbg	line, "C:\Users\Alex\Chased3D\chased3d.c", 627
000980r 1  38           	sec
000981r 1  C8           	iny
000982r 1  F1 rr        	sbc     (c_sp),y
000984r 1  8D rr rr     	sta     _frame_ticks
000987r 1               ;
000987r 1               ; if (frame_ticks == 0) frame_ticks = 1;
000987r 1               ;
000987r 1               	.dbg	line, "C:\Users\Alex\Chased3D\chased3d.c", 628
000987r 1  AD rr rr     	lda     _frame_ticks
00098Ar 1  D0 05        	bne     L0031
00098Cr 1  A9 01        	lda     #$01
00098Er 1               ;
00098Er 1               ; else if (frame_ticks > MAX_TICKS) frame_ticks = MAX_TICKS;
00098Er 1               ;
00098Er 1               	.dbg	line, "C:\Users\Alex\Chased3D\chased3d.c", 629
00098Er 1  4C rr rr     	jmp     L002C
000991r 1  AD rr rr     L0031:	lda     _frame_ticks
000994r 1  C9 07        	cmp     #$07
000996r 1  90 05        	bcc     L000A
000998r 1  A9 06        	lda     #$06
00099Ar 1  8D rr rr     L002C:	sta     _frame_ticks
00099Dr 1               ;
00099Dr 1               ; prev_tick = now;
00099Dr 1               ;
00099Dr 1               	.dbg	line, "C:\Users\Alex\Chased3D\chased3d.c", 630
00099Dr 1  88           L000A:	dey
00099Er 1  B1 rr        	lda     (c_sp),y
0009A0r 1  C8           	iny
0009A1r 1  91 rr        	sta     (c_sp),y
0009A3r 1               ;
0009A3r 1               ; key = read_key();
0009A3r 1               ;
0009A3r 1               	.dbg	line, "C:\Users\Alex\Chased3D\chased3d.c", 632
0009A3r 1  20 rr rr     	jsr     _read_key
0009A6r 1  A0 08        	ldy     #$08
0009A8r 1  91 rr        	sta     (c_sp),y
0009AAr 1               ;
0009AAr 1               ; joystick = (unsigned char)~*(volatile unsigned char *)JOYSTICK_DIRECTIONS0;
0009AAr 1               ;
0009AAr 1               	.dbg	line, "C:\Users\Alex\Chased3D\chased3d.c", 633
0009AAr 1  AD 00 D3     	lda     $D300
0009ADr 1  49 FF        	eor     #$FF
0009AFr 1  88           	dey
0009B0r 1  91 rr        	sta     (c_sp),y
0009B2r 1               ;
0009B2r 1               ; if (key == KEY_W || (joystick & JOY_UP_MASK)) step_forward(1);
0009B2r 1               ;
0009B2r 1               	.dbg	line, "C:\Users\Alex\Chased3D\chased3d.c", 634
0009B2r 1  C8           	iny
0009B3r 1  B1 rr        	lda     (c_sp),y
0009B5r 1  C9 2E        	cmp     #$2E
0009B7r 1  F0 07        	beq     L0032
0009B9r 1  88           	dey
0009BAr 1  B1 rr        	lda     (c_sp),y
0009BCr 1  29 01        	and     #$01
0009BEr 1  F0 05        	beq     L000B
0009C0r 1  A9 01        L0032:	lda     #$01
0009C2r 1               ;
0009C2r 1               ; else if (key == KEY_S || (joystick & JOY_DOWN_MASK)) step_forward(-1);
0009C2r 1               ;
0009C2r 1               	.dbg	line, "C:\Users\Alex\Chased3D\chased3d.c", 635
0009C2r 1  4C rr rr     	jmp     L002D
0009C5r 1  C8           L000B:	iny
0009C6r 1  B1 rr        	lda     (c_sp),y
0009C8r 1  C9 3E        	cmp     #$3E
0009CAr 1  F0 07        	beq     L0033
0009CCr 1  88           	dey
0009CDr 1  B1 rr        	lda     (c_sp),y
0009CFr 1  29 02        	and     #$02
0009D1r 1  F0 05        	beq     L000F
0009D3r 1  A9 FF        L0033:	lda     #$FF
0009D5r 1  20 rr rr     L002D:	jsr     _step_forward
0009D8r 1               ;
0009D8r 1               ; if (key == KEY_A || (joystick & JOY_LEFT_MASK))
0009D8r 1               ;
0009D8r 1               	.dbg	line, "C:\Users\Alex\Chased3D\chased3d.c", 636
0009D8r 1  A0 08        L000F:	ldy     #$08
0009DAr 1  B1 rr        	lda     (c_sp),y
0009DCr 1  C9 3F        	cmp     #$3F
0009DEr 1  F0 07        	beq     L0034
0009E0r 1  88           	dey
0009E1r 1  B1 rr        	lda     (c_sp),y
0009E3r 1  29 04        	and     #$04
0009E5r 1  F0 1C        	beq     L0012
0009E7r 1               ;
0009E7r 1               ; player_angle -= TURN_PER_TICK * frame_ticks;
0009E7r 1               ;
0009E7r 1               	.dbg	line, "C:\Users\Alex\Chased3D\chased3d.c", 637
0009E7r 1  AD rr rr     L0034:	lda     _frame_ticks
0009EAr 1  20 rr rr     	jsr     pusha0
0009EDr 1  A2 01        	ldx     #$01
0009EFr 1  A9 90        	lda     #$90
0009F1r 1  20 rr rr     	jsr     tosumulax
0009F4r 1  49 FF        	eor     #$FF
0009F6r 1  38           	sec
0009F7r 1  6D rr rr     	adc     _player_angle
0009FAr 1  8D rr rr     	sta     _player_angle
0009FDr 1  8A           	txa
0009FEr 1  49 FF        	eor     #$FF
000A00r 1               ;
000A00r 1               ; else if (key == KEY_D || (joystick & JOY_RIGHT_MASK))
000A00r 1               ;
000A00r 1               	.dbg	line, "C:\Users\Alex\Chased3D\chased3d.c", 638
000A00r 1  4C rr rr     	jmp     L0040
000A03r 1  C8           L0012:	iny
000A04r 1  B1 rr        	lda     (c_sp),y
000A06r 1  C9 3A        	cmp     #$3A
000A08r 1  F0 07        	beq     L0035
000A0Ar 1  88           	dey
000A0Br 1  B1 rr        	lda     (c_sp),y
000A0Dr 1  29 08        	and     #$08
000A0Fr 1  F0 1B        	beq     L0016
000A11r 1               ;
000A11r 1               ; player_angle += TURN_PER_TICK * frame_ticks;
000A11r 1               ;
000A11r 1               	.dbg	line, "C:\Users\Alex\Chased3D\chased3d.c", 639
000A11r 1  AD rr rr     L0035:	lda     _frame_ticks
000A14r 1  20 rr rr     	jsr     pusha0
000A17r 1  A2 01        	ldx     #$01
000A19r 1  A9 90        	lda     #$90
000A1Br 1  20 rr rr     	jsr     tosumulax
000A1Er 1  18           	clc
000A1Fr 1  6D rr rr     	adc     _player_angle
000A22r 1  8D rr rr     	sta     _player_angle
000A25r 1  8A           	txa
000A26r 1  6D rr rr     L0040:	adc     _player_angle+1
000A29r 1  8D rr rr     	sta     _player_angle+1
000A2Cr 1               ;
000A2Cr 1               ; if ((key == KEY_SPACE && previous_key != KEY_SPACE)
000A2Cr 1               ;
000A2Cr 1               	.dbg	line, "C:\Users\Alex\Chased3D\chased3d.c", 640
000A2Cr 1  A0 08        L0016:	ldy     #$08
000A2Er 1  B1 rr        	lda     (c_sp),y
000A30r 1  C9 21        	cmp     #$21
000A32r 1  D0 08        	bne     L0038
000A34r 1  A0 03        	ldy     #$03
000A36r 1  B1 rr        	lda     (c_sp),y
000A38r 1  C9 21        	cmp     #$21
000A3Ar 1  D0 0B        	bne     L003E
000A3Cr 1               ;
000A3Cr 1               ; || (*(volatile unsigned char *)JOYSTICK_FIRE0 == 0
000A3Cr 1               ;
000A3Cr 1               	.dbg	line, "C:\Users\Alex\Chased3D\chased3d.c", 641
000A3Cr 1  AD 10 D0     L0038:	lda     $D010
000A3Fr 1               ;
000A3Fr 1               ; && previous_trigger != 0)) deploy_decoy();
000A3Fr 1               ;
000A3Fr 1               	.dbg	line, "C:\Users\Alex\Chased3D\chased3d.c", 642
000A3Fr 1  D0 09        	bne     L0019
000A41r 1  A0 02        	ldy     #$02
000A43r 1  B1 rr        	lda     (c_sp),y
000A45r 1  F0 03        	beq     L0019
000A47r 1  20 rr rr     L003E:	jsr     _deploy_decoy
000A4Ar 1               ;
000A4Ar 1               ; previous_key = key;
000A4Ar 1               ;
000A4Ar 1               	.dbg	line, "C:\Users\Alex\Chased3D\chased3d.c", 643
000A4Ar 1  A0 08        L0019:	ldy     #$08
000A4Cr 1  B1 rr        	lda     (c_sp),y
000A4Er 1  A0 03        	ldy     #$03
000A50r 1  91 rr        	sta     (c_sp),y
000A52r 1               ;
000A52r 1               ; previous_trigger = *(volatile unsigned char *)JOYSTICK_FIRE0;
000A52r 1               ;
000A52r 1               	.dbg	line, "C:\Users\Alex\Chased3D\chased3d.c", 644
000A52r 1  AD 10 D0     	lda     $D010
000A55r 1  88           	dey
000A56r 1  91 rr        	sta     (c_sp),y
000A58r 1               ;
000A58r 1               ; update_decoy_recharge();
000A58r 1               ;
000A58r 1               	.dbg	line, "C:\Users\Alex\Chased3D\chased3d.c", 646
000A58r 1  20 rr rr     	jsr     _update_decoy_recharge
000A5Br 1               ;
000A5Br 1               ; update_laser();
000A5Br 1               ;
000A5Br 1               	.dbg	line, "C:\Users\Alex\Chased3D\chased3d.c", 647
000A5Br 1  20 rr rr     	jsr     _update_laser
000A5Er 1               ;
000A5Er 1               ; update_threat_sound();
000A5Er 1               ;
000A5Er 1               	.dbg	line, "C:\Users\Alex\Chased3D\chased3d.c", 649
000A5Er 1  20 rr rr     	jsr     _update_threat_sound
000A61r 1               ;
000A61r 1               ; if (pursuer_caught_player() || sprite3d_hit_laser(player_x, player_y))
000A61r 1               ;
000A61r 1               	.dbg	line, "C:\Users\Alex\Chased3D\chased3d.c", 650
000A61r 1  20 rr rr     	jsr     _pursuer_caught_player
000A64r 1  AA           	tax
000A65r 1  D0 15        	bne     L0023
000A67r 1  AD rr rr     	lda     _player_x
000A6Ar 1  AE rr rr     	ldx     _player_x+1
000A6Dr 1  20 rr rr     	jsr     pushax
000A70r 1  AD rr rr     	lda     _player_y
000A73r 1  AE rr rr     	ldx     _player_y+1
000A76r 1  20 rr rr     	jsr     _sprite3d_hit_laser
000A79r 1  AA           	tax
000A7Ar 1  F0 03        	beq     L0022
000A7Cr 1               ;
000A7Cr 1               ; handle_catch();
000A7Cr 1               ;
000A7Cr 1               	.dbg	line, "C:\Users\Alex\Chased3D\chased3d.c", 651
000A7Cr 1  20 rr rr     L0023:	jsr     _handle_catch
000A7Fr 1               ;
000A7Fr 1               ; if (sprite3d_collect(player_x, player_y)) {
000A7Fr 1               ;
000A7Fr 1               	.dbg	line, "C:\Users\Alex\Chased3D\chased3d.c", 652
000A7Fr 1  AD rr rr     L0022:	lda     _player_x
000A82r 1  AE rr rr     	ldx     _player_x+1
000A85r 1  20 rr rr     	jsr     pushax
000A88r 1  AD rr rr     	lda     _player_y
000A8Br 1  AE rr rr     	ldx     _player_y+1
000A8Er 1  20 rr rr     	jsr     _sprite3d_collect
000A91r 1  AA           	tax
000A92r 1  F0 27        	beq     L0027
000A94r 1               ;
000A94r 1               ; hud_set_targets(sprite3d_targets_left());
000A94r 1               ;
000A94r 1               	.dbg	line, "C:\Users\Alex\Chased3D\chased3d.c", 653
000A94r 1  20 rr rr     	jsr     _sprite3d_targets_left
000A97r 1  20 rr rr     	jsr     _hud_set_targets
000A9Ar 1               ;
000A9Ar 1               ; add_score(SCORE_PER_TARGET);
000A9Ar 1               ;
000A9Ar 1               	.dbg	line, "C:\Users\Alex\Chased3D\chased3d.c", 654
000A9Ar 1  A9 64        	lda     #$64
000A9Cr 1  20 rr rr     	jsr     _add_score
000A9Fr 1               ;
000A9Fr 1               ; if (sprite3d_targets_left() == 0) {
000A9Fr 1               ;
000A9Fr 1               	.dbg	line, "C:\Users\Alex\Chased3D\chased3d.c", 655
000A9Fr 1  20 rr rr     	jsr     _sprite3d_targets_left
000AA2r 1  C9 00        	cmp     #$00
000AA4r 1  D0 12        	bne     L0026
000AA6r 1               ;
000AA6r 1               ; maze_set_exit_open(1);
000AA6r 1               ;
000AA6r 1               	.dbg	line, "C:\Users\Alex\Chased3D\chased3d.c", 656
000AA6r 1  A9 01        	lda     #$01
000AA8r 1  20 rr rr     	jsr     _maze_set_exit_open
000AABr 1               ;
000AABr 1               ; minimap_open_exit();
000AABr 1               ;
000AABr 1               	.dbg	line, "C:\Users\Alex\Chased3D\chased3d.c", 657
000AABr 1  20 rr rr     	jsr     _minimap_open_exit
000AAEr 1               ;
000AAEr 1               ; melody_play(LAST_TARGET_MELODY);
000AAEr 1               ;
000AAEr 1               	.dbg	line, "C:\Users\Alex\Chased3D\chased3d.c", 658
000AAEr 1  A9 rr        	lda     #<(S0013)
000AB0r 1  A2 rr        	ldx     #>(S0013)
000AB2r 1  20 rr rr     	jsr     _melody_play
000AB5r 1               ;
000AB5r 1               ; } else {
000AB5r 1               ;
000AB5r 1               	.dbg	line, "C:\Users\Alex\Chased3D\chased3d.c", 659
000AB5r 1  4C rr rr     	jmp     L0027
000AB8r 1               ;
000AB8r 1               ; melody_pickup();
000AB8r 1               ;
000AB8r 1               	.dbg	line, "C:\Users\Alex\Chased3D\chased3d.c", 660
000AB8r 1  20 rr rr     L0026:	jsr     _melody_pickup
000ABBr 1               ;
000ABBr 1               ; if (sprite3d_reached_exit(player_x, player_y)) handle_level_clear();
000ABBr 1               ;
000ABBr 1               	.dbg	line, "C:\Users\Alex\Chased3D\chased3d.c", 663
000ABBr 1  AD rr rr     L0027:	lda     _player_x
000ABEr 1  AE rr rr     	ldx     _player_x+1
000AC1r 1  20 rr rr     	jsr     pushax
000AC4r 1  AD rr rr     	lda     _player_y
000AC7r 1  AE rr rr     	ldx     _player_y+1
000ACAr 1  20 rr rr     	jsr     _sprite3d_reached_exit
000ACDr 1  AA           	tax
000ACEr 1  F0 03        	beq     L0028
000AD0r 1  20 rr rr     	jsr     _handle_level_clear
000AD3r 1               ;
000AD3r 1               ; view3d_render(player_x, player_y, player_angle);
000AD3r 1               ;
000AD3r 1               	.dbg	line, "C:\Users\Alex\Chased3D\chased3d.c", 665
000AD3r 1  AD rr rr     L0028:	lda     _player_x
000AD6r 1  AE rr rr     	ldx     _player_x+1
000AD9r 1  20 rr rr     	jsr     pushax
000ADCr 1  AD rr rr     	lda     _player_y
000ADFr 1  AE rr rr     	ldx     _player_y+1
000AE2r 1  20 rr rr     	jsr     pushax
000AE5r 1  AD rr rr     	lda     _player_angle
000AE8r 1  AE rr rr     	ldx     _player_angle+1
000AEBr 1  20 rr rr     	jsr     _view3d_render
000AEEr 1               ;
000AEEr 1               ; sprite3d_draw_targets(player_x, player_y, player_angle);
000AEEr 1               ;
000AEEr 1               	.dbg	line, "C:\Users\Alex\Chased3D\chased3d.c", 666
000AEEr 1  AD rr rr     	lda     _player_x
000AF1r 1  AE rr rr     	ldx     _player_x+1
000AF4r 1  20 rr rr     	jsr     pushax
000AF7r 1  AD rr rr     	lda     _player_y
000AFAr 1  AE rr rr     	ldx     _player_y+1
000AFDr 1  20 rr rr     	jsr     pushax
000B00r 1  AD rr rr     	lda     _player_angle
000B03r 1  AE rr rr     	ldx     _player_angle+1
000B06r 1  20 rr rr     	jsr     _sprite3d_draw_targets
000B09r 1               ;
000B09r 1               ; sprite3d_draw_pursuer(player_x, player_y, player_angle,
000B09r 1               ;
000B09r 1               	.dbg	line, "C:\Users\Alex\Chased3D\chased3d.c", 667
000B09r 1  AD rr rr     	lda     _player_x
000B0Cr 1  AE rr rr     	ldx     _player_x+1
000B0Fr 1  20 rr rr     	jsr     pushax
000B12r 1  AD rr rr     	lda     _player_y
000B15r 1  AE rr rr     	ldx     _player_y+1
000B18r 1  20 rr rr     	jsr     pushax
000B1Br 1  AD rr rr     	lda     _player_angle
000B1Er 1  AE rr rr     	ldx     _player_angle+1
000B21r 1  20 rr rr     	jsr     pushax
000B24r 1               ;
000B24r 1               ; pursuer_x, pursuer_y);
000B24r 1               ;
000B24r 1               	.dbg	line, "C:\Users\Alex\Chased3D\chased3d.c", 668
000B24r 1  AD rr rr     	lda     _pursuer_x
000B27r 1  AE rr rr     	ldx     _pursuer_x+1
000B2Ar 1  20 rr rr     	jsr     pushax
000B2Dr 1  AD rr rr     	lda     _pursuer_y
000B30r 1  AE rr rr     	ldx     _pursuer_y+1
000B33r 1  20 rr rr     	jsr     _sprite3d_draw_pursuer
000B36r 1               ;
000B36r 1               ; sprite3d_draw_decoy(decoy_active, player_x, player_y, player_angle,
000B36r 1               ;
000B36r 1               	.dbg	line, "C:\Users\Alex\Chased3D\chased3d.c", 669
000B36r 1  AD rr rr     	lda     _decoy_active
000B39r 1  20 rr rr     	jsr     pusha
000B3Cr 1  AD rr rr     	lda     _player_x
000B3Fr 1  AE rr rr     	ldx     _player_x+1
000B42r 1  20 rr rr     	jsr     pushax
000B45r 1  AD rr rr     	lda     _player_y
000B48r 1  AE rr rr     	ldx     _player_y+1
000B4Br 1  20 rr rr     	jsr     pushax
000B4Er 1  AD rr rr     	lda     _player_angle
000B51r 1  AE rr rr     	ldx     _player_angle+1
000B54r 1  20 rr rr     	jsr     pushax
000B57r 1               ;
000B57r 1               ; decoy_x, decoy_y);
000B57r 1               ;
000B57r 1               	.dbg	line, "C:\Users\Alex\Chased3D\chased3d.c", 670
000B57r 1  AD rr rr     	lda     _decoy_x
000B5Ar 1  AE rr rr     	ldx     _decoy_x+1
000B5Dr 1  20 rr rr     	jsr     pushax
000B60r 1  AD rr rr     	lda     _decoy_y
000B63r 1  AE rr rr     	ldx     _decoy_y+1
000B66r 1  20 rr rr     	jsr     _sprite3d_draw_decoy
000B69r 1               ;
000B69r 1               ; minimap_update(player_x, player_y, player_angle);
000B69r 1               ;
000B69r 1               	.dbg	line, "C:\Users\Alex\Chased3D\chased3d.c", 671
000B69r 1  AD rr rr     	lda     _player_x
000B6Cr 1  AE rr rr     	ldx     _player_x+1
000B6Fr 1  20 rr rr     	jsr     pushax
000B72r 1  AD rr rr     	lda     _player_y
000B75r 1  AE rr rr     	ldx     _player_y+1
000B78r 1  20 rr rr     	jsr     pushax
000B7Br 1  AD rr rr     	lda     _player_angle
000B7Er 1  AE rr rr     	ldx     _player_angle+1
000B81r 1  20 rr rr     	jsr     _minimap_update
000B84r 1               ;
000B84r 1               ; ++frames;
000B84r 1               ;
000B84r 1               	.dbg	line, "C:\Users\Alex\Chased3D\chased3d.c", 674
000B84r 1  A0 00        	ldy     #$00
000B86r 1  18           	clc
000B87r 1  A9 01        	lda     #$01
000B89r 1  71 rr        	adc     (c_sp),y
000B8Br 1  91 rr        	sta     (c_sp),y
000B8Dr 1               ;
000B8Dr 1               ; now = *(volatile unsigned char *)RTCLOK_LOW;
000B8Dr 1               ;
000B8Dr 1               	.dbg	line, "C:\Users\Alex\Chased3D\chased3d.c", 675
000B8Dr 1  A5 14        	lda     $0014
000B8Fr 1  A0 04        	ldy     #$04
000B91r 1  91 rr        	sta     (c_sp),y
000B93r 1               ;
000B93r 1               ; if ((unsigned char)(now - last_tick) >= ticks_per_second) {
000B93r 1               ;
000B93r 1               	.dbg	line, "C:\Users\Alex\Chased3D\chased3d.c", 676
000B93r 1  38           	sec
000B94r 1  A0 01        	ldy     #$01
000B96r 1  F1 rr        	sbc     (c_sp),y
000B98r 1  A0 06        	ldy     #$06
000B9Ar 1  D1 rr        	cmp     (c_sp),y
000B9Cr 1  90 14        	bcc     L0029
000B9Er 1               ;
000B9Er 1               ; hud_set_fps(frames);
000B9Er 1               ;
000B9Er 1               	.dbg	line, "C:\Users\Alex\Chased3D\chased3d.c", 677
000B9Er 1  A0 00        	ldy     #$00
000BA0r 1  B1 rr        	lda     (c_sp),y
000BA2r 1  20 rr rr     	jsr     _hud_set_fps
000BA5r 1               ;
000BA5r 1               ; frames = 0;
000BA5r 1               ;
000BA5r 1               	.dbg	line, "C:\Users\Alex\Chased3D\chased3d.c", 678
000BA5r 1  A9 00        	lda     #$00
000BA7r 1  A8           	tay
000BA8r 1  91 rr        	sta     (c_sp),y
000BAAr 1               ;
000BAAr 1               ; last_tick = now;
000BAAr 1               ;
000BAAr 1               	.dbg	line, "C:\Users\Alex\Chased3D\chased3d.c", 679
000BAAr 1  A0 04        	ldy     #$04
000BACr 1  B1 rr        	lda     (c_sp),y
000BAEr 1  A0 01        	ldy     #$01
000BB0r 1  91 rr        	sta     (c_sp),y
000BB2r 1               ;
000BB2r 1               ; wait_frame();
000BB2r 1               ;
000BB2r 1               	.dbg	line, "C:\Users\Alex\Chased3D\chased3d.c", 682
000BB2r 1  20 rr rr     L0029:	jsr     _wait_frame
000BB5r 1               ;
000BB5r 1               ; }
000BB5r 1               ;
000BB5r 1               	.dbg	line, "C:\Users\Alex\Chased3D\chased3d.c", 683
000BB5r 1  4C rr rr     	jmp     L0030
000BB8r 1               
000BB8r 1               	.dbg	line
000BB8r 1               .endproc
000BB8r 1               
000BB8r 1               
