ca65 V2.19 - Git 547d923
Main file   : C:\Users\Alex\Chased3D\debug\sprite3d.s
Current file: C:\Users\Alex\Chased3D\debug\sprite3d.s

000000r 1               ;
000000r 1               ; File generated by cc65 v 2.19 - Git 547d923
000000r 1               ;
000000r 1               	.fopt		compiler,"cc65 v 2.19 - Git 547d923"
000000r 1               	.setcpu		"6502"
000000r 1               	.smart		on
000000r 1               	.autoimport	on
000000r 1               	.case		on
000000r 1               	.debuginfo	on
000000r 1               	.importzp	c_sp, sreg, regsave, regbank
000000r 1               	.importzp	tmp1, tmp2, tmp3, tmp4, ptr1, ptr2, ptr3, ptr4
000000r 1               	.macpack	longbranch
000000r 2               .macro  jeq     Target
000000r 2                       .if     .match(Target, 0)
000000r 2                       bne     *+5
000000r 2                       jmp     Target
000000r 2                       .elseif .def(Target) .and .const((*-2)-(Target)) .and ((*+2)-(Target) <= 127)
000000r 2                               beq     Target
000000r 2                       .else
000000r 2                               bne     *+5
000000r 2                               jmp     Target
000000r 2                       .endif
000000r 2               .endmacro
000000r 2               .macro  jne     Target
000000r 2                       .if     .match(Target, 0)
000000r 2                               beq     *+5
000000r 2                               jmp     Target
000000r 2                       .elseif .def(Target) .and .const((*-2)-(Target)) .and ((*+2)-(Target) <= 127)
000000r 2                               bne     Target
000000r 2                       .else
000000r 2                               beq     *+5
000000r 2                               jmp     Target
000000r 2                       .endif
000000r 2               .endmacro
000000r 2               .macro  jmi     Target
000000r 2                       .if     .match(Target, 0)
000000r 2                               bpl     *+5
000000r 2                               jmp     Target
000000r 2                       .elseif .def(Target) .and .const((*-2)-(Target)) .and ((*+2)-(Target) <= 127)
000000r 2                               bmi     Target
000000r 2                       .else
000000r 2                               bpl     *+5
000000r 2                               jmp     Target
000000r 2                       .endif
000000r 2               .endmacro
000000r 2               .macro  jpl     Target
000000r 2                       .if     .match(Target, 0)
000000r 2                               bmi     *+5
000000r 2                               jmp     Target
000000r 2                       .elseif .def(Target) .and .const((*-2)-(Target)) .and ((*+2)-(Target) <= 127)
000000r 2                               bpl     Target
000000r 2                       .else
000000r 2                               bmi     *+5
000000r 2                               jmp     Target
000000r 2                       .endif
000000r 2               .endmacro
000000r 2               .macro  jcs     Target
000000r 2                       .if     .match(Target, 0)
000000r 2                               bcc     *+5
000000r 2                               jmp     Target
000000r 2                       .elseif .def(Target) .and .const((*-2)-(Target)) .and ((*+2)-(Target) <= 127)
000000r 2                               bcs     Target
000000r 2                       .else
000000r 2                               bcc     *+5
000000r 2                               jmp     Target
000000r 2                       .endif
000000r 2               .endmacro
000000r 2               .macro  jcc     Target
000000r 2                       .if     .match(Target, 0)
000000r 2                               bcs     *+5
000000r 2                               jmp     Target
000000r 2                       .elseif .def(Target) .and .const((*-2)-(Target)) .and ((*+2)-(Target) <= 127)
000000r 2                               bcc     Target
000000r 2                       .else
000000r 2                               bcs     *+5
000000r 2                               jmp     Target
000000r 2                       .endif
000000r 2               .endmacro
000000r 2               .macro  jvs     Target
000000r 2                       .if     .match(Target, 0)
000000r 2                               bvc     *+5
000000r 2                               jmp     Target
000000r 2                       .elseif .def(Target) .and .const((*-2)-(Target)) .and ((*+2)-(Target) <= 127)
000000r 2                               bvs     Target
000000r 2                       .else
000000r 2                               bvc     *+5
000000r 2                               jmp     Target
000000r 2                       .endif
000000r 2               .endmacro
000000r 2               .macro  jvc     Target
000000r 2                       .if     .match(Target, 0)
000000r 2                               bvs     *+5
000000r 2                               jmp     Target
000000r 2                       .elseif .def(Target) .and .const((*-2)-(Target)) .and ((*+2)-(Target) <= 127)
000000r 2                               bvc     Target
000000r 2                       .else
000000r 2                               bvs     *+5
000000r 2                               jmp     Target
000000r 2                       .endif
000000r 2               .endmacro
000000r 2               
000000r 1               	.dbg		file, "C:\Users\Alex\Chased3D\sprite3d.c", 18546, 1788644459
000000r 1               	.dbg		file, "C:\tools\cc65\include/atari.h", 22152, 1786840064
000000r 1               	.dbg		file, "C:\tools\cc65\include/_atarios.h", 40084, 1786840064
000000r 1               	.dbg		file, "C:\tools\cc65\include/_gtia.h", 13839, 1786840064
000000r 1               	.dbg		file, "C:\tools\cc65\include/_pbi.h", 3143, 1786840064
000000r 1               	.dbg		file, "C:\tools\cc65\include/_pokey.h", 11376, 1786840064
000000r 1               	.dbg		file, "C:\tools\cc65\include/_pia.h", 3044, 1786840064
000000r 1               	.dbg		file, "C:\tools\cc65\include/_antic.h", 11827, 1786840064
000000r 1               	.dbg		file, "C:\tools\cc65\include/stdlib.h", 6948, 1786840065
000000r 1               	.dbg		file, "C:\Users\Alex\Chased3D/maze.h", 550, 1787868964
000000r 1               	.dbg		file, "C:\Users\Alex\Chased3D/trig3d.h", 333, 1787781160
000000r 1               	.dbg		file, "C:\Users\Alex\Chased3D/view3d.h", 1474, 1788645070
000000r 1               	.dbg		file, "C:\Users\Alex\Chased3D/sprite3d.h", 910, 1787954059
000000r 1               	.dbg		sym, "maze_map", "00", extern, "_maze_map"
000000r 1               	.dbg		sym, "maze_exit_col", "00", extern, "_maze_exit_col"
000000r 1               	.dbg		sym, "maze_exit_row", "00", extern, "_maze_exit_row"
000000r 1               	.dbg		sym, "maze_exit_found", "00", extern, "_maze_exit_found"
000000r 1               	.dbg		sym, "sin3d", "00", extern, "_sin3d"
000000r 1               	.dbg		sym, "col_dist", "00", extern, "_col_dist"
000000r 1               	.import		_rand
000000r 1               	.import		_maze_map
000000r 1               	.import		_maze_exit_col
000000r 1               	.import		_maze_exit_row
000000r 1               	.import		_maze_exit_found
000000r 1               	.import		_maze_solid
000000r 1               	.import		_sin3d
000000r 1               	.import		_view3d_wall_height
000000r 1               	.import		_col_dist
000000r 1               	.export		_sprite3d_init
000000r 1               	.export		_sprite3d_build_targets
000000r 1               	.export		_sprite3d_build_laser
000000r 1               	.export		_sprite3d_locate_exit
000000r 1               	.export		_sprite3d_draw_targets
000000r 1               	.export		_sprite3d_draw_pursuer
000000r 1               	.export		_sprite3d_draw_decoy
000000r 1               	.export		_sprite3d_collect
000000r 1               	.export		_sprite3d_hit_laser
000000r 1               	.export		_sprite3d_targets_left
000000r 1               	.export		_sprite3d_clear_all
000000r 1               	.export		_sprite3d_reached_exit
000000r 1               
000000r 1               .segment	"RODATA"
000000r 1               
000000r 1               .segment	"PAGE6DATA"
000000r 1               _target_sprite:
000000r 1  E1           	.byte	$E1
000001r 1  92           	.byte	$92
000002r 1  4C           	.byte	$4C
000003r 1  4A           	.byte	$4A
000004r 1  31           	.byte	$31
000005r 1  31           	.byte	$31
000006r 1  4D           	.byte	$4D
000007r 1  83           	.byte	$83
000008r 1  80           	.byte	$80
000009r 1  80           	.byte	$80
00000Ar 1  80           	.byte	$80
00000Br 1  80           	.byte	$80
00000Cr 1  80           	.byte	$80
00000Dr 1  80           	.byte	$80
00000Er 1  FF           	.byte	$FF
00000Fr 1  FF           	.byte	$FF
000010r 1               _pursuer_sprite:
000010r 1  00           	.byte	$00
000011r 1  00           	.byte	$00
000012r 1  00           	.byte	$00
000013r 1  00           	.byte	$00
000014r 1  00           	.byte	$00
000015r 1  00           	.byte	$00
000016r 1  00           	.byte	$00
000017r 1  00           	.byte	$00
000018r 1  42           	.byte	$42
000019r 1  99           	.byte	$99
00001Ar 1  BD           	.byte	$BD
00001Br 1  FF           	.byte	$FF
00001Cr 1  BD           	.byte	$BD
00001Dr 1  99           	.byte	$99
00001Er 1  42           	.byte	$42
00001Fr 1  00           	.byte	$00
000020r 1  00           	.byte	$00
000021r 1  00           	.byte	$00
000022r 1  00           	.byte	$00
000023r 1  00           	.byte	$00
000024r 1  00           	.byte	$00
000025r 1  00           	.byte	$00
000026r 1               _decoy_sprite:
000026r 1  18           	.byte	$18
000027r 1  24           	.byte	$24
000028r 1  42           	.byte	$42
000029r 1  81           	.byte	$81
00002Ar 1  18           	.byte	$18
00002Br 1  24           	.byte	$24
00002Cr 1  42           	.byte	$42
00002Dr 1  00           	.byte	$00
00002Er 1  18           	.byte	$18
00002Fr 1  24           	.byte	$24
000030r 1  42           	.byte	$42
000031r 1  18           	.byte	$18
000032r 1  24           	.byte	$24
000033r 1  81           	.byte	$81
000034r 1  FF           	.byte	$FF
000035r 1  FF           	.byte	$FF
000036r 1               _exit_sprite:
000036r 1  18           	.byte	$18
000037r 1  3C           	.byte	$3C
000038r 1  7E           	.byte	$7E
000039r 1  FF           	.byte	$FF
00003Ar 1  FF           	.byte	$FF
00003Br 1  3C           	.byte	$3C
00003Cr 1  3C           	.byte	$3C
00003Dr 1  3C           	.byte	$3C
00003Er 1  3C           	.byte	$3C
00003Fr 1  3C           	.byte	$3C
000040r 1  3C           	.byte	$3C
000041r 1  3C           	.byte	$3C
000042r 1  3C           	.byte	$3C
000043r 1  3C           	.byte	$3C
000044r 1  3C           	.byte	$3C
000045r 1  3C           	.byte	$3C
000046r 1               _laser_sprite:
000046r 1  00           	.byte	$00
000047r 1  81           	.byte	$81
000048r 1  24           	.byte	$24
000049r 1  5A           	.byte	$5A
00004Ar 1  18           	.byte	$18
00004Br 1  7E           	.byte	$7E
00004Cr 1  3C           	.byte	$3C
00004Dr 1  FF           	.byte	$FF
00004Er 1  FF           	.byte	$FF
00004Fr 1  3C           	.byte	$3C
000050r 1  7E           	.byte	$7E
000051r 1  18           	.byte	$18
000052r 1  5A           	.byte	$5A
000053r 1  24           	.byte	$24
000054r 1  81           	.byte	$81
000055r 1  00           	.byte	$00
000056r 1               .segment	"RODATA"
000000r 1               
000000r 1               .segment	"BSS"
000000r 1               
000000r 1               .segment	"PMGRAM"
000000r 1               .segment	"BSS"
000000r 1               .segment	"AUXBSS"
000000r 1               .segment	"BSS"
000000r 1               .segment	"PMGRAM"
000000r 1               _pmg_ram:
000000r 1  00 00 00 00  	.res	1024,$00
000004r 1  00 00 00 00  
000008r 1  00 00 00 00  
000400r 1               .segment	"AUXBSS"
000000r 1               _exit_px:
000000r 1  00 00        	.res	2,$00
000002r 1               _exit_py:
000002r 1  00 00        	.res	2,$00
000004r 1               _laser_px:
000004r 1  00 00 00 00  	.res	8,$00
000008r 1  00 00 00 00  
00000Cr 1               _laser_py:
00000Cr 1  00 00 00 00  	.res	8,$00
000010r 1  00 00 00 00  
000014r 1               _laser_count:
000014r 1  00           	.res	1,$00
000015r 1               _target_px:
000015r 1  00 00 00 00  	.res	48,$00
000019r 1  00 00 00 00  
00001Dr 1  00 00 00 00  
000045r 1               _target_py:
000045r 1  00 00 00 00  	.res	48,$00
000049r 1  00 00 00 00  
00004Dr 1  00 00 00 00  
000075r 1               _target_active:
000075r 1  00 00 00 00  	.res	24,$00
000079r 1  00 00 00 00  
00007Dr 1  00 00 00 00  
00008Dr 1               _target_count:
00008Dr 1  00           	.res	1,$00
00008Er 1               _targets_left:
00008Er 1  00           	.res	1,$00
00008Fr 1               _cand_dist:
00008Fr 1  00 00 00 00  	.res	6,$00
000093r 1  00 00        
000095r 1               _cand_x:
000095r 1  00 00 00     	.res	3,$00
000098r 1               _cand_top:
000098r 1  00 00 00     	.res	3,$00
00009Br 1               _cand_height:
00009Br 1  00 00 00     	.res	3,$00
00009Er 1               _cand_count:
00009Er 1  00           	.res	1,$00
00009Fr 1               _last_used:
00009Fr 1  00           	.res	1,$00
0000A0r 1               _projected_x:
0000A0r 1  00           	.res	1,$00
0000A1r 1               _projected_top:
0000A1r 1  00           	.res	1,$00
0000A2r 1               _projected_height:
0000A2r 1  00           	.res	1,$00
0000A3r 1               _projected_dist:
0000A3r 1  00 00        	.res	2,$00
0000A5r 1               _cand_limit:
0000A5r 1  00           	.res	1,$00
0000A6r 1               _player_clear_top:
0000A6r 1  00 00 00 00  	.res	4,$00
0000AAr 1               _player_clear_height:
0000AAr 1  00 00 00 00  	.res	4,$00
0000AEr 1               _decoy_clear_top:
0000AEr 1  00           	.res	1,$00
0000AFr 1               _decoy_clear_height:
0000AFr 1  00           	.res	1,$00
0000B0r 1               
0000B0r 1               ; ---------------------------------------------------------------
0000B0r 1               ; void __near__ sprite3d_init (void)
0000B0r 1               ; ---------------------------------------------------------------
0000B0r 1               
0000B0r 1               .segment	"CODE"
000000r 1               
000000r 1               .proc	_sprite3d_init: near
000000r 1               
000000r 1               	.dbg	func, "sprite3d_init", "00", static, "_sprite3d_init"
000000r 1               	.dbg	sym, "i", "00", auto, -2
000000r 1               	.dbg	sym, "player", "00", auto, -3
000000r 1               
000000r 1               .segment	"CODE"
000000r 1               
000000r 1               ;
000000r 1               ; for (i = 0; i < sizeof(pmg_ram); ++i) {
000000r 1               ;
000000r 1               	.dbg	line, "C:\Users\Alex\Chased3D\sprite3d.c", 116
000000r 1  20 rr rr     	jsr     decsp3
000003r 1  A2 00        	ldx     #$00
000005r 1  8A           	txa
000006r 1  A0 01        	ldy     #$01
000008r 1  20 rr rr     	jsr     staxysp
00000Br 1  A0 02        L0002:	ldy     #$02
00000Dr 1  20 rr rr     	jsr     ldaxysp
000010r 1  E0 04        	cpx     #$04
000012r 1  B0 1D        	bcs     L0003
000014r 1               ;
000014r 1               ; pmg_ram[i] = 0;
000014r 1               ;
000014r 1               	.dbg	line, "C:\Users\Alex\Chased3D\sprite3d.c", 117
000014r 1  A0 02        	ldy     #$02
000016r 1  20 rr rr     	jsr     ldaxysp
000019r 1  18           	clc
00001Ar 1  69 rr        	adc     #<(_pmg_ram)
00001Cr 1  85 rr        	sta     ptr1
00001Er 1  8A           	txa
00001Fr 1  69 rr        	adc     #>(_pmg_ram)
000021r 1  85 rr        	sta     ptr1+1
000023r 1  A9 00        	lda     #$00
000025r 1  A8           	tay
000026r 1  91 rr        	sta     (ptr1),y
000028r 1               ;
000028r 1               ; for (i = 0; i < sizeof(pmg_ram); ++i) {
000028r 1               ;
000028r 1               	.dbg	line, "C:\Users\Alex\Chased3D\sprite3d.c", 116
000028r 1  C8           	iny
000029r 1  AA           	tax
00002Ar 1  98           	tya
00002Br 1  20 rr rr     	jsr     addeqysp
00002Er 1  4C rr rr     	jmp     L0002
000031r 1               ;
000031r 1               ; ANTIC.pmbase = (unsigned char)((unsigned int)pmg_ram >> 8);
000031r 1               ;
000031r 1               	.dbg	line, "C:\Users\Alex\Chased3D\sprite3d.c", 120
000031r 1  A2 rr        L0003:	ldx     #>(_pmg_ram)
000033r 1  8E 07 D4     	stx     $D407
000036r 1               ;
000036r 1               ; OS.sdmctl = 0x2E;                   /* normal playfield, DL, player+missile DMA */
000036r 1               ;
000036r 1               	.dbg	line, "C:\Users\Alex\Chased3D\sprite3d.c", 121
000036r 1  A9 2E        	lda     #$2E
000038r 1  8D 2F 02     	sta     $022F
00003Br 1               ;
00003Br 1               ; ANTIC.dmactl = OS.sdmctl;
00003Br 1               ;
00003Br 1               	.dbg	line, "C:\Users\Alex\Chased3D\sprite3d.c", 122
00003Br 1  8D 00 D4     	sta     $D400
00003Er 1               ;
00003Er 1               ; GTIA_WRITE.gractl = 0x03;
00003Er 1               ;
00003Er 1               	.dbg	line, "C:\Users\Alex\Chased3D\sprite3d.c", 123
00003Er 1  A9 03        	lda     #$03
000040r 1  8D 1D D0     	sta     $D01D
000043r 1               ;
000043r 1               ; OS.gprior = 0x11;                   /* players in front + missiles as Player 4 */
000043r 1               ;
000043r 1               	.dbg	line, "C:\Users\Alex\Chased3D\sprite3d.c", 124
000043r 1  A9 11        	lda     #$11
000045r 1  8D 6F 02     	sta     $026F
000048r 1               ;
000048r 1               ; GTIA_WRITE.prior = OS.gprior;
000048r 1               ;
000048r 1               	.dbg	line, "C:\Users\Alex\Chased3D\sprite3d.c", 125
000048r 1  8D 1B D0     	sta     $D01B
00004Br 1               ;
00004Br 1               ; OS.color3 = DECOY_COLOR;
00004Br 1               ;
00004Br 1               	.dbg	line, "C:\Users\Alex\Chased3D\sprite3d.c", 126
00004Br 1  A9 9A        	lda     #$9A
00004Dr 1  8D C7 02     	sta     $02C7
000050r 1               ;
000050r 1               ; GTIA_WRITE.colpf3 = DECOY_COLOR;
000050r 1               ;
000050r 1               	.dbg	line, "C:\Users\Alex\Chased3D\sprite3d.c", 127
000050r 1  8D 19 D0     	sta     $D019
000053r 1               ;
000053r 1               ; for (player = 0; player < PMG_PLAYERS; ++player) {
000053r 1               ;
000053r 1               	.dbg	line, "C:\Users\Alex\Chased3D\sprite3d.c", 129
000053r 1  A9 00        	lda     #$00
000055r 1  A8           	tay
000056r 1  91 rr        L0010:	sta     (c_sp),y
000058r 1  C9 04        	cmp     #$04
00005Ar 1  B0 3F        	bcs     L0014
00005Cr 1               ;
00005Cr 1               ; *(volatile unsigned char *)(SIZEP0 + player) = 0;
00005Cr 1               ;
00005Cr 1               	.dbg	line, "C:\Users\Alex\Chased3D\sprite3d.c", 130
00005Cr 1  B1 rr        	lda     (c_sp),y
00005Er 1  A8           	tay
00005Fr 1  A9 00        	lda     #$00
000061r 1  99 08 D0     	sta     $D008,y
000064r 1               ;
000064r 1               ; *(volatile unsigned char *)(PCOLR0 + player) =
000064r 1               ;
000064r 1               	.dbg	line, "C:\Users\Alex\Chased3D\sprite3d.c", 131
000064r 1  A2 02        	ldx     #$02
000066r 1  A9 C0        	lda     #$C0
000068r 1  A0 00        	ldy     #$00
00006Ar 1  18           	clc
00006Br 1  71 rr        	adc     (c_sp),y
00006Dr 1  90 01        	bcc     L000B
00006Fr 1  E8           	inx
000070r 1               ;
000070r 1               ; player == 0 ? PURSUER_COLOR : TARGET_COLOR;
000070r 1               ;
000070r 1               	.dbg	line, "C:\Users\Alex\Chased3D\sprite3d.c", 132
000070r 1  85 rr        L000B:	sta     ptr1
000072r 1  86 rr        	stx     ptr1+1
000074r 1  B1 rr        	lda     (c_sp),y
000076r 1  D0 05        	bne     L0011
000078r 1  A9 34        	lda     #$34
00007Ar 1  4C rr rr     	jmp     L0013
00007Dr 1  A9 1E        L0011:	lda     #$1E
00007Fr 1  91 rr        L0013:	sta     (ptr1),y
000081r 1               ;
000081r 1               ; player_clear_top[player] = 0;
000081r 1               ;
000081r 1               	.dbg	line, "C:\Users\Alex\Chased3D\sprite3d.c", 133
000081r 1  B1 rr        	lda     (c_sp),y
000083r 1  A8           	tay
000084r 1  A9 00        	lda     #$00
000086r 1  99 rr rr     	sta     _player_clear_top,y
000089r 1               ;
000089r 1               ; player_clear_height[player] = 0;
000089r 1               ;
000089r 1               	.dbg	line, "C:\Users\Alex\Chased3D\sprite3d.c", 134
000089r 1  A8           	tay
00008Ar 1  B1 rr        	lda     (c_sp),y
00008Cr 1  A8           	tay
00008Dr 1  A9 00        	lda     #$00
00008Fr 1  99 rr rr     	sta     _player_clear_height,y
000092r 1               ;
000092r 1               ; for (player = 0; player < PMG_PLAYERS; ++player) {
000092r 1               ;
000092r 1               	.dbg	line, "C:\Users\Alex\Chased3D\sprite3d.c", 129
000092r 1  A8           	tay
000093r 1  18           	clc
000094r 1  A9 01        	lda     #$01
000096r 1  71 rr        	adc     (c_sp),y
000098r 1  4C rr rr     	jmp     L0010
00009Br 1               ;
00009Br 1               ; decoy_clear_top = 0;
00009Br 1               ;
00009Br 1               	.dbg	line, "C:\Users\Alex\Chased3D\sprite3d.c", 136
00009Br 1  98           L0014:	tya
00009Cr 1  8D rr rr     	sta     _decoy_clear_top
00009Fr 1               ;
00009Fr 1               ; decoy_clear_height = 0;
00009Fr 1               ;
00009Fr 1               	.dbg	line, "C:\Users\Alex\Chased3D\sprite3d.c", 137
00009Fr 1  8D rr rr     	sta     _decoy_clear_height
0000A2r 1               ;
0000A2r 1               ; last_used = 0;
0000A2r 1               ;
0000A2r 1               	.dbg	line, "C:\Users\Alex\Chased3D\sprite3d.c", 138
0000A2r 1  8D rr rr     	sta     _last_used
0000A5r 1               ;
0000A5r 1               ; }
0000A5r 1               ;
0000A5r 1               	.dbg	line, "C:\Users\Alex\Chased3D\sprite3d.c", 139
0000A5r 1  4C rr rr     	jmp     incsp3
0000A8r 1               
0000A8r 1               	.dbg	line
0000A8r 1               .endproc
0000A8r 1               
0000A8r 1               ; ---------------------------------------------------------------
0000A8r 1               ; void __near__ sprite3d_build_targets (void)
0000A8r 1               ; ---------------------------------------------------------------
0000A8r 1               
0000A8r 1               .segment	"CODE"
0000A8r 1               
0000A8r 1               .proc	_sprite3d_build_targets: near
0000A8r 1               
0000A8r 1               	.dbg	func, "sprite3d_build_targets", "00", static, "_sprite3d_build_targets"
0000A8r 1               	.dbg	sym, "row", "00", auto, -1
0000A8r 1               	.dbg	sym, "col", "00", auto, -2
0000A8r 1               
0000A8r 1               .segment	"CODE"
0000A8r 1               
0000A8r 1               ;
0000A8r 1               ; target_count = 0;
0000A8r 1               ;
0000A8r 1               	.dbg	line, "C:\Users\Alex\Chased3D\sprite3d.c", 148
0000A8r 1  20 rr rr     	jsr     decsp2
0000ABr 1  A9 00        	lda     #$00
0000ADr 1  8D rr rr     	sta     _target_count
0000B0r 1               ;
0000B0r 1               ; for (row = 0; row + 1 < MAZE_H && target_count < MAX_TARGETS; ++row) {
0000B0r 1               ;
0000B0r 1               	.dbg	line, "C:\Users\Alex\Chased3D\sprite3d.c", 149
0000B0r 1  A0 01        	ldy     #$01
0000B2r 1  91 rr        L001A:	sta     (c_sp),y
0000B4r 1  A2 00        	ldx     #$00
0000B6r 1  B1 rr        	lda     (c_sp),y
0000B8r 1  20 rr rr     	jsr     incax1
0000BBr 1  C9 3B        	cmp     #$3B
0000BDr 1  8A           	txa
0000BEr 1  E9 00        	sbc     #$00
0000C0r 1  50 02        	bvc     L0006
0000C2r 1  49 80        	eor     #$80
0000C4r 1  30 03 4C rr  L0006:	jpl     L0025
0000C8r 1  rr           
0000C9r 1  AD rr rr     	lda     _target_count
0000CCr 1  C9 18        	cmp     #$18
0000CEr 1  90 03 4C rr  	jcs     L0025
0000D2r 1  rr           
0000D3r 1               ;
0000D3r 1               ; for (col = 0; col < MAZE_W && target_count < MAX_TARGETS; ++col) {
0000D3r 1               ;
0000D3r 1               	.dbg	line, "C:\Users\Alex\Chased3D\sprite3d.c", 150
0000D3r 1  A9 00        	lda     #$00
0000D5r 1  88           	dey
0000D6r 1  91 rr        L0019:	sta     (c_sp),y
0000D8r 1  C9 14        	cmp     #$14
0000DAr 1  90 03 4C rr  	jcs     L0004
0000DEr 1  rr           
0000DFr 1  AD rr rr     	lda     _target_count
0000E2r 1  C9 18        	cmp     #$18
0000E4r 1  90 03 4C rr  	jcs     L0004
0000E8r 1  rr           
0000E9r 1               ;
0000E9r 1               ; if (maze_map[row][col] != 3 || maze_map[row + 1][col] != 4) continue;
0000E9r 1               ;
0000E9r 1               	.dbg	line, "C:\Users\Alex\Chased3D\sprite3d.c", 151
0000E9r 1  C8           	iny
0000EAr 1  B1 rr        	lda     (c_sp),y
0000ECr 1  20 rr rr     	jsr     pusha0
0000EFr 1  A9 14        	lda     #$14
0000F1r 1  20 rr rr     	jsr     tosmula0
0000F4r 1  18           	clc
0000F5r 1  69 rr        	adc     #<(_maze_map)
0000F7r 1  85 rr        	sta     ptr1
0000F9r 1  8A           	txa
0000FAr 1  69 rr        	adc     #>(_maze_map)
0000FCr 1  85 rr        	sta     ptr1+1
0000FEr 1  A0 00        	ldy     #$00
000100r 1  B1 rr        	lda     (c_sp),y
000102r 1  A8           	tay
000103r 1  B1 rr        	lda     (ptr1),y
000105r 1  C9 03        	cmp     #$03
000107r 1  D0 73        	bne     L000C
000109r 1  A0 01        	ldy     #$01
00010Br 1  A2 00        	ldx     #$00
00010Dr 1  B1 rr        	lda     (c_sp),y
00010Fr 1  20 rr rr     	jsr     incax1
000112r 1  20 rr rr     	jsr     pushax
000115r 1  A9 14        	lda     #$14
000117r 1  20 rr rr     	jsr     tosmula0
00011Ar 1  18           	clc
00011Br 1  69 rr        	adc     #<(_maze_map)
00011Dr 1  85 rr        	sta     ptr1
00011Fr 1  8A           	txa
000120r 1  69 rr        	adc     #>(_maze_map)
000122r 1  85 rr        	sta     ptr1+1
000124r 1  A0 00        	ldy     #$00
000126r 1  B1 rr        	lda     (c_sp),y
000128r 1  A8           	tay
000129r 1  B1 rr        	lda     (ptr1),y
00012Br 1  C9 04        	cmp     #$04
00012Dr 1  D0 4D        	bne     L000C
00012Fr 1  A2 00        	ldx     #$00
000131r 1               ;
000131r 1               ; target_px[target_count] = ((unsigned int)col << 8) | 0x80;
000131r 1               ;
000131r 1               	.dbg	line, "C:\Users\Alex\Chased3D\sprite3d.c", 152
000131r 1  AD rr rr     	lda     _target_count
000134r 1  0A           	asl     a
000135r 1  90 02        	bcc     L001B
000137r 1  E8           	inx
000138r 1  18           	clc
000139r 1  69 rr        L001B:	adc     #<(_target_px)
00013Br 1  85 rr        	sta     ptr1
00013Dr 1  8A           	txa
00013Er 1  69 rr        	adc     #>(_target_px)
000140r 1  85 rr        	sta     ptr1+1
000142r 1  A0 00        	ldy     #$00
000144r 1  B1 rr        	lda     (c_sp),y
000146r 1  AA           	tax
000147r 1  A9 80        	lda     #$80
000149r 1  91 rr        	sta     (ptr1),y
00014Br 1  C8           	iny
00014Cr 1  8A           	txa
00014Dr 1  91 rr        	sta     (ptr1),y
00014Fr 1               ;
00014Fr 1               ; target_py[target_count] = (unsigned int)(row + 1) << 8;
00014Fr 1               ;
00014Fr 1               	.dbg	line, "C:\Users\Alex\Chased3D\sprite3d.c", 153
00014Fr 1  A2 00        	ldx     #$00
000151r 1  AD rr rr     	lda     _target_count
000154r 1  0A           	asl     a
000155r 1  90 02        	bcc     L001C
000157r 1  E8           	inx
000158r 1  18           	clc
000159r 1  69 rr        L001C:	adc     #<(_target_py)
00015Br 1  85 rr        	sta     ptr1
00015Dr 1  8A           	txa
00015Er 1  69 rr        	adc     #>(_target_py)
000160r 1  85 rr        	sta     ptr1+1
000162r 1  B1 rr        	lda     (c_sp),y
000164r 1  18           	clc
000165r 1  69 01        	adc     #$01
000167r 1  AA           	tax
000168r 1  A9 00        	lda     #$00
00016Ar 1  88           	dey
00016Br 1  91 rr        	sta     (ptr1),y
00016Dr 1  C8           	iny
00016Er 1  8A           	txa
00016Fr 1  91 rr        	sta     (ptr1),y
000171r 1               ;
000171r 1               ; target_active[target_count] = 1;
000171r 1               ;
000171r 1               	.dbg	line, "C:\Users\Alex\Chased3D\sprite3d.c", 154
000171r 1  AC rr rr     	ldy     _target_count
000174r 1  A9 01        	lda     #$01
000176r 1  99 rr rr     	sta     _target_active,y
000179r 1               ;
000179r 1               ; ++target_count;
000179r 1               ;
000179r 1               	.dbg	line, "C:\Users\Alex\Chased3D\sprite3d.c", 155
000179r 1  EE rr rr     	inc     _target_count
00017Cr 1               ;
00017Cr 1               ; for (col = 0; col < MAZE_W && target_count < MAX_TARGETS; ++col) {
00017Cr 1               ;
00017Cr 1               	.dbg	line, "C:\Users\Alex\Chased3D\sprite3d.c", 150
00017Cr 1  A0 00        L000C:	ldy     #$00
00017Er 1  18           	clc
00017Fr 1  A9 01        	lda     #$01
000181r 1  71 rr        	adc     (c_sp),y
000183r 1  4C rr rr     	jmp     L0019
000186r 1               ;
000186r 1               ; for (row = 0; row + 1 < MAZE_H && target_count < MAX_TARGETS; ++row) {
000186r 1               ;
000186r 1               	.dbg	line, "C:\Users\Alex\Chased3D\sprite3d.c", 149
000186r 1  C8           L0004:	iny
000187r 1  18           	clc
000188r 1  98           	tya
000189r 1  71 rr        	adc     (c_sp),y
00018Br 1  4C rr rr     	jmp     L001A
00018Er 1               ;
00018Er 1               ; targets_left=1;
00018Er 1               ;
00018Er 1               	.dbg	line, "C:\Users\Alex\Chased3D\sprite3d.c", 159
00018Er 1  8C rr rr     L0025:	sty     _targets_left
000191r 1               ;
000191r 1               ; }
000191r 1               ;
000191r 1               	.dbg	line, "C:\Users\Alex\Chased3D\sprite3d.c", 160
000191r 1  4C rr rr     	jmp     incsp2
000194r 1               
000194r 1               	.dbg	line
000194r 1               .endproc
000194r 1               
000194r 1               ; ---------------------------------------------------------------
000194r 1               ; void __near__ sprite3d_build_laser (unsigned int avoid_x, unsigned int avoid_y)
000194r 1               ; ---------------------------------------------------------------
000194r 1               
000194r 1               .segment	"CODE"
000194r 1               
000194r 1               .proc	_sprite3d_build_laser: near
000194r 1               
000194r 1               	.dbg	func, "sprite3d_build_laser", "00", static, "_sprite3d_build_laser"
000194r 1               	.dbg	sym, "avoid_x", "00", auto, 2
000194r 1               	.dbg	sym, "avoid_y", "00", auto, 0
000194r 1               	.dbg	sym, "row", "00", auto, -1
000194r 1               	.dbg	sym, "col", "00", auto, -2
000194r 1               	.dbg	sym, "seen", "00", auto, -3
000194r 1               	.dbg	sym, "slot", "00", auto, -4
000194r 1               
000194r 1               .segment	"CODE"
000194r 1               
000194r 1               ;
000194r 1               ; {
000194r 1               ;
000194r 1               	.dbg	line, "C:\Users\Alex\Chased3D\sprite3d.c", 165
000194r 1  20 rr rr     	jsr     pushax
000197r 1               ;
000197r 1               ; seen = 0;
000197r 1               ;
000197r 1               	.dbg	line, "C:\Users\Alex\Chased3D\sprite3d.c", 171
000197r 1  20 rr rr     	jsr     decsp4
00019Ar 1  A9 00        	lda     #$00
00019Cr 1  A0 01        	ldy     #$01
00019Er 1  91 rr        	sta     (c_sp),y
0001A0r 1               ;
0001A0r 1               ; laser_count = 0;
0001A0r 1               ;
0001A0r 1               	.dbg	line, "C:\Users\Alex\Chased3D\sprite3d.c", 172
0001A0r 1  8D rr rr     	sta     _laser_count
0001A3r 1               ;
0001A3r 1               ; for (row = 0; row < MAZE_H; ++row) {
0001A3r 1               ;
0001A3r 1               	.dbg	line, "C:\Users\Alex\Chased3D\sprite3d.c", 173
0001A3r 1  A0 03        	ldy     #$03
0001A5r 1  91 rr        L0015:	sta     (c_sp),y
0001A7r 1  C9 3B        	cmp     #$3B
0001A9r 1  90 03 4C rr  	jcs     L0003
0001ADr 1  rr           
0001AEr 1               ;
0001AEr 1               ; for (col = 0; col < MAZE_W; ++col) {
0001AEr 1               ;
0001AEr 1               	.dbg	line, "C:\Users\Alex\Chased3D\sprite3d.c", 174
0001AEr 1  A9 00        	lda     #$00
0001B0r 1  88           	dey
0001B1r 1  91 rr        L0014:	sta     (c_sp),y
0001B3r 1  C9 14        	cmp     #$14
0001B5r 1  90 03 4C rr  	jcs     L0004
0001B9r 1  rr           
0001BAr 1               ;
0001BAr 1               ; if (maze_map[row][col] != 6) continue;
0001BAr 1               ;
0001BAr 1               	.dbg	line, "C:\Users\Alex\Chased3D\sprite3d.c", 175
0001BAr 1  C8           	iny
0001BBr 1  B1 rr        	lda     (c_sp),y
0001BDr 1  20 rr rr     	jsr     pusha0
0001C0r 1  A9 14        	lda     #$14
0001C2r 1  20 rr rr     	jsr     tosmula0
0001C5r 1  18           	clc
0001C6r 1  69 rr        	adc     #<(_maze_map)
0001C8r 1  85 rr        	sta     ptr1
0001CAr 1  8A           	txa
0001CBr 1  69 rr        	adc     #>(_maze_map)
0001CDr 1  85 rr        	sta     ptr1+1
0001CFr 1  A0 02        	ldy     #$02
0001D1r 1  B1 rr        	lda     (c_sp),y
0001D3r 1  A8           	tay
0001D4r 1  B1 rr        	lda     (ptr1),y
0001D6r 1  C9 06        	cmp     #$06
0001D8r 1  F0 03 4C rr  	jne     L0008
0001DCr 1  rr           
0001DDr 1               ;
0001DDr 1               ; if (col == (unsigned char)(avoid_x >> 8)
0001DDr 1               ;
0001DDr 1               	.dbg	line, "C:\Users\Alex\Chased3D\sprite3d.c", 176
0001DDr 1  A0 07        	ldy     #$07
0001DFr 1  B1 rr        	lda     (c_sp),y
0001E1r 1               ;
0001E1r 1               ; && row == (unsigned char)(avoid_y >> 8)) continue;
0001E1r 1               ;
0001E1r 1               	.dbg	line, "C:\Users\Alex\Chased3D\sprite3d.c", 177
0001E1r 1  A0 02        	ldy     #$02
0001E3r 1  D1 rr        	cmp     (c_sp),y
0001E5r 1  D0 0A        	bne     L000B
0001E7r 1  A0 05        	ldy     #$05
0001E9r 1  B1 rr        	lda     (c_sp),y
0001EBr 1  A0 03        	ldy     #$03
0001EDr 1  D1 rr        	cmp     (c_sp),y
0001EFr 1  F0 74        	beq     L0008
0001F1r 1               ;
0001F1r 1               ; ++seen;
0001F1r 1               ;
0001F1r 1               	.dbg	line, "C:\Users\Alex\Chased3D\sprite3d.c", 178
0001F1r 1  A0 01        L000B:	ldy     #$01
0001F3r 1  18           	clc
0001F4r 1  98           	tya
0001F5r 1  71 rr        	adc     (c_sp),y
0001F7r 1  91 rr        	sta     (c_sp),y
0001F9r 1               ;
0001F9r 1               ; if (laser_count < MAX_LASERS) {
0001F9r 1               ;
0001F9r 1               	.dbg	line, "C:\Users\Alex\Chased3D\sprite3d.c", 179
0001F9r 1  AD rr rr     	lda     _laser_count
0001FCr 1  C9 04        	cmp     #$04
0001FEr 1  B0 0E        	bcs     L000F
000200r 1               ;
000200r 1               ; slot = laser_count++;
000200r 1               ;
000200r 1               	.dbg	line, "C:\Users\Alex\Chased3D\sprite3d.c", 180
000200r 1  A2 00        	ldx     #$00
000202r 1  AD rr rr     	lda     _laser_count
000205r 1  EE rr rr     	inc     _laser_count
000208r 1  88           	dey
000209r 1  91 rr        	sta     (c_sp),y
00020Br 1               ;
00020Br 1               ; } else {
00020Br 1               ;
00020Br 1               	.dbg	line, "C:\Users\Alex\Chased3D\sprite3d.c", 181
00020Br 1  4C rr rr     	jmp     L001B
00020Er 1               ;
00020Er 1               ; slot = (unsigned char)((unsigned int)rand() % seen);
00020Er 1               ;
00020Er 1               	.dbg	line, "C:\Users\Alex\Chased3D\sprite3d.c", 182
00020Er 1  20 rr rr     L000F:	jsr     _rand
000211r 1  20 rr rr     	jsr     pushax
000214r 1  A0 03        	ldy     #$03
000216r 1  B1 rr        	lda     (c_sp),y
000218r 1  20 rr rr     	jsr     tosumoda0
00021Br 1  A0 00        	ldy     #$00
00021Dr 1  91 rr        	sta     (c_sp),y
00021Fr 1               ;
00021Fr 1               ; if (slot >= MAX_LASERS) continue;
00021Fr 1               ;
00021Fr 1               	.dbg	line, "C:\Users\Alex\Chased3D\sprite3d.c", 183
00021Fr 1  C9 04        	cmp     #$04
000221r 1  B0 42        	bcs     L0008
000223r 1               ;
000223r 1               ; laser_px[slot] = ((unsigned int)col << 8) | 0x80;
000223r 1               ;
000223r 1               	.dbg	line, "C:\Users\Alex\Chased3D\sprite3d.c", 185
000223r 1  A2 00        	ldx     #$00
000225r 1  B1 rr        L001B:	lda     (c_sp),y
000227r 1  0A           	asl     a
000228r 1  90 02        	bcc     L0016
00022Ar 1  E8           	inx
00022Br 1  18           	clc
00022Cr 1  69 rr        L0016:	adc     #<(_laser_px)
00022Er 1  85 rr        	sta     ptr1
000230r 1  8A           	txa
000231r 1  69 rr        	adc     #>(_laser_px)
000233r 1  85 rr        	sta     ptr1+1
000235r 1  A0 02        	ldy     #$02
000237r 1  B1 rr        	lda     (c_sp),y
000239r 1  AA           	tax
00023Ar 1  A9 80        	lda     #$80
00023Cr 1  A0 00        	ldy     #$00
00023Er 1  91 rr        	sta     (ptr1),y
000240r 1  C8           	iny
000241r 1  8A           	txa
000242r 1  91 rr        	sta     (ptr1),y
000244r 1               ;
000244r 1               ; laser_py[slot] = ((unsigned int)row << 8) | 0x80;
000244r 1               ;
000244r 1               	.dbg	line, "C:\Users\Alex\Chased3D\sprite3d.c", 186
000244r 1  A2 00        	ldx     #$00
000246r 1  A1 rr        	lda     (c_sp,x)
000248r 1  0A           	asl     a
000249r 1  90 02        	bcc     L0017
00024Br 1  E8           	inx
00024Cr 1  18           	clc
00024Dr 1  69 rr        L0017:	adc     #<(_laser_py)
00024Fr 1  85 rr        	sta     ptr1
000251r 1  8A           	txa
000252r 1  69 rr        	adc     #>(_laser_py)
000254r 1  85 rr        	sta     ptr1+1
000256r 1  A0 03        	ldy     #$03
000258r 1  B1 rr        	lda     (c_sp),y
00025Ar 1  AA           	tax
00025Br 1  A9 80        	lda     #$80
00025Dr 1  A0 00        	ldy     #$00
00025Fr 1  91 rr        	sta     (ptr1),y
000261r 1  C8           	iny
000262r 1  8A           	txa
000263r 1  91 rr        	sta     (ptr1),y
000265r 1               ;
000265r 1               ; for (col = 0; col < MAZE_W; ++col) {
000265r 1               ;
000265r 1               	.dbg	line, "C:\Users\Alex\Chased3D\sprite3d.c", 174
000265r 1  A0 02        L0008:	ldy     #$02
000267r 1  18           	clc
000268r 1  A9 01        	lda     #$01
00026Ar 1  71 rr        	adc     (c_sp),y
00026Cr 1  4C rr rr     	jmp     L0014
00026Fr 1               ;
00026Fr 1               ; for (row = 0; row < MAZE_H; ++row) {
00026Fr 1               ;
00026Fr 1               	.dbg	line, "C:\Users\Alex\Chased3D\sprite3d.c", 173
00026Fr 1  C8           L0004:	iny
000270r 1  18           	clc
000271r 1  A9 01        	lda     #$01
000273r 1  71 rr        	adc     (c_sp),y
000275r 1  4C rr rr     	jmp     L0015
000278r 1               ;
000278r 1               ; }
000278r 1               ;
000278r 1               	.dbg	line, "C:\Users\Alex\Chased3D\sprite3d.c", 189
000278r 1  4C rr rr     L0003:	jmp     incsp8
00027Br 1               
00027Br 1               	.dbg	line
00027Br 1               .endproc
00027Br 1               
00027Br 1               ; ---------------------------------------------------------------
00027Br 1               ; void __near__ sprite3d_locate_exit (void)
00027Br 1               ; ---------------------------------------------------------------
00027Br 1               
00027Br 1               .segment	"CODE"
00027Br 1               
00027Br 1               .proc	_sprite3d_locate_exit: near
00027Br 1               
00027Br 1               	.dbg	func, "sprite3d_locate_exit", "00", static, "_sprite3d_locate_exit"
00027Br 1               
00027Br 1               .segment	"CODE"
00027Br 1               
00027Br 1               ;
00027Br 1               ; exit_px = ((unsigned int)maze_exit_col << 8) | 0x80;
00027Br 1               ;
00027Br 1               	.dbg	line, "C:\Users\Alex\Chased3D\sprite3d.c", 200
00027Br 1  AD rr rr     	lda     _maze_exit_col
00027Er 1  8D rr rr     	sta     _exit_px+1
000281r 1  A9 80        	lda     #$80
000283r 1  8D rr rr     	sta     _exit_px
000286r 1               ;
000286r 1               ; exit_py = ((unsigned int)maze_exit_row << 8) | 0x80;
000286r 1               ;
000286r 1               	.dbg	line, "C:\Users\Alex\Chased3D\sprite3d.c", 201
000286r 1  AD rr rr     	lda     _maze_exit_row
000289r 1  8D rr rr     	sta     _exit_py+1
00028Cr 1  A9 80        	lda     #$80
00028Er 1  8D rr rr     	sta     _exit_py
000291r 1               ;
000291r 1               ; }
000291r 1               ;
000291r 1               	.dbg	line, "C:\Users\Alex\Chased3D\sprite3d.c", 202
000291r 1  60           	rts
000292r 1               
000292r 1               	.dbg	line
000292r 1               .endproc
000292r 1               
000292r 1               ; ---------------------------------------------------------------
000292r 1               ; void __near__ sprite3d_draw_targets (unsigned int px, unsigned int py, unsigned int angle)
000292r 1               ; ---------------------------------------------------------------
000292r 1               
000292r 1               .segment	"CODE"
000292r 1               
000292r 1               .proc	_sprite3d_draw_targets: near
000292r 1               
000292r 1               	.dbg	func, "sprite3d_draw_targets", "00", static, "_sprite3d_draw_targets"
000292r 1               	.dbg	sym, "px", "00", auto, 4
000292r 1               	.dbg	sym, "py", "00", auto, 2
000292r 1               	.dbg	sym, "angle", "00", auto, 0
000292r 1               	.dbg	sym, "i", "00", auto, -1
000292r 1               	.dbg	sym, "first_player", "00", auto, -2
000292r 1               	.dbg	sym, "laser_visible", "00", auto, -3
000292r 1               	.dbg	sym, "used", "00", auto, -4
000292r 1               
000292r 1               .segment	"CODE"
000292r 1               
000292r 1               ;
000292r 1               ; {
000292r 1               ;
000292r 1               	.dbg	line, "C:\Users\Alex\Chased3D\sprite3d.c", 459
000292r 1  20 rr rr     	jsr     pushax
000295r 1               ;
000295r 1               ; cand_count = 0;
000295r 1               ;
000295r 1               	.dbg	line, "C:\Users\Alex\Chased3D\sprite3d.c", 465
000295r 1  20 rr rr     	jsr     decsp4
000298r 1  A9 00        	lda     #$00
00029Ar 1  8D rr rr     	sta     _cand_count
00029Dr 1               ;
00029Dr 1               ; first_player = 1;
00029Dr 1               ;
00029Dr 1               	.dbg	line, "C:\Users\Alex\Chased3D\sprite3d.c", 466
00029Dr 1  A9 01        	lda     #$01
00029Fr 1  A0 02        	ldy     #$02
0002A1r 1  91 rr        	sta     (c_sp),y
0002A3r 1               ;
0002A3r 1               ; laser_visible = 0;
0002A3r 1               ;
0002A3r 1               	.dbg	line, "C:\Users\Alex\Chased3D\sprite3d.c", 467
0002A3r 1  A9 00        	lda     #$00
0002A5r 1  88           	dey
0002A6r 1  91 rr        	sta     (c_sp),y
0002A8r 1               ;
0002A8r 1               ; for (i = 0; i < laser_count; ++i) {
0002A8r 1               ;
0002A8r 1               	.dbg	line, "C:\Users\Alex\Chased3D\sprite3d.c", 468
0002A8r 1  A0 03        	ldy     #$03
0002AAr 1  91 rr        L002B:	sta     (c_sp),y
0002ACr 1  CD rr rr     	cmp     _laser_count
0002AFr 1  90 03 4C rr  	jcs     L0003
0002B3r 1  rr           
0002B4r 1               ;
0002B4r 1               ; if (!project_object(px, py, angle, laser_px[i], laser_py[i])) continue;
0002B4r 1               ;
0002B4r 1               	.dbg	line, "C:\Users\Alex\Chased3D\sprite3d.c", 469
0002B4r 1  A0 0B        	ldy     #$0B
0002B6r 1  20 rr rr     	jsr     pushwysp
0002B9r 1  A0 0B        	ldy     #$0B
0002BBr 1  20 rr rr     	jsr     pushwysp
0002BEr 1  A0 0B        	ldy     #$0B
0002C0r 1  20 rr rr     	jsr     pushwysp
0002C3r 1  A0 09        	ldy     #$09
0002C5r 1  A2 00        	ldx     #$00
0002C7r 1  B1 rr        	lda     (c_sp),y
0002C9r 1  0A           	asl     a
0002CAr 1  90 02        	bcc     L002F
0002CCr 1  E8           	inx
0002CDr 1  18           	clc
0002CEr 1  69 rr        L002F:	adc     #<(_laser_px)
0002D0r 1  A8           	tay
0002D1r 1  8A           	txa
0002D2r 1  69 rr        	adc     #>(_laser_px)
0002D4r 1  AA           	tax
0002D5r 1  98           	tya
0002D6r 1  20 rr rr     	jsr     pushw
0002D9r 1  A0 0B        	ldy     #$0B
0002DBr 1  A2 00        	ldx     #$00
0002DDr 1  B1 rr        	lda     (c_sp),y
0002DFr 1  0A           	asl     a
0002E0r 1  90 02        	bcc     L0030
0002E2r 1  E8           	inx
0002E3r 1  18           	clc
0002E4r 1  69 rr        L0030:	adc     #<(_laser_py)
0002E6r 1  A8           	tay
0002E7r 1  8A           	txa
0002E8r 1  69 rr        	adc     #>(_laser_py)
0002EAr 1  AA           	tax
0002EBr 1  98           	tya
0002ECr 1  20 rr rr     	jsr     ldaxi
0002EFr 1  20 rr rr     	jsr     _project_object
0002F2r 1  AA           	tax
0002F3r 1  F0 35        	beq     L0004
0002F5r 1               ;
0002F5r 1               ; if (laser_visible && projected_dist >= cand_dist[0]) continue;
0002F5r 1               ;
0002F5r 1               	.dbg	line, "C:\Users\Alex\Chased3D\sprite3d.c", 470
0002F5r 1  A0 01        	ldy     #$01
0002F7r 1  B1 rr        	lda     (c_sp),y
0002F9r 1  F0 0E        	beq     L0007
0002FBr 1  AD rr rr     	lda     _projected_dist
0002FEr 1  CD rr rr     	cmp     _cand_dist
000301r 1  AD rr rr     	lda     _projected_dist+1
000304r 1  ED rr rr     	sbc     _cand_dist+1
000307r 1  B0 21        	bcs     L0004
000309r 1               ;
000309r 1               ; cand_dist[0] = projected_dist;
000309r 1               ;
000309r 1               	.dbg	line, "C:\Users\Alex\Chased3D\sprite3d.c", 471
000309r 1  AD rr rr     L0007:	lda     _projected_dist+1
00030Cr 1  8D rr rr     	sta     _cand_dist+1
00030Fr 1  AD rr rr     	lda     _projected_dist
000312r 1  8D rr rr     	sta     _cand_dist
000315r 1               ;
000315r 1               ; cand_x[0] = projected_x;
000315r 1               ;
000315r 1               	.dbg	line, "C:\Users\Alex\Chased3D\sprite3d.c", 472
000315r 1  AD rr rr     	lda     _projected_x
000318r 1  8D rr rr     	sta     _cand_x
00031Br 1               ;
00031Br 1               ; cand_top[0] = projected_top;
00031Br 1               ;
00031Br 1               	.dbg	line, "C:\Users\Alex\Chased3D\sprite3d.c", 473
00031Br 1  AD rr rr     	lda     _projected_top
00031Er 1  8D rr rr     	sta     _cand_top
000321r 1               ;
000321r 1               ; cand_height[0] = projected_height;
000321r 1               ;
000321r 1               	.dbg	line, "C:\Users\Alex\Chased3D\sprite3d.c", 474
000321r 1  AD rr rr     	lda     _projected_height
000324r 1  8D rr rr     	sta     _cand_height
000327r 1               ;
000327r 1               ; laser_visible = 1;
000327r 1               ;
000327r 1               	.dbg	line, "C:\Users\Alex\Chased3D\sprite3d.c", 475
000327r 1  98           	tya
000328r 1  91 rr        	sta     (c_sp),y
00032Ar 1               ;
00032Ar 1               ; for (i = 0; i < laser_count; ++i) {
00032Ar 1               ;
00032Ar 1               	.dbg	line, "C:\Users\Alex\Chased3D\sprite3d.c", 468
00032Ar 1  A0 03        L0004:	ldy     #$03
00032Cr 1  18           	clc
00032Dr 1  A9 01        	lda     #$01
00032Fr 1  71 rr        	adc     (c_sp),y
000331r 1  4C rr rr     	jmp     L002B
000334r 1               ;
000334r 1               ; if (laser_visible) {
000334r 1               ;
000334r 1               	.dbg	line, "C:\Users\Alex\Chased3D\sprite3d.c", 477
000334r 1  A0 01        L0003:	ldy     #$01
000336r 1  B1 rr        	lda     (c_sp),y
000338r 1  F0 2F        	beq     L0035
00033Ar 1               ;
00033Ar 1               ; *(volatile unsigned char *)(PCOLR0 + 1) = LASER_COLOR;
00033Ar 1               ;
00033Ar 1               	.dbg	line, "C:\Users\Alex\Chased3D\sprite3d.c", 478
00033Ar 1  A9 C8        	lda     #$C8
00033Cr 1  8D C1 02     	sta     $02C1
00033Fr 1               ;
00033Fr 1               ; draw_billboard(1, cand_x[0], cand_top[0], cand_height[0],
00033Fr 1               ;
00033Fr 1               	.dbg	line, "C:\Users\Alex\Chased3D\sprite3d.c", 479
00033Fr 1  98           	tya
000340r 1  20 rr rr     	jsr     pusha
000343r 1  AD rr rr     	lda     _cand_x
000346r 1  20 rr rr     	jsr     pusha
000349r 1  AD rr rr     	lda     _cand_top
00034Cr 1  20 rr rr     	jsr     pusha
00034Fr 1  AD rr rr     	lda     _cand_height
000352r 1  20 rr rr     	jsr     pusha
000355r 1               ;
000355r 1               ; laser_sprite, 16);
000355r 1               ;
000355r 1               	.dbg	line, "C:\Users\Alex\Chased3D\sprite3d.c", 480
000355r 1  A9 rr        	lda     #<(_laser_sprite)
000357r 1  A2 rr        	ldx     #>(_laser_sprite)
000359r 1  20 rr rr     	jsr     pushax
00035Cr 1  A9 10        	lda     #$10
00035Er 1  20 rr rr     	jsr     _draw_billboard
000361r 1               ;
000361r 1               ; first_player = 2;
000361r 1               ;
000361r 1               	.dbg	line, "C:\Users\Alex\Chased3D\sprite3d.c", 481
000361r 1  A9 02        	lda     #$02
000363r 1  A8           	tay
000364r 1  91 rr        	sta     (c_sp),y
000366r 1               ;
000366r 1               ; } else {
000366r 1               ;
000366r 1               	.dbg	line, "C:\Users\Alex\Chased3D\sprite3d.c", 482
000366r 1  4C rr rr     	jmp     L0036
000369r 1               ;
000369r 1               ; *(volatile unsigned char *)(PCOLR0 + 1) = TARGET_COLOR;
000369r 1               ;
000369r 1               	.dbg	line, "C:\Users\Alex\Chased3D\sprite3d.c", 483
000369r 1  A9 1E        L0035:	lda     #$1E
00036Br 1  8D C1 02     	sta     $02C1
00036Er 1               ;
00036Er 1               ; cand_limit = (unsigned char)(PMG_PLAYERS - first_player);
00036Er 1               ;
00036Er 1               	.dbg	line, "C:\Users\Alex\Chased3D\sprite3d.c", 485
00036Er 1  A9 04        L0036:	lda     #$04
000370r 1  38           	sec
000371r 1  A0 02        	ldy     #$02
000373r 1  F1 rr        	sbc     (c_sp),y
000375r 1  8D rr rr     	sta     _cand_limit
000378r 1               ;
000378r 1               ; for (i = 0; i < target_count; ++i) {
000378r 1               ;
000378r 1               	.dbg	line, "C:\Users\Alex\Chased3D\sprite3d.c", 487
000378r 1  A9 00        	lda     #$00
00037Ar 1  C8           	iny
00037Br 1  91 rr        L002C:	sta     (c_sp),y
00037Dr 1  CD rr rr     	cmp     _target_count
000380r 1  B0 6E        	bcs     L0037
000382r 1               ;
000382r 1               ; if (!target_active[i]) continue;
000382r 1               ;
000382r 1               	.dbg	line, "C:\Users\Alex\Chased3D\sprite3d.c", 488
000382r 1  B1 rr        	lda     (c_sp),y
000384r 1  A8           	tay
000385r 1  B9 rr rr     	lda     _target_active,y
000388r 1  F0 5C        	beq     L000F
00038Ar 1               ;
00038Ar 1               ; if (project_object(px, py, angle, target_px[i], target_py[i]))
00038Ar 1               ;
00038Ar 1               	.dbg	line, "C:\Users\Alex\Chased3D\sprite3d.c", 489
00038Ar 1  A0 0B        	ldy     #$0B
00038Cr 1  20 rr rr     	jsr     pushwysp
00038Fr 1  A0 0B        	ldy     #$0B
000391r 1  20 rr rr     	jsr     pushwysp
000394r 1  A0 0B        	ldy     #$0B
000396r 1  20 rr rr     	jsr     pushwysp
000399r 1  A0 09        	ldy     #$09
00039Br 1  A2 00        	ldx     #$00
00039Dr 1  B1 rr        	lda     (c_sp),y
00039Fr 1  0A           	asl     a
0003A0r 1  90 02        	bcc     L0031
0003A2r 1  E8           	inx
0003A3r 1  18           	clc
0003A4r 1  69 rr        L0031:	adc     #<(_target_px)
0003A6r 1  A8           	tay
0003A7r 1  8A           	txa
0003A8r 1  69 rr        	adc     #>(_target_px)
0003AAr 1  AA           	tax
0003ABr 1  98           	tya
0003ACr 1  20 rr rr     	jsr     pushw
0003AFr 1  A0 0B        	ldy     #$0B
0003B1r 1  A2 00        	ldx     #$00
0003B3r 1  B1 rr        	lda     (c_sp),y
0003B5r 1  0A           	asl     a
0003B6r 1  90 02        	bcc     L0032
0003B8r 1  E8           	inx
0003B9r 1  18           	clc
0003BAr 1  69 rr        L0032:	adc     #<(_target_py)
0003BCr 1  A8           	tay
0003BDr 1  8A           	txa
0003BEr 1  69 rr        	adc     #>(_target_py)
0003C0r 1  AA           	tax
0003C1r 1  98           	tya
0003C2r 1  20 rr rr     	jsr     ldaxi
0003C5r 1  20 rr rr     	jsr     _project_object
0003C8r 1  AA           	tax
0003C9r 1  F0 1B        	beq     L000F
0003CBr 1               ;
0003CBr 1               ; add_candidate(projected_dist, projected_x, projected_top,
0003CBr 1               ;
0003CBr 1               	.dbg	line, "C:\Users\Alex\Chased3D\sprite3d.c", 490
0003CBr 1  AD rr rr     	lda     _projected_dist
0003CEr 1  AE rr rr     	ldx     _projected_dist+1
0003D1r 1  20 rr rr     	jsr     pushax
0003D4r 1  AD rr rr     	lda     _projected_x
0003D7r 1  20 rr rr     	jsr     pusha
0003DAr 1  AD rr rr     	lda     _projected_top
0003DDr 1  20 rr rr     	jsr     pusha
0003E0r 1               ;
0003E0r 1               ; projected_height);
0003E0r 1               ;
0003E0r 1               	.dbg	line, "C:\Users\Alex\Chased3D\sprite3d.c", 491
0003E0r 1  AD rr rr     	lda     _projected_height
0003E3r 1  20 rr rr     	jsr     _add_candidate
0003E6r 1               ;
0003E6r 1               ; for (i = 0; i < target_count; ++i) {
0003E6r 1               ;
0003E6r 1               	.dbg	line, "C:\Users\Alex\Chased3D\sprite3d.c", 487
0003E6r 1  A0 03        L000F:	ldy     #$03
0003E8r 1  18           	clc
0003E9r 1  A9 01        	lda     #$01
0003EBr 1  71 rr        	adc     (c_sp),y
0003EDr 1  4C rr rr     	jmp     L002C
0003F0r 1               ;
0003F0r 1               ; if (targets_left == 0 && maze_exit_found
0003F0r 1               ;
0003F0r 1               	.dbg	line, "C:\Users\Alex\Chased3D\sprite3d.c", 493
0003F0r 1  AD rr rr     L0037:	lda     _targets_left
0003F3r 1  D0 44        	bne     L003E
0003F5r 1               ;
0003F5r 1               ; && project_object(px, py, angle, exit_px, exit_py))
0003F5r 1               ;
0003F5r 1               	.dbg	line, "C:\Users\Alex\Chased3D\sprite3d.c", 494
0003F5r 1  AD rr rr     	lda     _maze_exit_found
0003F8r 1  F0 43        	beq     L002D
0003FAr 1  A0 0B        	ldy     #$0B
0003FCr 1  20 rr rr     	jsr     pushwysp
0003FFr 1  A0 0B        	ldy     #$0B
000401r 1  20 rr rr     	jsr     pushwysp
000404r 1  A0 0B        	ldy     #$0B
000406r 1  20 rr rr     	jsr     pushwysp
000409r 1  AD rr rr     	lda     _exit_px
00040Cr 1  AE rr rr     	ldx     _exit_px+1
00040Fr 1  20 rr rr     	jsr     pushax
000412r 1  AD rr rr     	lda     _exit_py
000415r 1  AE rr rr     	ldx     _exit_py+1
000418r 1  20 rr rr     	jsr     _project_object
00041Br 1  AA           	tax
00041Cr 1  F0 1D        	beq     L003B
00041Er 1               ;
00041Er 1               ; add_candidate(projected_dist, projected_x, projected_top, projected_height);
00041Er 1               ;
00041Er 1               	.dbg	line, "C:\Users\Alex\Chased3D\sprite3d.c", 495
00041Er 1  AD rr rr     	lda     _projected_dist
000421r 1  AE rr rr     	ldx     _projected_dist+1
000424r 1  20 rr rr     	jsr     pushax
000427r 1  AD rr rr     	lda     _projected_x
00042Ar 1  20 rr rr     	jsr     pusha
00042Dr 1  AD rr rr     	lda     _projected_top
000430r 1  20 rr rr     	jsr     pusha
000433r 1  AD rr rr     	lda     _projected_height
000436r 1  20 rr rr     	jsr     _add_candidate
000439r 1               ;
000439r 1               ; for (i = 0; i < cand_count; ++i) {
000439r 1               ;
000439r 1               	.dbg	line, "C:\Users\Alex\Chased3D\sprite3d.c", 498
000439r 1  A9 00        L003E:	lda     #$00
00043Br 1  A0 03        L003B:	ldy     #$03
00043Dr 1  91 rr        L002D:	sta     (c_sp),y
00043Fr 1  CD rr rr     	cmp     _cand_count
000442r 1  B0 4D        	bcs     L0019
000444r 1               ;
000444r 1               ; draw_billboard((unsigned char)(i + first_player), cand_x[i], cand_top[i],
000444r 1               ;
000444r 1               	.dbg	line, "C:\Users\Alex\Chased3D\sprite3d.c", 499
000444r 1  88           	dey
000445r 1  B1 rr        	lda     (c_sp),y
000447r 1  18           	clc
000448r 1  C8           	iny
000449r 1  71 rr        	adc     (c_sp),y
00044Br 1  20 rr rr     	jsr     pusha
00044Er 1  A0 04        	ldy     #$04
000450r 1  B1 rr        	lda     (c_sp),y
000452r 1  A8           	tay
000453r 1  B9 rr rr     	lda     _cand_x,y
000456r 1  20 rr rr     	jsr     pusha
000459r 1  A0 05        	ldy     #$05
00045Br 1  B1 rr        	lda     (c_sp),y
00045Dr 1  A8           	tay
00045Er 1  B9 rr rr     	lda     _cand_top,y
000461r 1  20 rr rr     	jsr     pusha
000464r 1               ;
000464r 1               ; cand_height[i],
000464r 1               ;
000464r 1               	.dbg	line, "C:\Users\Alex\Chased3D\sprite3d.c", 500
000464r 1  A0 06        	ldy     #$06
000466r 1  B1 rr        	lda     (c_sp),y
000468r 1  A8           	tay
000469r 1  B9 rr rr     	lda     _cand_height,y
00046Cr 1  20 rr rr     	jsr     pusha
00046Fr 1               ;
00046Fr 1               ; targets_left == 0 ? exit_sprite : target_sprite, 16);
00046Fr 1               ;
00046Fr 1               	.dbg	line, "C:\Users\Alex\Chased3D\sprite3d.c", 501
00046Fr 1  AD rr rr     	lda     _targets_left
000472r 1  D0 07        	bne     L001F
000474r 1  A9 rr        	lda     #<(_exit_sprite)
000476r 1  A2 rr        	ldx     #>(_exit_sprite)
000478r 1  4C rr rr     	jmp     L0020
00047Br 1  A9 rr        L001F:	lda     #<(_target_sprite)
00047Dr 1  A2 rr        	ldx     #>(_target_sprite)
00047Fr 1  20 rr rr     L0020:	jsr     pushax
000482r 1  A9 10        	lda     #$10
000484r 1  20 rr rr     	jsr     _draw_billboard
000487r 1               ;
000487r 1               ; for (i = 0; i < cand_count; ++i) {
000487r 1               ;
000487r 1               	.dbg	line, "C:\Users\Alex\Chased3D\sprite3d.c", 498
000487r 1  A0 03        	ldy     #$03
000489r 1  18           	clc
00048Ar 1  A9 01        	lda     #$01
00048Cr 1  71 rr        	adc     (c_sp),y
00048Er 1  4C rr rr     	jmp     L002D
000491r 1               ;
000491r 1               ; used = (unsigned char)(first_player + cand_count - 1);
000491r 1               ;
000491r 1               	.dbg	line, "C:\Users\Alex\Chased3D\sprite3d.c", 503
000491r 1  88           L0019:	dey
000492r 1  B1 rr        	lda     (c_sp),y
000494r 1  18           	clc
000495r 1  6D rr rr     	adc     _cand_count
000498r 1  38           	sec
000499r 1  E9 01        	sbc     #$01
00049Br 1  A0 00        	ldy     #$00
00049Dr 1  91 rr        	sta     (c_sp),y
00049Fr 1               ;
00049Fr 1               ; for (i = (unsigned char)(used + 1); i <= last_used; ++i) {
00049Fr 1               ;
00049Fr 1               	.dbg	line, "C:\Users\Alex\Chased3D\sprite3d.c", 504
00049Fr 1  18           	clc
0004A0r 1  69 01        	adc     #$01
0004A2r 1  A0 03        	ldy     #$03
0004A4r 1  91 rr        L002E:	sta     (c_sp),y
0004A6r 1  CD rr rr     	cmp     _last_used
0004A9r 1  F0 02        	beq     L003D
0004ABr 1  B0 0F        	bcs     L0022
0004ADr 1               ;
0004ADr 1               ; clear_player(i);
0004ADr 1               ;
0004ADr 1               	.dbg	line, "C:\Users\Alex\Chased3D\sprite3d.c", 505
0004ADr 1  B1 rr        L003D:	lda     (c_sp),y
0004AFr 1  20 rr rr     	jsr     _clear_player
0004B2r 1               ;
0004B2r 1               ; for (i = (unsigned char)(used + 1); i <= last_used; ++i) {
0004B2r 1               ;
0004B2r 1               	.dbg	line, "C:\Users\Alex\Chased3D\sprite3d.c", 504
0004B2r 1  A0 03        	ldy     #$03
0004B4r 1  18           	clc
0004B5r 1  A9 01        	lda     #$01
0004B7r 1  71 rr        	adc     (c_sp),y
0004B9r 1  4C rr rr     	jmp     L002E
0004BCr 1               ;
0004BCr 1               ; last_used = used;
0004BCr 1               ;
0004BCr 1               	.dbg	line, "C:\Users\Alex\Chased3D\sprite3d.c", 507
0004BCr 1  A0 00        L0022:	ldy     #$00
0004BEr 1  B1 rr        	lda     (c_sp),y
0004C0r 1  8D rr rr     	sta     _last_used
0004C3r 1               ;
0004C3r 1               ; }
0004C3r 1               ;
0004C3r 1               	.dbg	line, "C:\Users\Alex\Chased3D\sprite3d.c", 508
0004C3r 1  A0 0A        	ldy     #$0A
0004C5r 1  4C rr rr     	jmp     addysp
0004C8r 1               
0004C8r 1               	.dbg	line
0004C8r 1               .endproc
0004C8r 1               
0004C8r 1               ; ---------------------------------------------------------------
0004C8r 1               ; void __near__ sprite3d_draw_pursuer (unsigned int px, unsigned int py, unsigned int angle, unsigned int pursuer_x, unsigned int pursuer_y)
0004C8r 1               ; ---------------------------------------------------------------
0004C8r 1               
0004C8r 1               .segment	"CODE"
0004C8r 1               
0004C8r 1               .proc	_sprite3d_draw_pursuer: near
0004C8r 1               
0004C8r 1               	.dbg	func, "sprite3d_draw_pursuer", "00", static, "_sprite3d_draw_pursuer"
0004C8r 1               	.dbg	sym, "px", "00", auto, 8
0004C8r 1               	.dbg	sym, "py", "00", auto, 6
0004C8r 1               	.dbg	sym, "angle", "00", auto, 4
0004C8r 1               	.dbg	sym, "pursuer_x", "00", auto, 2
0004C8r 1               	.dbg	sym, "pursuer_y", "00", auto, 0
0004C8r 1               	.dbg	sym, "col", "00", auto, -1
0004C8r 1               	.dbg	sym, "row", "00", auto, -2
0004C8r 1               	.dbg	sym, "target_col", "00", auto, -3
0004C8r 1               	.dbg	sym, "target_row", "00", auto, -4
0004C8r 1               	.dbg	sym, "dx", "00", auto, -5
0004C8r 1               	.dbg	sym, "dy", "00", auto, -6
0004C8r 1               	.dbg	sym, "step_x", "00", auto, -7
0004C8r 1               	.dbg	sym, "step_y", "00", auto, -8
0004C8r 1               	.dbg	sym, "error", "00", auto, -10
0004C8r 1               	.dbg	sym, "twice_error", "00", auto, -12
0004C8r 1               
0004C8r 1               .segment	"CODE"
0004C8r 1               
0004C8r 1               ;
0004C8r 1               ; {
0004C8r 1               ;
0004C8r 1               	.dbg	line, "C:\Users\Alex\Chased3D\sprite3d.c", 512
0004C8r 1  20 rr rr     	jsr     pushax
0004CBr 1               ;
0004CBr 1               ; clear_player(0);
0004CBr 1               ;
0004CBr 1               	.dbg	line, "C:\Users\Alex\Chased3D\sprite3d.c", 524
0004CBr 1  A0 0C        	ldy     #$0C
0004CDr 1  20 rr rr     	jsr     subysp
0004D0r 1  A9 00        	lda     #$00
0004D2r 1  20 rr rr     	jsr     _clear_player
0004D5r 1               ;
0004D5r 1               ; *(volatile unsigned char *)SIZEP0 = 0;
0004D5r 1               ;
0004D5r 1               	.dbg	line, "C:\Users\Alex\Chased3D\sprite3d.c", 525
0004D5r 1  A9 00        	lda     #$00
0004D7r 1  8D 08 D0     	sta     $D008
0004DAr 1               ;
0004DAr 1               ; if (!project_object(px, py, angle, pursuer_x, pursuer_y)) return;
0004DAr 1               ;
0004DAr 1               	.dbg	line, "C:\Users\Alex\Chased3D\sprite3d.c", 526
0004DAr 1  A0 17        	ldy     #$17
0004DCr 1  20 rr rr     	jsr     pushwysp
0004DFr 1  A0 17        	ldy     #$17
0004E1r 1  20 rr rr     	jsr     pushwysp
0004E4r 1  A0 17        	ldy     #$17
0004E6r 1  20 rr rr     	jsr     pushwysp
0004E9r 1  A0 17        	ldy     #$17
0004EBr 1  20 rr rr     	jsr     pushwysp
0004EEr 1  A0 15        	ldy     #$15
0004F0r 1  20 rr rr     	jsr     ldaxysp
0004F3r 1  20 rr rr     	jsr     _project_object
0004F6r 1  AA           	tax
0004F7r 1  D0 03 4C rr  	jeq     L0001
0004FBr 1  rr           
0004FCr 1               ;
0004FCr 1               ; col = (signed char)(px >> 8);
0004FCr 1               ;
0004FCr 1               	.dbg	line, "C:\Users\Alex\Chased3D\sprite3d.c", 528
0004FCr 1  A0 15        	ldy     #$15
0004FEr 1  B1 rr        	lda     (c_sp),y
000500r 1  C9 80        	cmp     #$80
000502r 1  A0 0B        	ldy     #$0B
000504r 1  91 rr        	sta     (c_sp),y
000506r 1               ;
000506r 1               ; row = (signed char)(py >> 8);
000506r 1               ;
000506r 1               	.dbg	line, "C:\Users\Alex\Chased3D\sprite3d.c", 529
000506r 1  A0 13        	ldy     #$13
000508r 1  B1 rr        	lda     (c_sp),y
00050Ar 1  C9 80        	cmp     #$80
00050Cr 1  A0 0A        	ldy     #$0A
00050Er 1  91 rr        	sta     (c_sp),y
000510r 1               ;
000510r 1               ; target_col = (signed char)(pursuer_x >> 8);
000510r 1               ;
000510r 1               	.dbg	line, "C:\Users\Alex\Chased3D\sprite3d.c", 530
000510r 1  A0 0F        	ldy     #$0F
000512r 1  B1 rr        	lda     (c_sp),y
000514r 1  C9 80        	cmp     #$80
000516r 1  A0 09        	ldy     #$09
000518r 1  91 rr        	sta     (c_sp),y
00051Ar 1               ;
00051Ar 1               ; target_row = (signed char)(pursuer_y >> 8);
00051Ar 1               ;
00051Ar 1               	.dbg	line, "C:\Users\Alex\Chased3D\sprite3d.c", 531
00051Ar 1  A0 0D        	ldy     #$0D
00051Cr 1  B1 rr        	lda     (c_sp),y
00051Er 1  C9 80        	cmp     #$80
000520r 1  A0 08        	ldy     #$08
000522r 1  91 rr        	sta     (c_sp),y
000524r 1               ;
000524r 1               ; dx = target_col > col ? target_col - col : col - target_col;
000524r 1               ;
000524r 1               	.dbg	line, "C:\Users\Alex\Chased3D\sprite3d.c", 532
000524r 1  C8           	iny
000525r 1  A2 00        	ldx     #$00
000527r 1  B1 rr        	lda     (c_sp),y
000529r 1  10 01        	bpl     L0007
00052Br 1  CA           	dex
00052Cr 1  20 rr rr     L0007:	jsr     pushax
00052Fr 1  A0 0D        	ldy     #$0D
000531r 1  A2 00        	ldx     #$00
000533r 1  B1 rr        	lda     (c_sp),y
000535r 1  10 01        	bpl     L0008
000537r 1  CA           	dex
000538r 1  20 rr rr     L0008:	jsr     tosicmp
00053Br 1  30 13        	bmi     L0009
00053Dr 1  F0 11        	beq     L0009
00053Fr 1  A0 09        	ldy     #$09
000541r 1  A2 00        	ldx     #$00
000543r 1  B1 rr        	lda     (c_sp),y
000545r 1  10 01        	bpl     L000A
000547r 1  CA           	dex
000548r 1  20 rr rr     L000A:	jsr     pushax
00054Br 1  A0 0D        	ldy     #$0D
00054Dr 1  4C rr rr     	jmp     L0050
000550r 1  A0 0B        L0009:	ldy     #$0B
000552r 1  A2 00        	ldx     #$00
000554r 1  B1 rr        	lda     (c_sp),y
000556r 1  10 01        	bpl     L000D
000558r 1  CA           	dex
000559r 1  20 rr rr     L000D:	jsr     pushax
00055Cr 1  A0 0B        	ldy     #$0B
00055Er 1  A2 00        L0050:	ldx     #$00
000560r 1  B1 rr        	lda     (c_sp),y
000562r 1  10 01        	bpl     L000E
000564r 1  CA           	dex
000565r 1  20 rr rr     L000E:	jsr     tossubax
000568r 1  C9 80        	cmp     #$80
00056Ar 1  A0 07        	ldy     #$07
00056Cr 1  91 rr        	sta     (c_sp),y
00056Er 1               ;
00056Er 1               ; dy = target_row > row ? row - target_row : target_row - row;
00056Er 1               ;
00056Er 1               	.dbg	line, "C:\Users\Alex\Chased3D\sprite3d.c", 533
00056Er 1  C8           	iny
00056Fr 1  A2 00        	ldx     #$00
000571r 1  B1 rr        	lda     (c_sp),y
000573r 1  10 01        	bpl     L0010
000575r 1  CA           	dex
000576r 1  20 rr rr     L0010:	jsr     pushax
000579r 1  A0 0C        	ldy     #$0C
00057Br 1  A2 00        	ldx     #$00
00057Dr 1  B1 rr        	lda     (c_sp),y
00057Fr 1  10 01        	bpl     L0011
000581r 1  CA           	dex
000582r 1  20 rr rr     L0011:	jsr     tosicmp
000585r 1  30 13        	bmi     L0012
000587r 1  F0 11        	beq     L0012
000589r 1  A0 0A        	ldy     #$0A
00058Br 1  A2 00        	ldx     #$00
00058Dr 1  B1 rr        	lda     (c_sp),y
00058Fr 1  10 01        	bpl     L0013
000591r 1  CA           	dex
000592r 1  20 rr rr     L0013:	jsr     pushax
000595r 1  A0 0A        	ldy     #$0A
000597r 1  4C rr rr     	jmp     L0051
00059Ar 1  A0 08        L0012:	ldy     #$08
00059Cr 1  A2 00        	ldx     #$00
00059Er 1  B1 rr        	lda     (c_sp),y
0005A0r 1  10 01        	bpl     L0016
0005A2r 1  CA           	dex
0005A3r 1  20 rr rr     L0016:	jsr     pushax
0005A6r 1  A0 0C        	ldy     #$0C
0005A8r 1  A2 00        L0051:	ldx     #$00
0005AAr 1  B1 rr        	lda     (c_sp),y
0005ACr 1  10 01        	bpl     L0017
0005AEr 1  CA           	dex
0005AFr 1  20 rr rr     L0017:	jsr     tossubax
0005B2r 1  C9 80        	cmp     #$80
0005B4r 1  A0 06        	ldy     #$06
0005B6r 1  91 rr        	sta     (c_sp),y
0005B8r 1               ;
0005B8r 1               ; step_x = col < target_col ? 1 : -1;
0005B8r 1               ;
0005B8r 1               	.dbg	line, "C:\Users\Alex\Chased3D\sprite3d.c", 534
0005B8r 1  A0 0B        	ldy     #$0B
0005BAr 1  A2 00        	ldx     #$00
0005BCr 1  B1 rr        	lda     (c_sp),y
0005BEr 1  10 01        	bpl     L0019
0005C0r 1  CA           	dex
0005C1r 1  20 rr rr     L0019:	jsr     pushax
0005C4r 1  A0 0B        	ldy     #$0B
0005C6r 1  A2 00        	ldx     #$00
0005C8r 1  B1 rr        	lda     (c_sp),y
0005CAr 1  10 01        	bpl     L001A
0005CCr 1  CA           	dex
0005CDr 1  20 rr rr     L001A:	jsr     tosicmp
0005D0r 1  10 05        	bpl     L001B
0005D2r 1  A9 01        	lda     #$01
0005D4r 1  4C rr rr     	jmp     L0044
0005D7r 1  A9 FF        L001B:	lda     #$FF
0005D9r 1  C9 80        L0044:	cmp     #$80
0005DBr 1  A0 05        	ldy     #$05
0005DDr 1  91 rr        	sta     (c_sp),y
0005DFr 1               ;
0005DFr 1               ; step_y = row < target_row ? 1 : -1;
0005DFr 1               ;
0005DFr 1               	.dbg	line, "C:\Users\Alex\Chased3D\sprite3d.c", 535
0005DFr 1  A0 0A        	ldy     #$0A
0005E1r 1  A2 00        	ldx     #$00
0005E3r 1  B1 rr        	lda     (c_sp),y
0005E5r 1  10 01        	bpl     L001E
0005E7r 1  CA           	dex
0005E8r 1  20 rr rr     L001E:	jsr     pushax
0005EBr 1  A0 0A        	ldy     #$0A
0005EDr 1  A2 00        	ldx     #$00
0005EFr 1  B1 rr        	lda     (c_sp),y
0005F1r 1  10 01        	bpl     L001F
0005F3r 1  CA           	dex
0005F4r 1  20 rr rr     L001F:	jsr     tosicmp
0005F7r 1  10 05        	bpl     L0020
0005F9r 1  A9 01        	lda     #$01
0005FBr 1  4C rr rr     	jmp     L0045
0005FEr 1  A9 FF        L0020:	lda     #$FF
000600r 1  C9 80        L0045:	cmp     #$80
000602r 1  A0 04        	ldy     #$04
000604r 1  91 rr        	sta     (c_sp),y
000606r 1               ;
000606r 1               ; error = dx + dy;
000606r 1               ;
000606r 1               	.dbg	line, "C:\Users\Alex\Chased3D\sprite3d.c", 536
000606r 1  A0 07        	ldy     #$07
000608r 1  A2 00        	ldx     #$00
00060Ar 1  B1 rr        	lda     (c_sp),y
00060Cr 1  10 01        	bpl     L0023
00060Er 1  CA           	dex
00060Fr 1  85 rr        L0023:	sta     ptr1
000611r 1  86 rr        	stx     ptr1+1
000613r 1  A2 00        	ldx     #$00
000615r 1  88           	dey
000616r 1  B1 rr        	lda     (c_sp),y
000618r 1  10 01        	bpl     L0024
00061Ar 1  CA           	dex
00061Br 1  18           L0024:	clc
00061Cr 1  65 rr        	adc     ptr1
00061Er 1  48           	pha
00061Fr 1  8A           	txa
000620r 1  65 rr        	adc     ptr1+1
000622r 1  AA           	tax
000623r 1  68           	pla
000624r 1  A0 02        	ldy     #$02
000626r 1  20 rr rr     	jsr     staxysp
000629r 1               ;
000629r 1               ; while (col != target_col || row != target_row) {
000629r 1               ;
000629r 1               	.dbg	line, "C:\Users\Alex\Chased3D\sprite3d.c", 537
000629r 1  4C rr rr     	jmp     L0042
00062Cr 1               ;
00062Cr 1               ; twice_error = error << 1;
00062Cr 1               ;
00062Cr 1               	.dbg	line, "C:\Users\Alex\Chased3D\sprite3d.c", 538
00062Cr 1  A0 03        L0025:	ldy     #$03
00062Er 1  20 rr rr     	jsr     ldaxysp
000631r 1  20 rr rr     	jsr     aslax1
000634r 1  20 rr rr     	jsr     stax0sp
000637r 1               ;
000637r 1               ; if (twice_error >= dy) {
000637r 1               ;
000637r 1               	.dbg	line, "C:\Users\Alex\Chased3D\sprite3d.c", 539
000637r 1  20 rr rr     	jsr     pushax
00063Ar 1  A0 08        	ldy     #$08
00063Cr 1  A2 00        	ldx     #$00
00063Er 1  B1 rr        	lda     (c_sp),y
000640r 1  10 01        	bpl     L002F
000642r 1  CA           	dex
000643r 1  20 rr rr     L002F:	jsr     tosicmp
000646r 1  30 1B        	bmi     L0033
000648r 1               ;
000648r 1               ; error += dy;
000648r 1               ;
000648r 1               	.dbg	line, "C:\Users\Alex\Chased3D\sprite3d.c", 540
000648r 1  A0 06        	ldy     #$06
00064Ar 1  A2 00        	ldx     #$00
00064Cr 1  B1 rr        	lda     (c_sp),y
00064Er 1  10 01        	bpl     L0030
000650r 1  CA           	dex
000651r 1  A0 02        L0030:	ldy     #$02
000653r 1  20 rr rr     	jsr     addeqysp
000656r 1               ;
000656r 1               ; col += step_x;
000656r 1               ;
000656r 1               	.dbg	line, "C:\Users\Alex\Chased3D\sprite3d.c", 541
000656r 1  A0 05        	ldy     #$05
000658r 1  B1 rr        	lda     (c_sp),y
00065Ar 1  C9 80        	cmp     #$80
00065Cr 1  A0 0B        	ldy     #$0B
00065Er 1  18           	clc
00065Fr 1  71 rr        	adc     (c_sp),y
000661r 1  91 rr        	sta     (c_sp),y
000663r 1               ;
000663r 1               ; if (twice_error <= dx) {
000663r 1               ;
000663r 1               	.dbg	line, "C:\Users\Alex\Chased3D\sprite3d.c", 543
000663r 1  20 rr rr     L0033:	jsr     pushw0sp
000666r 1  A0 09        	ldy     #$09
000668r 1  A2 00        	ldx     #$00
00066Ar 1  B1 rr        	lda     (c_sp),y
00066Cr 1  10 01        	bpl     L0035
00066Er 1  CA           	dex
00066Fr 1  20 rr rr     L0035:	jsr     tosicmp
000672r 1  F0 02        	beq     L0043
000674r 1  10 1B        	bpl     L0039
000676r 1               ;
000676r 1               ; error += dx;
000676r 1               ;
000676r 1               	.dbg	line, "C:\Users\Alex\Chased3D\sprite3d.c", 544
000676r 1  A0 07        L0043:	ldy     #$07
000678r 1  A2 00        	ldx     #$00
00067Ar 1  B1 rr        	lda     (c_sp),y
00067Cr 1  10 01        	bpl     L0036
00067Er 1  CA           	dex
00067Fr 1  A0 02        L0036:	ldy     #$02
000681r 1  20 rr rr     	jsr     addeqysp
000684r 1               ;
000684r 1               ; row += step_y;
000684r 1               ;
000684r 1               	.dbg	line, "C:\Users\Alex\Chased3D\sprite3d.c", 545
000684r 1  A0 04        	ldy     #$04
000686r 1  B1 rr        	lda     (c_sp),y
000688r 1  C9 80        	cmp     #$80
00068Ar 1  A0 0A        	ldy     #$0A
00068Cr 1  18           	clc
00068Dr 1  71 rr        	adc     (c_sp),y
00068Fr 1  91 rr        	sta     (c_sp),y
000691r 1               ;
000691r 1               ; if (col == target_col && row == target_row) break;
000691r 1               ;
000691r 1               	.dbg	line, "C:\Users\Alex\Chased3D\sprite3d.c", 547
000691r 1  A0 0B        L0039:	ldy     #$0B
000693r 1  A2 00        	ldx     #$00
000695r 1  B1 rr        	lda     (c_sp),y
000697r 1  10 01        	bpl     L003B
000699r 1  CA           	dex
00069Ar 1  20 rr rr     L003B:	jsr     pushax
00069Dr 1  A0 0B        	ldy     #$0B
00069Fr 1  A2 00        	ldx     #$00
0006A1r 1  B1 rr        	lda     (c_sp),y
0006A3r 1  10 01        	bpl     L003C
0006A5r 1  CA           	dex
0006A6r 1  20 rr rr     L003C:	jsr     tosicmp
0006A9r 1  D0 1A        	bne     L003A
0006ABr 1  A0 0A        	ldy     #$0A
0006ADr 1  A2 00        	ldx     #$00
0006AFr 1  B1 rr        	lda     (c_sp),y
0006B1r 1  10 01        	bpl     L003E
0006B3r 1  CA           	dex
0006B4r 1  20 rr rr     L003E:	jsr     pushax
0006B7r 1  A0 0A        	ldy     #$0A
0006B9r 1  A2 00        	ldx     #$00
0006BBr 1  B1 rr        	lda     (c_sp),y
0006BDr 1  10 01        	bpl     L003F
0006BFr 1  CA           	dex
0006C0r 1  20 rr rr     L003F:	jsr     tosicmp
0006C3r 1  F0 4B        	beq     L0048
0006C5r 1               ;
0006C5r 1               ; if (maze_solid((unsigned char)col, (unsigned char)row)) return;
0006C5r 1               ;
0006C5r 1               	.dbg	line, "C:\Users\Alex\Chased3D\sprite3d.c", 548
0006C5r 1  A0 0B        L003A:	ldy     #$0B
0006C7r 1  B1 rr        	lda     (c_sp),y
0006C9r 1  20 rr rr     	jsr     pusha
0006CCr 1  A0 0B        	ldy     #$0B
0006CEr 1  B1 rr        	lda     (c_sp),y
0006D0r 1  20 rr rr     	jsr     _maze_solid
0006D3r 1  AA           	tax
0006D4r 1  D0 5D        	bne     L0001
0006D6r 1               ;
0006D6r 1               ; while (col != target_col || row != target_row) {
0006D6r 1               ;
0006D6r 1               	.dbg	line, "C:\Users\Alex\Chased3D\sprite3d.c", 537
0006D6r 1  A0 0B        L0042:	ldy     #$0B
0006D8r 1  A2 00        	ldx     #$00
0006DAr 1  B1 rr        	lda     (c_sp),y
0006DCr 1  10 01        	bpl     L0028
0006DEr 1  CA           	dex
0006DFr 1  20 rr rr     L0028:	jsr     pushax
0006E2r 1  A0 0B        	ldy     #$0B
0006E4r 1  A2 00        	ldx     #$00
0006E6r 1  B1 rr        	lda     (c_sp),y
0006E8r 1  10 01        	bpl     L0029
0006EAr 1  CA           	dex
0006EBr 1  20 rr rr     L0029:	jsr     tosicmp
0006EEr 1  F0 03 4C rr  	jne     L0025
0006F2r 1  rr           
0006F3r 1  A0 0A        	ldy     #$0A
0006F5r 1  A2 00        	ldx     #$00
0006F7r 1  B1 rr        	lda     (c_sp),y
0006F9r 1  10 01        	bpl     L002B
0006FBr 1  CA           	dex
0006FCr 1  20 rr rr     L002B:	jsr     pushax
0006FFr 1  A0 0A        	ldy     #$0A
000701r 1  A2 00        	ldx     #$00
000703r 1  B1 rr        	lda     (c_sp),y
000705r 1  10 01        	bpl     L002C
000707r 1  CA           	dex
000708r 1  20 rr rr     L002C:	jsr     tosicmp
00070Br 1  F0 03 4C rr  	jne     L0025
00070Fr 1  rr           
000710r 1               ;
000710r 1               ; draw_billboard(0, projected_x, projected_top, projected_height,
000710r 1               ;
000710r 1               	.dbg	line, "C:\Users\Alex\Chased3D\sprite3d.c", 551
000710r 1  A9 00        L0048:	lda     #$00
000712r 1  20 rr rr     	jsr     pusha
000715r 1  AD rr rr     	lda     _projected_x
000718r 1  20 rr rr     	jsr     pusha
00071Br 1  AD rr rr     	lda     _projected_top
00071Er 1  20 rr rr     	jsr     pusha
000721r 1  AD rr rr     	lda     _projected_height
000724r 1  20 rr rr     	jsr     pusha
000727r 1               ;
000727r 1               ; pursuer_sprite, 22);
000727r 1               ;
000727r 1               	.dbg	line, "C:\Users\Alex\Chased3D\sprite3d.c", 552
000727r 1  A9 rr        	lda     #<(_pursuer_sprite)
000729r 1  A2 rr        	ldx     #>(_pursuer_sprite)
00072Br 1  20 rr rr     	jsr     pushax
00072Er 1  A9 16        	lda     #$16
000730r 1  20 rr rr     	jsr     _draw_billboard
000733r 1               ;
000733r 1               ; }
000733r 1               ;
000733r 1               	.dbg	line, "C:\Users\Alex\Chased3D\sprite3d.c", 553
000733r 1  A0 16        L0001:	ldy     #$16
000735r 1  4C rr rr     	jmp     addysp
000738r 1               
000738r 1               	.dbg	line
000738r 1               .endproc
000738r 1               
000738r 1               ; ---------------------------------------------------------------
000738r 1               ; void __near__ sprite3d_draw_decoy (unsigned char active, unsigned int px, unsigned int py, unsigned int angle, unsigned int decoy_x, unsigned int decoy_y)
000738r 1               ; ---------------------------------------------------------------
000738r 1               
000738r 1               .segment	"CODE"
000738r 1               
000738r 1               .proc	_sprite3d_draw_decoy: near
000738r 1               
000738r 1               	.dbg	func, "sprite3d_draw_decoy", "00", static, "_sprite3d_draw_decoy"
000738r 1               	.dbg	sym, "active", "00", auto, 10
000738r 1               	.dbg	sym, "px", "00", auto, 8
000738r 1               	.dbg	sym, "py", "00", auto, 6
000738r 1               	.dbg	sym, "angle", "00", auto, 4
000738r 1               	.dbg	sym, "decoy_x", "00", auto, 2
000738r 1               	.dbg	sym, "decoy_y", "00", auto, 0
000738r 1               	.dbg	sym, "dest", "00", auto, -2
000738r 1               	.dbg	sym, "i", "00", auto, -3
000738r 1               	.dbg	sym, "height", "00", auto, -4
000738r 1               	.dbg	sym, "size", "00", auto, -5
000738r 1               	.dbg	sym, "missile_width", "00", auto, -6
000738r 1               	.dbg	sym, "width", "00", auto, -7
000738r 1               	.dbg	sym, "acc", "00", auto, -9
000738r 1               	.dbg	sym, "step", "00", auto, -11
000738r 1               	.dbg	sym, "left", "00", auto, -13
000738r 1               
000738r 1               .segment	"CODE"
000738r 1               
000738r 1               ;
000738r 1               ; {
000738r 1               ;
000738r 1               	.dbg	line, "C:\Users\Alex\Chased3D\sprite3d.c", 407
000738r 1  20 rr rr     	jsr     pushax
00073Br 1               ;
00073Br 1               ; clear_decoy();
00073Br 1               ;
00073Br 1               	.dbg	line, "C:\Users\Alex\Chased3D\sprite3d.c", 418
00073Br 1  A0 0D        	ldy     #$0D
00073Dr 1  20 rr rr     	jsr     subysp
000740r 1  20 rr rr     	jsr     _clear_decoy
000743r 1               ;
000743r 1               ; if (!active || !project_object(px, py, angle, decoy_x, decoy_y)) return;
000743r 1               ;
000743r 1               	.dbg	line, "C:\Users\Alex\Chased3D\sprite3d.c", 419
000743r 1  A0 17        	ldy     #$17
000745r 1  B1 rr        	lda     (c_sp),y
000747r 1  D0 03 4C rr  	jeq     L0012
00074Br 1  rr           
00074Cr 1  C8           	iny
00074Dr 1  20 rr rr     	jsr     pushwysp
000750r 1  A0 18        	ldy     #$18
000752r 1  20 rr rr     	jsr     pushwysp
000755r 1  A0 18        	ldy     #$18
000757r 1  20 rr rr     	jsr     pushwysp
00075Ar 1  A0 18        	ldy     #$18
00075Cr 1  20 rr rr     	jsr     pushwysp
00075Fr 1  A0 16        	ldy     #$16
000761r 1  20 rr rr     	jsr     ldaxysp
000764r 1  20 rr rr     	jsr     _project_object
000767r 1  AA           	tax
000768r 1  D0 03 4C rr  	jeq     L0012
00076Cr 1  rr           
00076Dr 1               ;
00076Dr 1               ; height = projected_height;
00076Dr 1               ;
00076Dr 1               	.dbg	line, "C:\Users\Alex\Chased3D\sprite3d.c", 421
00076Dr 1  AD rr rr     	lda     _projected_height
000770r 1  A0 09        	ldy     #$09
000772r 1  91 rr        	sta     (c_sp),y
000774r 1               ;
000774r 1               ; if (height > 32) {
000774r 1               ;
000774r 1               	.dbg	line, "C:\Users\Alex\Chased3D\sprite3d.c", 422
000774r 1  C9 21        	cmp     #$21
000776r 1  90 09        	bcc     L001E
000778r 1               ;
000778r 1               ; height = 32;
000778r 1               ;
000778r 1               	.dbg	line, "C:\Users\Alex\Chased3D\sprite3d.c", 423
000778r 1  A9 20        	lda     #$20
00077Ar 1  91 rr        	sta     (c_sp),y
00077Cr 1               ;
00077Cr 1               ; projected_top = (VIEW_ROWS - 32) >> 1;
00077Cr 1               ;
00077Cr 1               	.dbg	line, "C:\Users\Alex\Chased3D\sprite3d.c", 424
00077Cr 1  A9 1E        	lda     #$1E
00077Er 1  8D rr rr     	sta     _projected_top
000781r 1               ;
000781r 1               ; if (height >= 24) {
000781r 1               ;
000781r 1               	.dbg	line, "C:\Users\Alex\Chased3D\sprite3d.c", 426
000781r 1  B1 rr        L001E:	lda     (c_sp),y
000783r 1  C9 18        	cmp     #$18
000785r 1  A9 00        	lda     #$00
000787r 1  90 0F        	bcc     L0020
000789r 1               ;
000789r 1               ; size = 0x55;
000789r 1               ;
000789r 1               	.dbg	line, "C:\Users\Alex\Chased3D\sprite3d.c", 427
000789r 1  A9 55        	lda     #$55
00078Br 1  88           	dey
00078Cr 1  91 rr        	sta     (c_sp),y
00078Er 1               ;
00078Er 1               ; missile_width = 4;
00078Er 1               ;
00078Er 1               	.dbg	line, "C:\Users\Alex\Chased3D\sprite3d.c", 428
00078Er 1  A9 04        	lda     #$04
000790r 1  88           	dey
000791r 1  91 rr        	sta     (c_sp),y
000793r 1               ;
000793r 1               ; width = 16;
000793r 1               ;
000793r 1               	.dbg	line, "C:\Users\Alex\Chased3D\sprite3d.c", 429
000793r 1  A9 10        	lda     #$10
000795r 1               ;
000795r 1               ; } else {
000795r 1               ;
000795r 1               	.dbg	line, "C:\Users\Alex\Chased3D\sprite3d.c", 430
000795r 1  4C rr rr     	jmp     L0022
000798r 1               ;
000798r 1               ; size = 0;
000798r 1               ;
000798r 1               	.dbg	line, "C:\Users\Alex\Chased3D\sprite3d.c", 431
000798r 1  88           L0020:	dey
000799r 1  91 rr        	sta     (c_sp),y
00079Br 1               ;
00079Br 1               ; missile_width = 2;
00079Br 1               ;
00079Br 1               	.dbg	line, "C:\Users\Alex\Chased3D\sprite3d.c", 432
00079Br 1  A9 02        	lda     #$02
00079Dr 1  88           	dey
00079Er 1  91 rr        	sta     (c_sp),y
0007A0r 1               ;
0007A0r 1               ; width = 8;
0007A0r 1               ;
0007A0r 1               	.dbg	line, "C:\Users\Alex\Chased3D\sprite3d.c", 433
0007A0r 1  A9 08        	lda     #$08
0007A2r 1  88           L0022:	dey
0007A3r 1  91 rr        	sta     (c_sp),y
0007A5r 1               ;
0007A5r 1               ; left = (int)projected_x - (width >> 1);
0007A5r 1               ;
0007A5r 1               	.dbg	line, "C:\Users\Alex\Chased3D\sprite3d.c", 436
0007A5r 1  AD rr rr     	lda     _projected_x
0007A8r 1  20 rr rr     	jsr     pusha0
0007ABr 1  A0 08        	ldy     #$08
0007ADr 1  B1 rr        	lda     (c_sp),y
0007AFr 1  4A           	lsr     a
0007B0r 1  20 rr rr     	jsr     tossuba0
0007B3r 1  20 rr rr     	jsr     stax0sp
0007B6r 1               ;
0007B6r 1               ; if (left < VIEW_LEFT_PX) left = VIEW_LEFT_PX;
0007B6r 1               ;
0007B6r 1               	.dbg	line, "C:\Users\Alex\Chased3D\sprite3d.c", 437
0007B6r 1  C9 14        	cmp     #$14
0007B8r 1  8A           	txa
0007B9r 1  E9 00        	sbc     #$00
0007BBr 1  50 02        	bvc     L0009
0007BDr 1  49 80        	eor     #$80
0007BFr 1  10 07        L0009:	bpl     L0008
0007C1r 1  A2 00        	ldx     #$00
0007C3r 1  A9 14        	lda     #$14
0007C5r 1  20 rr rr     	jsr     stax0sp
0007C8r 1               ;
0007C8r 1               ; if (left + width > VIEW_RIGHT_PX + 1)
0007C8r 1               ;
0007C8r 1               	.dbg	line, "C:\Users\Alex\Chased3D\sprite3d.c", 438
0007C8r 1  A2 00        L0008:	ldx     #$00
0007CAr 1  A0 06        	ldy     #$06
0007CCr 1  B1 rr        	lda     (c_sp),y
0007CEr 1  18           	clc
0007CFr 1  A0 00        	ldy     #$00
0007D1r 1  71 rr        	adc     (c_sp),y
0007D3r 1  48           	pha
0007D4r 1  8A           	txa
0007D5r 1  C8           	iny
0007D6r 1  71 rr        	adc     (c_sp),y
0007D8r 1  AA           	tax
0007D9r 1  68           	pla
0007DAr 1  C9 A1        	cmp     #$A1
0007DCr 1  8A           	txa
0007DDr 1  E9 00        	sbc     #$00
0007DFr 1  70 02        	bvs     L000B
0007E1r 1  49 80        	eor     #$80
0007E3r 1  10 0F        L000B:	bpl     L000A
0007E5r 1               ;
0007E5r 1               ; left = VIEW_RIGHT_PX + 1 - width;
0007E5r 1               ;
0007E5r 1               	.dbg	line, "C:\Users\Alex\Chased3D\sprite3d.c", 439
0007E5r 1  A9 A0        	lda     #$A0
0007E7r 1  38           	sec
0007E8r 1  A0 06        	ldy     #$06
0007EAr 1  F1 rr        	sbc     (c_sp),y
0007ECr 1  A2 00        	ldx     #$00
0007EEr 1  B0 01        	bcs     L0016
0007F0r 1  CA           	dex
0007F1r 1  20 rr rr     L0016:	jsr     stax0sp
0007F4r 1               ;
0007F4r 1               ; dest = pmg_ram + PMG_MISSILE_OFFSET + PMG_TOP_OFFSET + projected_top;
0007F4r 1               ;
0007F4r 1               	.dbg	line, "C:\Users\Alex\Chased3D\sprite3d.c", 441
0007F4r 1  A9 rr        L000A:	lda     #<(_pmg_ram+402)
0007F6r 1  A2 rr        	ldx     #>(_pmg_ram+402)
0007F8r 1  18           	clc
0007F9r 1  6D rr rr     	adc     _projected_top
0007FCr 1  90 01        	bcc     L000C
0007FEr 1  E8           	inx
0007FFr 1  A0 0B        L000C:	ldy     #$0B
000801r 1  20 rr rr     	jsr     staxysp
000804r 1               ;
000804r 1               ; step = ((unsigned int)16 << 8) / height;
000804r 1               ;
000804r 1               	.dbg	line, "C:\Users\Alex\Chased3D\sprite3d.c", 442
000804r 1  A2 10        	ldx     #$10
000806r 1  A9 00        	lda     #$00
000808r 1  20 rr rr     	jsr     pushax
00080Br 1  A0 0B        	ldy     #$0B
00080Dr 1  B1 rr        	lda     (c_sp),y
00080Fr 1  20 rr rr     	jsr     tosudiva0
000812r 1  A0 02        	ldy     #$02
000814r 1  20 rr rr     	jsr     staxysp
000817r 1               ;
000817r 1               ; acc = 0;
000817r 1               ;
000817r 1               	.dbg	line, "C:\Users\Alex\Chased3D\sprite3d.c", 443
000817r 1  A2 00        	ldx     #$00
000819r 1  8A           	txa
00081Ar 1  A0 04        	ldy     #$04
00081Cr 1  20 rr rr     	jsr     staxysp
00081Fr 1               ;
00081Fr 1               ; for (i = 0; i < height; ++i) {
00081Fr 1               ;
00081Fr 1               	.dbg	line, "C:\Users\Alex\Chased3D\sprite3d.c", 444
00081Fr 1  A0 0A        	ldy     #$0A
000821r 1  91 rr        L0019:	sta     (c_sp),y
000823r 1  A2 00        	ldx     #$00
000825r 1  B1 rr        	lda     (c_sp),y
000827r 1  88           	dey
000828r 1  D1 rr        	cmp     (c_sp),y
00082Ar 1  B0 36        	bcs     L0021
00082Cr 1               ;
00082Cr 1               ; dest[i] = decoy_sprite[acc >> 8];
00082Cr 1               ;
00082Cr 1               	.dbg	line, "C:\Users\Alex\Chased3D\sprite3d.c", 445
00082Cr 1  C8           	iny
00082Dr 1  B1 rr        	lda     (c_sp),y
00082Fr 1  18           	clc
000830r 1  C8           	iny
000831r 1  71 rr        	adc     (c_sp),y
000833r 1  85 rr        	sta     sreg
000835r 1  8A           	txa
000836r 1  C8           	iny
000837r 1  71 rr        	adc     (c_sp),y
000839r 1  85 rr        	sta     sreg+1
00083Br 1  A0 05        	ldy     #$05
00083Dr 1  B1 rr        	lda     (c_sp),y
00083Fr 1  85 rr        	sta     ptr1
000841r 1  18           	clc
000842r 1  A9 rr        	lda     #>(_decoy_sprite)
000844r 1  85 rr        	sta     ptr1+1
000846r 1  A0 rr        	ldy     #<(_decoy_sprite)
000848r 1  B1 rr        	lda     (ptr1),y
00084Ar 1  A0 00        	ldy     #$00
00084Cr 1  91 rr        	sta     (sreg),y
00084Er 1               ;
00084Er 1               ; acc += step;
00084Er 1               ;
00084Er 1               	.dbg	line, "C:\Users\Alex\Chased3D\sprite3d.c", 446
00084Er 1  A0 03        	ldy     #$03
000850r 1  20 rr rr     	jsr     ldaxysp
000853r 1  A0 04        	ldy     #$04
000855r 1  20 rr rr     	jsr     addeqysp
000858r 1               ;
000858r 1               ; for (i = 0; i < height; ++i) {
000858r 1               ;
000858r 1               	.dbg	line, "C:\Users\Alex\Chased3D\sprite3d.c", 444
000858r 1  A0 0A        	ldy     #$0A
00085Ar 1  18           	clc
00085Br 1  A9 01        	lda     #$01
00085Dr 1  71 rr        	adc     (c_sp),y
00085Fr 1  4C rr rr     	jmp     L0019
000862r 1               ;
000862r 1               ; decoy_clear_top = (unsigned char)(PMG_TOP_OFFSET + projected_top);
000862r 1               ;
000862r 1               	.dbg	line, "C:\Users\Alex\Chased3D\sprite3d.c", 448
000862r 1  AD rr rr     L0021:	lda     _projected_top
000865r 1  A0 12        	ldy     #$12
000867r 1  20 rr rr     	jsr     incaxy
00086Ar 1  8D rr rr     	sta     _decoy_clear_top
00086Dr 1               ;
00086Dr 1               ; decoy_clear_height = height;
00086Dr 1               ;
00086Dr 1               	.dbg	line, "C:\Users\Alex\Chased3D\sprite3d.c", 449
00086Dr 1  A0 09        	ldy     #$09
00086Fr 1  B1 rr        	lda     (c_sp),y
000871r 1  8D rr rr     	sta     _decoy_clear_height
000874r 1               ;
000874r 1               ; *(volatile unsigned char *)0xD00C = size;
000874r 1               ;
000874r 1               	.dbg	line, "C:\Users\Alex\Chased3D\sprite3d.c", 451
000874r 1  88           	dey
000875r 1  B1 rr        	lda     (c_sp),y
000877r 1  8D 0C D0     	sta     $D00C
00087Ar 1               ;
00087Ar 1               ; for (i = 0; i < 4; ++i) {
00087Ar 1               ;
00087Ar 1               	.dbg	line, "C:\Users\Alex\Chased3D\sprite3d.c", 452
00087Ar 1  A9 00        	lda     #$00
00087Cr 1  A0 0A        	ldy     #$0A
00087Er 1  91 rr        L001A:	sta     (c_sp),y
000880r 1  C9 04        	cmp     #$04
000882r 1  B0 42        	bcs     L0012
000884r 1               ;
000884r 1               ; *(volatile unsigned char *)(0xD004 + i) =
000884r 1               ;
000884r 1               	.dbg	line, "C:\Users\Alex\Chased3D\sprite3d.c", 453
000884r 1  A2 D0        	ldx     #$D0
000886r 1  A9 04        	lda     #$04
000888r 1  18           	clc
000889r 1  71 rr        	adc     (c_sp),y
00088Br 1  90 01        	bcc     L0015
00088Dr 1  E8           	inx
00088Er 1               ;
00088Er 1               ; (unsigned char)(48 + left + (3 - i) * missile_width);
00088Er 1               ;
00088Er 1               	.dbg	line, "C:\Users\Alex\Chased3D\sprite3d.c", 454
00088Er 1  20 rr rr     L0015:	jsr     pushax
000891r 1  A0 03        	ldy     #$03
000893r 1  20 rr rr     	jsr     ldaxysp
000896r 1  A0 30        	ldy     #$30
000898r 1  20 rr rr     	jsr     incaxy
00089Br 1  20 rr rr     	jsr     pushax
00089Er 1  A9 03        	lda     #$03
0008A0r 1  38           	sec
0008A1r 1  A0 0E        	ldy     #$0E
0008A3r 1  F1 rr        	sbc     (c_sp),y
0008A5r 1  A2 00        	ldx     #$00
0008A7r 1  B0 01        	bcs     L0017
0008A9r 1  CA           	dex
0008AAr 1  20 rr rr     L0017:	jsr     pushax
0008ADr 1  A0 0D        	ldy     #$0D
0008AFr 1  B1 rr        	lda     (c_sp),y
0008B1r 1  20 rr rr     	jsr     tosmula0
0008B4r 1  20 rr rr     	jsr     tosaddax
0008B7r 1  A0 00        	ldy     #$00
0008B9r 1  20 rr rr     	jsr     staspidx
0008BCr 1               ;
0008BCr 1               ; for (i = 0; i < 4; ++i) {
0008BCr 1               ;
0008BCr 1               	.dbg	line, "C:\Users\Alex\Chased3D\sprite3d.c", 452
0008BCr 1  A0 0A        	ldy     #$0A
0008BEr 1  18           	clc
0008BFr 1  A9 01        	lda     #$01
0008C1r 1  71 rr        	adc     (c_sp),y
0008C3r 1  4C rr rr     	jmp     L001A
0008C6r 1               ;
0008C6r 1               ; }
0008C6r 1               ;
0008C6r 1               	.dbg	line, "C:\Users\Alex\Chased3D\sprite3d.c", 456
0008C6r 1  A0 18        L0012:	ldy     #$18
0008C8r 1  4C rr rr     	jmp     addysp
0008CBr 1               
0008CBr 1               	.dbg	line
0008CBr 1               .endproc
0008CBr 1               
0008CBr 1               ; ---------------------------------------------------------------
0008CBr 1               ; unsigned char __near__ sprite3d_collect (unsigned int px, unsigned int py)
0008CBr 1               ; ---------------------------------------------------------------
0008CBr 1               
0008CBr 1               .segment	"CODE"
0008CBr 1               
0008CBr 1               .proc	_sprite3d_collect: near
0008CBr 1               
0008CBr 1               	.dbg	func, "sprite3d_collect", "00", static, "_sprite3d_collect"
0008CBr 1               	.dbg	sym, "px", "00", auto, 2
0008CBr 1               	.dbg	sym, "py", "00", auto, 0
0008CBr 1               	.dbg	sym, "i", "00", auto, -1
0008CBr 1               	.dbg	sym, "taken", "00", auto, -2
0008CBr 1               	.dbg	sym, "dx", "00", auto, -4
0008CBr 1               	.dbg	sym, "dy", "00", auto, -6
0008CBr 1               
0008CBr 1               .segment	"CODE"
0008CBr 1               
0008CBr 1               ;
0008CBr 1               ; {
0008CBr 1               ;
0008CBr 1               	.dbg	line, "C:\Users\Alex\Chased3D\sprite3d.c", 217
0008CBr 1  20 rr rr     	jsr     pushax
0008CEr 1               ;
0008CEr 1               ; taken = 0;
0008CEr 1               ;
0008CEr 1               	.dbg	line, "C:\Users\Alex\Chased3D\sprite3d.c", 223
0008CEr 1  20 rr rr     	jsr     decsp6
0008D1r 1  A9 00        	lda     #$00
0008D3r 1  A0 04        	ldy     #$04
0008D5r 1  91 rr        	sta     (c_sp),y
0008D7r 1               ;
0008D7r 1               ; for (i = 0; i < target_count; ++i) {
0008D7r 1               ;
0008D7r 1               	.dbg	line, "C:\Users\Alex\Chased3D\sprite3d.c", 224
0008D7r 1  C8           	iny
0008D8r 1  91 rr        L0011:	sta     (c_sp),y
0008DAr 1  CD rr rr     	cmp     _target_count
0008DDr 1  90 03 4C rr  	jcs     L0003
0008E1r 1  rr           
0008E2r 1               ;
0008E2r 1               ; if (!target_active[i]) continue;
0008E2r 1               ;
0008E2r 1               	.dbg	line, "C:\Users\Alex\Chased3D\sprite3d.c", 225
0008E2r 1  B1 rr        	lda     (c_sp),y
0008E4r 1  A8           	tay
0008E5r 1  B9 rr rr     	lda     _target_active,y
0008E8r 1  D0 03 4C rr  	jeq     L0004
0008ECr 1  rr           
0008EDr 1               ;
0008EDr 1               ; dx = (int)target_px[i] - (int)px;
0008EDr 1               ;
0008EDr 1               	.dbg	line, "C:\Users\Alex\Chased3D\sprite3d.c", 226
0008EDr 1  A0 05        	ldy     #$05
0008EFr 1  A2 00        	ldx     #$00
0008F1r 1  B1 rr        	lda     (c_sp),y
0008F3r 1  0A           	asl     a
0008F4r 1  90 02        	bcc     L0012
0008F6r 1  E8           	inx
0008F7r 1  18           	clc
0008F8r 1  69 rr        L0012:	adc     #<(_target_px)
0008FAr 1  A8           	tay
0008FBr 1  8A           	txa
0008FCr 1  69 rr        	adc     #>(_target_px)
0008FEr 1  AA           	tax
0008FFr 1  98           	tya
000900r 1  20 rr rr     	jsr     ldaxi
000903r 1  38           	sec
000904r 1  A0 08        	ldy     #$08
000906r 1  F1 rr        	sbc     (c_sp),y
000908r 1  48           	pha
000909r 1  8A           	txa
00090Ar 1  C8           	iny
00090Br 1  F1 rr        	sbc     (c_sp),y
00090Dr 1  AA           	tax
00090Er 1  68           	pla
00090Fr 1  A0 02        	ldy     #$02
000911r 1  20 rr rr     	jsr     staxysp
000914r 1               ;
000914r 1               ; if (dx < 0) dx = -dx;
000914r 1               ;
000914r 1               	.dbg	line, "C:\Users\Alex\Chased3D\sprite3d.c", 227
000914r 1  E0 80        	cpx     #$80
000916r 1  90 0D        	bcc     L0008
000918r 1  A0 03        	ldy     #$03
00091Ar 1  20 rr rr     	jsr     ldaxysp
00091Dr 1  20 rr rr     	jsr     negax
000920r 1  A0 02        	ldy     #$02
000922r 1  20 rr rr     	jsr     staxysp
000925r 1               ;
000925r 1               ; if (dx >= COLLECT_RADIUS) continue;
000925r 1               ;
000925r 1               	.dbg	line, "C:\Users\Alex\Chased3D\sprite3d.c", 228
000925r 1  A0 03        L0008:	ldy     #$03
000927r 1  20 rr rr     	jsr     ldaxysp
00092Ar 1  C9 A0        	cmp     #$A0
00092Cr 1  8A           	txa
00092Dr 1  E9 00        	sbc     #$00
00092Fr 1  70 02        	bvs     L000A
000931r 1  49 80        	eor     #$80
000933r 1  30 56        L000A:	bmi     L0004
000935r 1               ;
000935r 1               ; dy = (int)target_py[i] - (int)py;
000935r 1               ;
000935r 1               	.dbg	line, "C:\Users\Alex\Chased3D\sprite3d.c", 229
000935r 1  A0 05        	ldy     #$05
000937r 1  A2 00        	ldx     #$00
000939r 1  B1 rr        	lda     (c_sp),y
00093Br 1  0A           	asl     a
00093Cr 1  90 02        	bcc     L0013
00093Er 1  E8           	inx
00093Fr 1  18           	clc
000940r 1  69 rr        L0013:	adc     #<(_target_py)
000942r 1  A8           	tay
000943r 1  8A           	txa
000944r 1  69 rr        	adc     #>(_target_py)
000946r 1  AA           	tax
000947r 1  98           	tya
000948r 1  20 rr rr     	jsr     ldaxi
00094Br 1  38           	sec
00094Cr 1  A0 06        	ldy     #$06
00094Er 1  F1 rr        	sbc     (c_sp),y
000950r 1  48           	pha
000951r 1  8A           	txa
000952r 1  C8           	iny
000953r 1  F1 rr        	sbc     (c_sp),y
000955r 1  AA           	tax
000956r 1  68           	pla
000957r 1  20 rr rr     	jsr     stax0sp
00095Ar 1               ;
00095Ar 1               ; if (dy < 0) dy = -dy;
00095Ar 1               ;
00095Ar 1               	.dbg	line, "C:\Users\Alex\Chased3D\sprite3d.c", 230
00095Ar 1  E0 80        	cpx     #$80
00095Cr 1  90 09        	bcc     L000B
00095Er 1  20 rr rr     	jsr     ldax0sp
000961r 1  20 rr rr     	jsr     negax
000964r 1  20 rr rr     	jsr     stax0sp
000967r 1               ;
000967r 1               ; if (dy >= COLLECT_RADIUS) continue;
000967r 1               ;
000967r 1               	.dbg	line, "C:\Users\Alex\Chased3D\sprite3d.c", 231
000967r 1  20 rr rr     L000B:	jsr     ldax0sp
00096Ar 1  C9 A0        	cmp     #$A0
00096Cr 1  8A           	txa
00096Dr 1  E9 00        	sbc     #$00
00096Fr 1  70 02        	bvs     L000D
000971r 1  49 80        	eor     #$80
000973r 1  30 16        L000D:	bmi     L0004
000975r 1               ;
000975r 1               ; target_active[i] = 0;
000975r 1               ;
000975r 1               	.dbg	line, "C:\Users\Alex\Chased3D\sprite3d.c", 232
000975r 1  A0 05        	ldy     #$05
000977r 1  B1 rr        	lda     (c_sp),y
000979r 1  A8           	tay
00097Ar 1  A9 00        	lda     #$00
00097Cr 1  99 rr rr     	sta     _target_active,y
00097Fr 1               ;
00097Fr 1               ; --targets_left;
00097Fr 1               ;
00097Fr 1               	.dbg	line, "C:\Users\Alex\Chased3D\sprite3d.c", 233
00097Fr 1  CE rr rr     	dec     _targets_left
000982r 1               ;
000982r 1               ; ++taken;
000982r 1               ;
000982r 1               	.dbg	line, "C:\Users\Alex\Chased3D\sprite3d.c", 234
000982r 1  A0 04        	ldy     #$04
000984r 1  18           	clc
000985r 1  A9 01        	lda     #$01
000987r 1  71 rr        	adc     (c_sp),y
000989r 1  91 rr        	sta     (c_sp),y
00098Br 1               ;
00098Br 1               ; for (i = 0; i < target_count; ++i) {
00098Br 1               ;
00098Br 1               	.dbg	line, "C:\Users\Alex\Chased3D\sprite3d.c", 224
00098Br 1  A0 05        L0004:	ldy     #$05
00098Dr 1  18           	clc
00098Er 1  A9 01        	lda     #$01
000990r 1  71 rr        	adc     (c_sp),y
000992r 1  4C rr rr     	jmp     L0011
000995r 1               ;
000995r 1               ; return taken;
000995r 1               ;
000995r 1               	.dbg	line, "C:\Users\Alex\Chased3D\sprite3d.c", 236
000995r 1  88           L0003:	dey
000996r 1  A2 00        	ldx     #$00
000998r 1  B1 rr        	lda     (c_sp),y
00099Ar 1               ;
00099Ar 1               ; }
00099Ar 1               ;
00099Ar 1               	.dbg	line, "C:\Users\Alex\Chased3D\sprite3d.c", 237
00099Ar 1  A0 0A        	ldy     #$0A
00099Cr 1  4C rr rr     	jmp     addysp
00099Fr 1               
00099Fr 1               	.dbg	line
00099Fr 1               .endproc
00099Fr 1               
00099Fr 1               ; ---------------------------------------------------------------
00099Fr 1               ; unsigned char __near__ sprite3d_hit_laser (unsigned int px, unsigned int py)
00099Fr 1               ; ---------------------------------------------------------------
00099Fr 1               
00099Fr 1               .segment	"CODE"
00099Fr 1               
00099Fr 1               .proc	_sprite3d_hit_laser: near
00099Fr 1               
00099Fr 1               	.dbg	func, "sprite3d_hit_laser", "00", static, "_sprite3d_hit_laser"
00099Fr 1               	.dbg	sym, "px", "00", auto, 2
00099Fr 1               	.dbg	sym, "py", "00", auto, 0
00099Fr 1               	.dbg	sym, "i", "00", auto, -1
00099Fr 1               	.dbg	sym, "dx", "00", auto, -3
00099Fr 1               	.dbg	sym, "dy", "00", auto, -5
00099Fr 1               
00099Fr 1               .segment	"CODE"
00099Fr 1               
00099Fr 1               ;
00099Fr 1               ; {
00099Fr 1               ;
00099Fr 1               	.dbg	line, "C:\Users\Alex\Chased3D\sprite3d.c", 240
00099Fr 1  20 rr rr     	jsr     pushax
0009A2r 1               ;
0009A2r 1               ; for (i = 0; i < laser_count; ++i) {
0009A2r 1               ;
0009A2r 1               	.dbg	line, "C:\Users\Alex\Chased3D\sprite3d.c", 245
0009A2r 1  20 rr rr     	jsr     decsp5
0009A5r 1  A9 00        	lda     #$00
0009A7r 1  A0 04        	ldy     #$04
0009A9r 1  91 rr        L000E:	sta     (c_sp),y
0009ABr 1  A2 00        	ldx     #$00
0009ADr 1  B1 rr        	lda     (c_sp),y
0009AFr 1  CD rr rr     	cmp     _laser_count
0009B2r 1  90 03 4C rr  	jcs     L0011
0009B6r 1  rr           
0009B7r 1               ;
0009B7r 1               ; dx = (int)laser_px[i] - (int)px;
0009B7r 1               ;
0009B7r 1               	.dbg	line, "C:\Users\Alex\Chased3D\sprite3d.c", 246
0009B7r 1  0A           	asl     a
0009B8r 1  90 02        	bcc     L000F
0009BAr 1  E8           	inx
0009BBr 1  18           	clc
0009BCr 1  69 rr        L000F:	adc     #<(_laser_px)
0009BEr 1  A8           	tay
0009BFr 1  8A           	txa
0009C0r 1  69 rr        	adc     #>(_laser_px)
0009C2r 1  AA           	tax
0009C3r 1  98           	tya
0009C4r 1  20 rr rr     	jsr     ldaxi
0009C7r 1  38           	sec
0009C8r 1  A0 07        	ldy     #$07
0009CAr 1  F1 rr        	sbc     (c_sp),y
0009CCr 1  48           	pha
0009CDr 1  8A           	txa
0009CEr 1  C8           	iny
0009CFr 1  F1 rr        	sbc     (c_sp),y
0009D1r 1  AA           	tax
0009D2r 1  68           	pla
0009D3r 1  A0 02        	ldy     #$02
0009D5r 1  20 rr rr     	jsr     staxysp
0009D8r 1               ;
0009D8r 1               ; if (dx < 0) dx = -dx;
0009D8r 1               ;
0009D8r 1               	.dbg	line, "C:\Users\Alex\Chased3D\sprite3d.c", 247
0009D8r 1  E0 80        	cpx     #$80
0009DAr 1  90 0D        	bcc     L0006
0009DCr 1  A0 03        	ldy     #$03
0009DEr 1  20 rr rr     	jsr     ldaxysp
0009E1r 1  20 rr rr     	jsr     negax
0009E4r 1  A0 02        	ldy     #$02
0009E6r 1  20 rr rr     	jsr     staxysp
0009E9r 1               ;
0009E9r 1               ; if (dx >= COLLECT_RADIUS) continue;
0009E9r 1               ;
0009E9r 1               	.dbg	line, "C:\Users\Alex\Chased3D\sprite3d.c", 248
0009E9r 1  A0 03        L0006:	ldy     #$03
0009EBr 1  20 rr rr     	jsr     ldaxysp
0009EEr 1  C9 A0        	cmp     #$A0
0009F0r 1  8A           	txa
0009F1r 1  E9 00        	sbc     #$00
0009F3r 1  70 02        	bvs     L0008
0009F5r 1  49 80        	eor     #$80
0009F7r 1  30 47        L0008:	bmi     L0004
0009F9r 1               ;
0009F9r 1               ; dy = (int)laser_py[i] - (int)py;
0009F9r 1               ;
0009F9r 1               	.dbg	line, "C:\Users\Alex\Chased3D\sprite3d.c", 249
0009F9r 1  A0 04        	ldy     #$04
0009FBr 1  A2 00        	ldx     #$00
0009FDr 1  B1 rr        	lda     (c_sp),y
0009FFr 1  0A           	asl     a
000A00r 1  90 02        	bcc     L0010
000A02r 1  E8           	inx
000A03r 1  18           	clc
000A04r 1  69 rr        L0010:	adc     #<(_laser_py)
000A06r 1  A8           	tay
000A07r 1  8A           	txa
000A08r 1  69 rr        	adc     #>(_laser_py)
000A0Ar 1  AA           	tax
000A0Br 1  98           	tya
000A0Cr 1  20 rr rr     	jsr     ldaxi
000A0Fr 1  38           	sec
000A10r 1  A0 05        	ldy     #$05
000A12r 1  F1 rr        	sbc     (c_sp),y
000A14r 1  48           	pha
000A15r 1  8A           	txa
000A16r 1  C8           	iny
000A17r 1  F1 rr        	sbc     (c_sp),y
000A19r 1  AA           	tax
000A1Ar 1  68           	pla
000A1Br 1  20 rr rr     	jsr     stax0sp
000A1Er 1               ;
000A1Er 1               ; if (dy < 0) dy = -dy;
000A1Er 1               ;
000A1Er 1               	.dbg	line, "C:\Users\Alex\Chased3D\sprite3d.c", 250
000A1Er 1  E0 80        	cpx     #$80
000A20r 1  90 09        	bcc     L0009
000A22r 1  20 rr rr     	jsr     ldax0sp
000A25r 1  20 rr rr     	jsr     negax
000A28r 1  20 rr rr     	jsr     stax0sp
000A2Br 1               ;
000A2Br 1               ; if (dy < COLLECT_RADIUS) return 1;
000A2Br 1               ;
000A2Br 1               	.dbg	line, "C:\Users\Alex\Chased3D\sprite3d.c", 251
000A2Br 1  20 rr rr     L0009:	jsr     ldax0sp
000A2Er 1  C9 A0        	cmp     #$A0
000A30r 1  8A           	txa
000A31r 1  E9 00        	sbc     #$00
000A33r 1  50 02        	bvc     L000B
000A35r 1  49 80        	eor     #$80
000A37r 1  10 07        L000B:	bpl     L0004
000A39r 1  A2 00        	ldx     #$00
000A3Br 1  A9 01        	lda     #$01
000A3Dr 1  4C rr rr     	jmp     L0001
000A40r 1               ;
000A40r 1               ; for (i = 0; i < laser_count; ++i) {
000A40r 1               ;
000A40r 1               	.dbg	line, "C:\Users\Alex\Chased3D\sprite3d.c", 245
000A40r 1  A0 04        L0004:	ldy     #$04
000A42r 1  18           	clc
000A43r 1  A9 01        	lda     #$01
000A45r 1  71 rr        	adc     (c_sp),y
000A47r 1  4C rr rr     	jmp     L000E
000A4Ar 1               ;
000A4Ar 1               ; return 0;
000A4Ar 1               ;
000A4Ar 1               	.dbg	line, "C:\Users\Alex\Chased3D\sprite3d.c", 253
000A4Ar 1  8A           L0011:	txa
000A4Br 1               ;
000A4Br 1               ; }
000A4Br 1               ;
000A4Br 1               	.dbg	line, "C:\Users\Alex\Chased3D\sprite3d.c", 254
000A4Br 1  A0 09        L0001:	ldy     #$09
000A4Dr 1  4C rr rr     	jmp     addysp
000A50r 1               
000A50r 1               	.dbg	line
000A50r 1               .endproc
000A50r 1               
000A50r 1               ; ---------------------------------------------------------------
000A50r 1               ; unsigned char __near__ sprite3d_targets_left (void)
000A50r 1               ; ---------------------------------------------------------------
000A50r 1               
000A50r 1               .segment	"CODE"
000A50r 1               
000A50r 1               .proc	_sprite3d_targets_left: near
000A50r 1               
000A50r 1               	.dbg	func, "sprite3d_targets_left", "00", static, "_sprite3d_targets_left"
000A50r 1               
000A50r 1               .segment	"CODE"
000A50r 1               
000A50r 1               ;
000A50r 1               ; return targets_left;
000A50r 1               ;
000A50r 1               	.dbg	line, "C:\Users\Alex\Chased3D\sprite3d.c", 193
000A50r 1  A2 00        	ldx     #$00
000A52r 1  AD rr rr     	lda     _targets_left
000A55r 1               ;
000A55r 1               ; }
000A55r 1               ;
000A55r 1               	.dbg	line, "C:\Users\Alex\Chased3D\sprite3d.c", 194
000A55r 1  60           	rts
000A56r 1               
000A56r 1               	.dbg	line
000A56r 1               .endproc
000A56r 1               
000A56r 1               ; ---------------------------------------------------------------
000A56r 1               ; void __near__ sprite3d_clear_all (void)
000A56r 1               ; ---------------------------------------------------------------
000A56r 1               
000A56r 1               .segment	"CODE"
000A56r 1               
000A56r 1               .proc	_sprite3d_clear_all: near
000A56r 1               
000A56r 1               	.dbg	func, "sprite3d_clear_all", "00", static, "_sprite3d_clear_all"
000A56r 1               	.dbg	sym, "player", "00", auto, -1
000A56r 1               
000A56r 1               .segment	"CODE"
000A56r 1               
000A56r 1               ;
000A56r 1               ; for (player = 0; player < PMG_PLAYERS; ++player) {
000A56r 1               ;
000A56r 1               	.dbg	line, "C:\Users\Alex\Chased3D\sprite3d.c", 283
000A56r 1  20 rr rr     	jsr     decsp1
000A59r 1  A9 00        	lda     #$00
000A5Br 1  A8           	tay
000A5Cr 1  91 rr        L0006:	sta     (c_sp),y
000A5Er 1  C9 04        	cmp     #$04
000A60r 1  B0 0F        	bcs     L0003
000A62r 1               ;
000A62r 1               ; clear_player(player);
000A62r 1               ;
000A62r 1               	.dbg	line, "C:\Users\Alex\Chased3D\sprite3d.c", 284
000A62r 1  B1 rr        	lda     (c_sp),y
000A64r 1  20 rr rr     	jsr     _clear_player
000A67r 1               ;
000A67r 1               ; for (player = 0; player < PMG_PLAYERS; ++player) {
000A67r 1               ;
000A67r 1               	.dbg	line, "C:\Users\Alex\Chased3D\sprite3d.c", 283
000A67r 1  A0 00        	ldy     #$00
000A69r 1  18           	clc
000A6Ar 1  A9 01        	lda     #$01
000A6Cr 1  71 rr        	adc     (c_sp),y
000A6Er 1  4C rr rr     	jmp     L0006
000A71r 1               ;
000A71r 1               ; clear_decoy();
000A71r 1               ;
000A71r 1               	.dbg	line, "C:\Users\Alex\Chased3D\sprite3d.c", 286
000A71r 1  20 rr rr     L0003:	jsr     _clear_decoy
000A74r 1               ;
000A74r 1               ; last_used = 0;
000A74r 1               ;
000A74r 1               	.dbg	line, "C:\Users\Alex\Chased3D\sprite3d.c", 287
000A74r 1  A9 00        	lda     #$00
000A76r 1  8D rr rr     	sta     _last_used
000A79r 1               ;
000A79r 1               ; }
000A79r 1               ;
000A79r 1               	.dbg	line, "C:\Users\Alex\Chased3D\sprite3d.c", 288
000A79r 1  4C rr rr     	jmp     incsp1
000A7Cr 1               
000A7Cr 1               	.dbg	line
000A7Cr 1               .endproc
000A7Cr 1               
000A7Cr 1               ; ---------------------------------------------------------------
000A7Cr 1               ; unsigned char __near__ sprite3d_reached_exit (unsigned int px, unsigned int py)
000A7Cr 1               ; ---------------------------------------------------------------
000A7Cr 1               
000A7Cr 1               .segment	"CODE"
000A7Cr 1               
000A7Cr 1               .proc	_sprite3d_reached_exit: near
000A7Cr 1               
000A7Cr 1               	.dbg	func, "sprite3d_reached_exit", "00", static, "_sprite3d_reached_exit"
000A7Cr 1               	.dbg	sym, "px", "00", auto, 2
000A7Cr 1               	.dbg	sym, "py", "00", auto, 0
000A7Cr 1               	.dbg	sym, "col", "00", auto, -1
000A7Cr 1               
000A7Cr 1               .segment	"CODE"
000A7Cr 1               
000A7Cr 1               ;
000A7Cr 1               ; {
000A7Cr 1               ;
000A7Cr 1               	.dbg	line, "C:\Users\Alex\Chased3D\sprite3d.c", 205
000A7Cr 1  20 rr rr     	jsr     pushax
000A7Fr 1               ;
000A7Fr 1               ; if (!maze_exit_found || targets_left != 0) return 0;
000A7Fr 1               ;
000A7Fr 1               	.dbg	line, "C:\Users\Alex\Chased3D\sprite3d.c", 208
000A7Fr 1  20 rr rr     	jsr     decsp1
000A82r 1  AD rr rr     	lda     _maze_exit_found
000A85r 1  F0 05        	beq     L0009
000A87r 1  AD rr rr     	lda     _targets_left
000A8Ar 1  F0 06        	beq     L0002
000A8Cr 1  A2 00        L0009:	ldx     #$00
000A8Er 1  8A           	txa
000A8Fr 1  4C rr rr     	jmp     incsp5
000A92r 1               ;
000A92r 1               ; if ((unsigned char)(py >> 8) != maze_exit_row) return 0;
000A92r 1               ;
000A92r 1               	.dbg	line, "C:\Users\Alex\Chased3D\sprite3d.c", 209
000A92r 1  A0 02        L0002:	ldy     #$02
000A94r 1  B1 rr        	lda     (c_sp),y
000A96r 1  CD rr rr     	cmp     _maze_exit_row
000A99r 1  F0 06        	beq     L0005
000A9Br 1  A2 00        	ldx     #$00
000A9Dr 1  8A           	txa
000A9Er 1  4C rr rr     	jmp     incsp5
000AA1r 1               ;
000AA1r 1               ; col = (unsigned char)(px >> 8);
000AA1r 1               ;
000AA1r 1               	.dbg	line, "C:\Users\Alex\Chased3D\sprite3d.c", 210
000AA1r 1  A0 04        L0005:	ldy     #$04
000AA3r 1  B1 rr        	lda     (c_sp),y
000AA5r 1  A0 00        	ldy     #$00
000AA7r 1  91 rr        	sta     (c_sp),y
000AA9r 1               ;
000AA9r 1               ; return col >= maze_exit_col && col < maze_exit_col + 3;
000AA9r 1               ;
000AA9r 1               	.dbg	line, "C:\Users\Alex\Chased3D\sprite3d.c", 211
000AA9r 1  A2 00        	ldx     #$00
000AABr 1  B1 rr        	lda     (c_sp),y
000AADr 1  CD rr rr     	cmp     _maze_exit_col
000AB0r 1  90 10        	bcc     L000A
000AB2r 1  20 rr rr     	jsr     pusha0
000AB5r 1  AD rr rr     	lda     _maze_exit_col
000AB8r 1  20 rr rr     	jsr     incax3
000ABBr 1  20 rr rr     	jsr     tosicmp
000ABEr 1  30 06        	bmi     L0007
000AC0r 1  A2 00        	ldx     #$00
000AC2r 1  8A           L000A:	txa
000AC3r 1  4C rr rr     	jmp     incsp5
000AC6r 1  A9 01        L0007:	lda     #$01
000AC8r 1  A2 00        	ldx     #$00
000ACAr 1               ;
000ACAr 1               ; }
000ACAr 1               ;
000ACAr 1               	.dbg	line, "C:\Users\Alex\Chased3D\sprite3d.c", 212
000ACAr 1  4C rr rr     	jmp     incsp5
000ACDr 1               
000ACDr 1               	.dbg	line
000ACDr 1               .endproc
000ACDr 1               
000ACDr 1               ; ---------------------------------------------------------------
000ACDr 1               ; void __near__ draw_billboard (unsigned char player, unsigned char sx, unsigned char top, unsigned char height, const unsigned char *sprite, unsigned char sprite_rows)
000ACDr 1               ; ---------------------------------------------------------------
000ACDr 1               
000ACDr 1               .segment	"CODE"
000ACDr 1               
000ACDr 1               .proc	_draw_billboard: near
000ACDr 1               
000ACDr 1               	.dbg	func, "draw_billboard", "00", static, "_draw_billboard"
000ACDr 1               	.dbg	sym, "player", "00", auto, 6
000ACDr 1               	.dbg	sym, "sx", "00", auto, 5
000ACDr 1               	.dbg	sym, "top", "00", auto, 4
000ACDr 1               	.dbg	sym, "height", "00", auto, 3
000ACDr 1               	.dbg	sym, "sprite", "00", auto, 1
000ACDr 1               	.dbg	sym, "sprite_rows", "00", auto, 0
000ACDr 1               	.dbg	sym, "dest", "00", auto, -2
000ACDr 1               	.dbg	sym, "i", "00", auto, -3
000ACDr 1               	.dbg	sym, "size", "00", auto, -4
000ACDr 1               	.dbg	sym, "width", "00", auto, -5
000ACDr 1               	.dbg	sym, "acc", "00", auto, -7
000ACDr 1               	.dbg	sym, "step", "00", auto, -9
000ACDr 1               	.dbg	sym, "left", "00", auto, -11
000ACDr 1               
000ACDr 1               .segment	"CODE"
000ACDr 1               
000ACDr 1               ;
000ACDr 1               ; {
000ACDr 1               ;
000ACDr 1               	.dbg	line, "C:\Users\Alex\Chased3D\sprite3d.c", 293
000ACDr 1  20 rr rr     	jsr     pusha
000AD0r 1               ;
000AD0r 1               ; if (height >= 48) { size = 3; width = 32; }
000AD0r 1               ;
000AD0r 1               	.dbg	line, "C:\Users\Alex\Chased3D\sprite3d.c", 303
000AD0r 1  A0 0B        	ldy     #$0B
000AD2r 1  20 rr rr     	jsr     subysp
000AD5r 1  A0 0E        	ldy     #$0E
000AD7r 1  B1 rr        	lda     (c_sp),y
000AD9r 1  C9 30        	cmp     #$30
000ADBr 1  90 0B        	bcc     L0016
000ADDr 1  A9 03        	lda     #$03
000ADFr 1  A0 07        	ldy     #$07
000AE1r 1  91 rr        	sta     (c_sp),y
000AE3r 1  A9 20        	lda     #$20
000AE5r 1               ;
000AE5r 1               ; else if (height >= 24) { size = 1; width = 16; }
000AE5r 1               ;
000AE5r 1               	.dbg	line, "C:\Users\Alex\Chased3D\sprite3d.c", 304
000AE5r 1  4C rr rr     	jmp     L0019
000AE8r 1  B1 rr        L0016:	lda     (c_sp),y
000AEAr 1  C9 18        	cmp     #$18
000AECr 1  A9 00        	lda     #$00
000AEEr 1  90 0B        	bcc     L0018
000AF0r 1  A9 01        	lda     #$01
000AF2r 1  A0 07        	ldy     #$07
000AF4r 1  91 rr        	sta     (c_sp),y
000AF6r 1  A9 10        	lda     #$10
000AF8r 1               ;
000AF8r 1               ; else { size = 0; width = 8; }
000AF8r 1               ;
000AF8r 1               	.dbg	line, "C:\Users\Alex\Chased3D\sprite3d.c", 305
000AF8r 1  4C rr rr     	jmp     L0019
000AFBr 1  A0 07        L0018:	ldy     #$07
000AFDr 1  91 rr        	sta     (c_sp),y
000AFFr 1  A9 08        	lda     #$08
000B01r 1  88           L0019:	dey
000B02r 1  91 rr        	sta     (c_sp),y
000B04r 1               ;
000B04r 1               ; left = (int)sx - (width >> 1);
000B04r 1               ;
000B04r 1               	.dbg	line, "C:\Users\Alex\Chased3D\sprite3d.c", 307
000B04r 1  A0 10        	ldy     #$10
000B06r 1  B1 rr        	lda     (c_sp),y
000B08r 1  20 rr rr     	jsr     pusha0
000B0Br 1  A0 08        	ldy     #$08
000B0Dr 1  B1 rr        	lda     (c_sp),y
000B0Fr 1  4A           	lsr     a
000B10r 1  20 rr rr     	jsr     tossuba0
000B13r 1  20 rr rr     	jsr     stax0sp
000B16r 1               ;
000B16r 1               ; if (left < VIEW_LEFT_PX) left = VIEW_LEFT_PX;
000B16r 1               ;
000B16r 1               	.dbg	line, "C:\Users\Alex\Chased3D\sprite3d.c", 308
000B16r 1  C9 14        	cmp     #$14
000B18r 1  8A           	txa
000B19r 1  E9 00        	sbc     #$00
000B1Br 1  50 02        	bvc     L0007
000B1Dr 1  49 80        	eor     #$80
000B1Fr 1  10 07        L0007:	bpl     L0006
000B21r 1  A2 00        	ldx     #$00
000B23r 1  A9 14        	lda     #$14
000B25r 1  20 rr rr     	jsr     stax0sp
000B28r 1               ;
000B28r 1               ; if (left + width > VIEW_RIGHT_PX + 1)
000B28r 1               ;
000B28r 1               	.dbg	line, "C:\Users\Alex\Chased3D\sprite3d.c", 309
000B28r 1  A2 00        L0006:	ldx     #$00
000B2Ar 1  A0 06        	ldy     #$06
000B2Cr 1  B1 rr        	lda     (c_sp),y
000B2Er 1  18           	clc
000B2Fr 1  A0 00        	ldy     #$00
000B31r 1  71 rr        	adc     (c_sp),y
000B33r 1  48           	pha
000B34r 1  8A           	txa
000B35r 1  C8           	iny
000B36r 1  71 rr        	adc     (c_sp),y
000B38r 1  AA           	tax
000B39r 1  68           	pla
000B3Ar 1  C9 A1        	cmp     #$A1
000B3Cr 1  8A           	txa
000B3Dr 1  E9 00        	sbc     #$00
000B3Fr 1  70 02        	bvs     L0009
000B41r 1  49 80        	eor     #$80
000B43r 1  10 0F        L0009:	bpl     L0008
000B45r 1               ;
000B45r 1               ; left = VIEW_RIGHT_PX + 1 - width;
000B45r 1               ;
000B45r 1               	.dbg	line, "C:\Users\Alex\Chased3D\sprite3d.c", 310
000B45r 1  A9 A0        	lda     #$A0
000B47r 1  38           	sec
000B48r 1  A0 06        	ldy     #$06
000B4Ar 1  F1 rr        	sbc     (c_sp),y
000B4Cr 1  A2 00        	ldx     #$00
000B4Er 1  B0 01        	bcs     L0012
000B50r 1  CA           	dex
000B51r 1  20 rr rr     L0012:	jsr     stax0sp
000B54r 1               ;
000B54r 1               ; clear_player(player);
000B54r 1               ;
000B54r 1               	.dbg	line, "C:\Users\Alex\Chased3D\sprite3d.c", 312
000B54r 1  A0 11        L0008:	ldy     #$11
000B56r 1  B1 rr        	lda     (c_sp),y
000B58r 1  20 rr rr     	jsr     _clear_player
000B5Br 1               ;
000B5Br 1               ; dest = pmg_ram + PMG_PLAYER0_OFFSET + ((unsigned int)player << 7);
000B5Br 1               ;
000B5Br 1               	.dbg	line, "C:\Users\Alex\Chased3D\sprite3d.c", 313
000B5Br 1  A0 11        	ldy     #$11
000B5Dr 1  A2 00        	ldx     #$00
000B5Fr 1  B1 rr        	lda     (c_sp),y
000B61r 1  20 rr rr     	jsr     shlax7
000B64r 1  18           	clc
000B65r 1  69 rr        	adc     #<(_pmg_ram+512)
000B67r 1  A8           	tay
000B68r 1  8A           	txa
000B69r 1  69 rr        	adc     #>(_pmg_ram+512)
000B6Br 1  AA           	tax
000B6Cr 1  98           	tya
000B6Dr 1  A0 09        	ldy     #$09
000B6Fr 1  20 rr rr     	jsr     staxysp
000B72r 1               ;
000B72r 1               ; step = ((unsigned int)sprite_rows << 8) / height;
000B72r 1               ;
000B72r 1               	.dbg	line, "C:\Users\Alex\Chased3D\sprite3d.c", 315
000B72r 1  A0 0B        	ldy     #$0B
000B74r 1  B1 rr        	lda     (c_sp),y
000B76r 1  AA           	tax
000B77r 1  A9 00        	lda     #$00
000B79r 1  20 rr rr     	jsr     pushax
000B7Cr 1  A0 10        	ldy     #$10
000B7Er 1  B1 rr        	lda     (c_sp),y
000B80r 1  20 rr rr     	jsr     tosudiva0
000B83r 1  A0 02        	ldy     #$02
000B85r 1  20 rr rr     	jsr     staxysp
000B88r 1               ;
000B88r 1               ; acc = 0;
000B88r 1               ;
000B88r 1               	.dbg	line, "C:\Users\Alex\Chased3D\sprite3d.c", 316
000B88r 1  A2 00        	ldx     #$00
000B8Ar 1  8A           	txa
000B8Br 1  A0 04        	ldy     #$04
000B8Dr 1  20 rr rr     	jsr     staxysp
000B90r 1               ;
000B90r 1               ; dest += PMG_TOP_OFFSET + top;
000B90r 1               ;
000B90r 1               	.dbg	line, "C:\Users\Alex\Chased3D\sprite3d.c", 317
000B90r 1  A0 0F        	ldy     #$0F
000B92r 1  B1 rr        	lda     (c_sp),y
000B94r 1  A0 12        	ldy     #$12
000B96r 1  20 rr rr     	jsr     incaxy
000B99r 1  A0 09        	ldy     #$09
000B9Br 1  20 rr rr     	jsr     addeqysp
000B9Er 1               ;
000B9Er 1               ; for (i = 0; i < height; ++i) {
000B9Er 1               ;
000B9Er 1               	.dbg	line, "C:\Users\Alex\Chased3D\sprite3d.c", 318
000B9Er 1  A9 00        	lda     #$00
000BA0r 1  A0 08        	ldy     #$08
000BA2r 1  91 rr        L0014:	sta     (c_sp),y
000BA4r 1  A0 0E        	ldy     #$0E
000BA6r 1  D1 rr        	cmp     (c_sp),y
000BA8r 1  B0 35        	bcs     L000B
000BAAr 1               ;
000BAAr 1               ; dest[i] = sprite[acc >> 8];
000BAAr 1               ;
000BAAr 1               	.dbg	line, "C:\Users\Alex\Chased3D\sprite3d.c", 319
000BAAr 1  A0 08        	ldy     #$08
000BACr 1  B1 rr        	lda     (c_sp),y
000BAEr 1  18           	clc
000BAFr 1  C8           	iny
000BB0r 1  71 rr        	adc     (c_sp),y
000BB2r 1  85 rr        	sta     sreg
000BB4r 1  A9 00        	lda     #$00
000BB6r 1  C8           	iny
000BB7r 1  71 rr        	adc     (c_sp),y
000BB9r 1  85 rr        	sta     sreg+1
000BBBr 1  A0 0D        	ldy     #$0D
000BBDr 1  20 rr rr     	jsr     ldptr1ysp
000BC0r 1  A0 05        	ldy     #$05
000BC2r 1  B1 rr        	lda     (c_sp),y
000BC4r 1  A8           	tay
000BC5r 1  B1 rr        	lda     (ptr1),y
000BC7r 1  A0 00        	ldy     #$00
000BC9r 1  91 rr        	sta     (sreg),y
000BCBr 1               ;
000BCBr 1               ; acc += step;
000BCBr 1               ;
000BCBr 1               	.dbg	line, "C:\Users\Alex\Chased3D\sprite3d.c", 320
000BCBr 1  A0 03        	ldy     #$03
000BCDr 1  20 rr rr     	jsr     ldaxysp
000BD0r 1  A0 04        	ldy     #$04
000BD2r 1  20 rr rr     	jsr     addeqysp
000BD5r 1               ;
000BD5r 1               ; for (i = 0; i < height; ++i) {
000BD5r 1               ;
000BD5r 1               	.dbg	line, "C:\Users\Alex\Chased3D\sprite3d.c", 318
000BD5r 1  A0 08        	ldy     #$08
000BD7r 1  18           	clc
000BD8r 1  A9 01        	lda     #$01
000BDAr 1  71 rr        	adc     (c_sp),y
000BDCr 1  4C rr rr     	jmp     L0014
000BDFr 1               ;
000BDFr 1               ; player_clear_top[player] = (unsigned char)(PMG_TOP_OFFSET + top);
000BDFr 1               ;
000BDFr 1               	.dbg	line, "C:\Users\Alex\Chased3D\sprite3d.c", 322
000BDFr 1  A9 rr        L000B:	lda     #<(_player_clear_top)
000BE1r 1  A2 rr        	ldx     #>(_player_clear_top)
000BE3r 1  A0 11        	ldy     #$11
000BE5r 1  18           	clc
000BE6r 1  71 rr        	adc     (c_sp),y
000BE8r 1  90 01        	bcc     L000E
000BEAr 1  E8           	inx
000BEBr 1  85 rr        L000E:	sta     ptr1
000BEDr 1  86 rr        	stx     ptr1+1
000BEFr 1  A2 00        	ldx     #$00
000BF1r 1  A0 0F        	ldy     #$0F
000BF3r 1  B1 rr        	lda     (c_sp),y
000BF5r 1  A0 12        	ldy     #$12
000BF7r 1  20 rr rr     	jsr     incaxy
000BFAr 1  A0 00        	ldy     #$00
000BFCr 1  91 rr        	sta     (ptr1),y
000BFEr 1               ;
000BFEr 1               ; player_clear_height[player] = height;
000BFEr 1               ;
000BFEr 1               	.dbg	line, "C:\Users\Alex\Chased3D\sprite3d.c", 323
000BFEr 1  A0 11        	ldy     #$11
000C00r 1  B1 rr        	lda     (c_sp),y
000C02r 1  AA           	tax
000C03r 1  A0 0E        	ldy     #$0E
000C05r 1  B1 rr        	lda     (c_sp),y
000C07r 1  9D rr rr     	sta     _player_clear_height,x
000C0Ar 1               ;
000C0Ar 1               ; *(volatile unsigned char *)(SIZEP0 + player) = size;
000C0Ar 1               ;
000C0Ar 1               	.dbg	line, "C:\Users\Alex\Chased3D\sprite3d.c", 325
000C0Ar 1  A0 11        	ldy     #$11
000C0Cr 1  B1 rr        	lda     (c_sp),y
000C0Er 1  AA           	tax
000C0Fr 1  A0 07        	ldy     #$07
000C11r 1  B1 rr        	lda     (c_sp),y
000C13r 1  9D 08 D0     	sta     $D008,x
000C16r 1               ;
000C16r 1               ; *(volatile unsigned char *)(HPOSP0 + player) =
000C16r 1               ;
000C16r 1               	.dbg	line, "C:\Users\Alex\Chased3D\sprite3d.c", 326
000C16r 1  A2 D0        	ldx     #$D0
000C18r 1  A0 11        	ldy     #$11
000C1Ar 1  18           	clc
000C1Br 1  B1 rr        	lda     (c_sp),y
000C1Dr 1  90 01        	bcc     L0011
000C1Fr 1  E8           	inx
000C20r 1               ;
000C20r 1               ; (unsigned char)(48 + left);
000C20r 1               ;
000C20r 1               	.dbg	line, "C:\Users\Alex\Chased3D\sprite3d.c", 327
000C20r 1  85 rr        L0011:	sta     ptr1
000C22r 1  86 rr        	stx     ptr1+1
000C24r 1  20 rr rr     	jsr     ldax0sp
000C27r 1  A0 30        	ldy     #$30
000C29r 1  20 rr rr     	jsr     incaxy
000C2Cr 1  A0 00        	ldy     #$00
000C2Er 1  91 rr        	sta     (ptr1),y
000C30r 1               ;
000C30r 1               ; }
000C30r 1               ;
000C30r 1               	.dbg	line, "C:\Users\Alex\Chased3D\sprite3d.c", 328
000C30r 1  A0 12        	ldy     #$12
000C32r 1  4C rr rr     	jmp     addysp
000C35r 1               
000C35r 1               	.dbg	line
000C35r 1               .endproc
000C35r 1               
000C35r 1               ; ---------------------------------------------------------------
000C35r 1               ; void __near__ clear_player (unsigned char player)
000C35r 1               ; ---------------------------------------------------------------
000C35r 1               
000C35r 1               .segment	"CODE"
000C35r 1               
000C35r 1               .proc	_clear_player: near
000C35r 1               
000C35r 1               	.dbg	func, "clear_player", "00", static, "_clear_player"
000C35r 1               	.dbg	sym, "player", "00", auto, 0
000C35r 1               	.dbg	sym, "dest", "00", auto, -2
000C35r 1               	.dbg	sym, "i", "00", auto, -3
000C35r 1               
000C35r 1               .segment	"CODE"
000C35r 1               
000C35r 1               ;
000C35r 1               ; {
000C35r 1               ;
000C35r 1               	.dbg	line, "C:\Users\Alex\Chased3D\sprite3d.c", 257
000C35r 1  20 rr rr     	jsr     pusha
000C38r 1               ;
000C38r 1               ; dest = pmg_ram + PMG_PLAYER0_OFFSET + ((unsigned int)player << 7)
000C38r 1               ;
000C38r 1               	.dbg	line, "C:\Users\Alex\Chased3D\sprite3d.c", 261
000C38r 1  20 rr rr     	jsr     decsp3
000C3Br 1  A0 03        	ldy     #$03
000C3Dr 1  A2 00        	ldx     #$00
000C3Fr 1  B1 rr        	lda     (c_sp),y
000C41r 1  20 rr rr     	jsr     shlax7
000C44r 1               ;
000C44r 1               ; + player_clear_top[player];
000C44r 1               ;
000C44r 1               	.dbg	line, "C:\Users\Alex\Chased3D\sprite3d.c", 262
000C44r 1  18           	clc
000C45r 1  69 rr        	adc     #<(_pmg_ram+512)
000C47r 1  85 rr        	sta     ptr1
000C49r 1  8A           	txa
000C4Ar 1  69 rr        	adc     #>(_pmg_ram+512)
000C4Cr 1  85 rr        	sta     ptr1+1
000C4Er 1  A0 03        	ldy     #$03
000C50r 1  B1 rr        	lda     (c_sp),y
000C52r 1  A8           	tay
000C53r 1  B9 rr rr     	lda     _player_clear_top,y
000C56r 1  18           	clc
000C57r 1  65 rr        	adc     ptr1
000C59r 1  A6 rr        	ldx     ptr1+1
000C5Br 1  90 01        	bcc     L0009
000C5Dr 1  E8           	inx
000C5Er 1  A0 01        L0009:	ldy     #$01
000C60r 1  20 rr rr     	jsr     staxysp
000C63r 1               ;
000C63r 1               ; for (i = 0; i < player_clear_height[player]; ++i) dest[i] = 0;
000C63r 1               ;
000C63r 1               	.dbg	line, "C:\Users\Alex\Chased3D\sprite3d.c", 263
000C63r 1  A9 00        	lda     #$00
000C65r 1  A8           	tay
000C66r 1  91 rr        L000A:	sta     (c_sp),y
000C68r 1  A0 03        	ldy     #$03
000C6Ar 1  B1 rr        	lda     (c_sp),y
000C6Cr 1  A8           	tay
000C6Dr 1  B9 rr rr     	lda     _player_clear_height,y
000C70r 1  A0 00        	ldy     #$00
000C72r 1  D1 rr        	cmp     (c_sp),y
000C74r 1  90 1E        	bcc     L0004
000C76r 1  F0 1C        	beq     L0004
000C78r 1  B1 rr        	lda     (c_sp),y
000C7Ar 1  18           	clc
000C7Br 1  C8           	iny
000C7Cr 1  71 rr        	adc     (c_sp),y
000C7Er 1  85 rr        	sta     ptr1
000C80r 1  A9 00        	lda     #$00
000C82r 1  C8           	iny
000C83r 1  71 rr        	adc     (c_sp),y
000C85r 1  85 rr        	sta     ptr1+1
000C87r 1  A9 00        	lda     #$00
000C89r 1  A8           	tay
000C8Ar 1  91 rr        	sta     (ptr1),y
000C8Cr 1  18           	clc
000C8Dr 1  A9 01        	lda     #$01
000C8Fr 1  71 rr        	adc     (c_sp),y
000C91r 1  4C rr rr     	jmp     L000A
000C94r 1               ;
000C94r 1               ; player_clear_height[player] = 0;
000C94r 1               ;
000C94r 1               	.dbg	line, "C:\Users\Alex\Chased3D\sprite3d.c", 264
000C94r 1  A0 03        L0004:	ldy     #$03
000C96r 1  B1 rr        	lda     (c_sp),y
000C98r 1  A8           	tay
000C99r 1  A9 00        	lda     #$00
000C9Br 1  99 rr rr     	sta     _player_clear_height,y
000C9Er 1               ;
000C9Er 1               ; }
000C9Er 1               ;
000C9Er 1               	.dbg	line, "C:\Users\Alex\Chased3D\sprite3d.c", 265
000C9Er 1  4C rr rr     	jmp     incsp4
000CA1r 1               
000CA1r 1               	.dbg	line
000CA1r 1               .endproc
000CA1r 1               
000CA1r 1               ; ---------------------------------------------------------------
000CA1r 1               ; void __near__ clear_decoy (void)
000CA1r 1               ; ---------------------------------------------------------------
000CA1r 1               
000CA1r 1               .segment	"CODE"
000CA1r 1               
000CA1r 1               .proc	_clear_decoy: near
000CA1r 1               
000CA1r 1               	.dbg	func, "clear_decoy", "00", static, "_clear_decoy"
000CA1r 1               	.dbg	sym, "dest", "00", auto, -2
000CA1r 1               	.dbg	sym, "i", "00", auto, -3
000CA1r 1               
000CA1r 1               .segment	"CODE"
000CA1r 1               
000CA1r 1               ;
000CA1r 1               ; dest = pmg_ram + PMG_MISSILE_OFFSET + decoy_clear_top;
000CA1r 1               ;
000CA1r 1               	.dbg	line, "C:\Users\Alex\Chased3D\sprite3d.c", 272
000CA1r 1  20 rr rr     	jsr     decsp3
000CA4r 1  A9 rr        	lda     #<(_pmg_ram+384)
000CA6r 1  A2 rr        	ldx     #>(_pmg_ram+384)
000CA8r 1  18           	clc
000CA9r 1  6D rr rr     	adc     _decoy_clear_top
000CACr 1  90 01        	bcc     L0002
000CAEr 1  E8           	inx
000CAFr 1  A0 01        L0002:	ldy     #$01
000CB1r 1  20 rr rr     	jsr     staxysp
000CB4r 1               ;
000CB4r 1               ; for (i = 0; i < decoy_clear_height; ++i) dest[i] = 0;
000CB4r 1               ;
000CB4r 1               	.dbg	line, "C:\Users\Alex\Chased3D\sprite3d.c", 273
000CB4r 1  A9 00        	lda     #$00
000CB6r 1  A8           	tay
000CB7r 1  91 rr        L0007:	sta     (c_sp),y
000CB9r 1  CD rr rr     	cmp     _decoy_clear_height
000CBCr 1  B0 1C        	bcs     L0008
000CBEr 1  B1 rr        	lda     (c_sp),y
000CC0r 1  18           	clc
000CC1r 1  C8           	iny
000CC2r 1  71 rr        	adc     (c_sp),y
000CC4r 1  85 rr        	sta     ptr1
000CC6r 1  A9 00        	lda     #$00
000CC8r 1  C8           	iny
000CC9r 1  71 rr        	adc     (c_sp),y
000CCBr 1  85 rr        	sta     ptr1+1
000CCDr 1  A9 00        	lda     #$00
000CCFr 1  A8           	tay
000CD0r 1  91 rr        	sta     (ptr1),y
000CD2r 1  18           	clc
000CD3r 1  A9 01        	lda     #$01
000CD5r 1  71 rr        	adc     (c_sp),y
000CD7r 1  4C rr rr     	jmp     L0007
000CDAr 1               ;
000CDAr 1               ; decoy_clear_height = 0;
000CDAr 1               ;
000CDAr 1               	.dbg	line, "C:\Users\Alex\Chased3D\sprite3d.c", 274
000CDAr 1  8C rr rr     L0008:	sty     _decoy_clear_height
000CDDr 1               ;
000CDDr 1               ; }
000CDDr 1               ;
000CDDr 1               	.dbg	line, "C:\Users\Alex\Chased3D\sprite3d.c", 275
000CDDr 1  4C rr rr     	jmp     incsp3
000CE0r 1               
000CE0r 1               	.dbg	line
000CE0r 1               .endproc
000CE0r 1               
000CE0r 1               ; ---------------------------------------------------------------
000CE0r 1               ; void __near__ add_candidate (unsigned int dist, unsigned char sx, unsigned char top, unsigned char height)
000CE0r 1               ; ---------------------------------------------------------------
000CE0r 1               
000CE0r 1               .segment	"CODE"
000CE0r 1               
000CE0r 1               .proc	_add_candidate: near
000CE0r 1               
000CE0r 1               	.dbg	func, "add_candidate", "00", static, "_add_candidate"
000CE0r 1               	.dbg	sym, "dist", "00", auto, 3
000CE0r 1               	.dbg	sym, "sx", "00", auto, 2
000CE0r 1               	.dbg	sym, "top", "00", auto, 1
000CE0r 1               	.dbg	sym, "height", "00", auto, 0
000CE0r 1               	.dbg	sym, "slot", "00", auto, -1
000CE0r 1               
000CE0r 1               .segment	"CODE"
000CE0r 1               
000CE0r 1               ;
000CE0r 1               ; {
000CE0r 1               ;
000CE0r 1               	.dbg	line, "C:\Users\Alex\Chased3D\sprite3d.c", 332
000CE0r 1  20 rr rr     	jsr     pusha
000CE3r 1               ;
000CE3r 1               ; if (cand_count == cand_limit && dist >= cand_dist[cand_limit - 1]) return;
000CE3r 1               ;
000CE3r 1               	.dbg	line, "C:\Users\Alex\Chased3D\sprite3d.c", 335
000CE3r 1  20 rr rr     	jsr     decsp1
000CE6r 1  AD rr rr     	lda     _cand_count
000CE9r 1  CD rr rr     	cmp     _cand_limit
000CECr 1  D0 24        	bne     L001C
000CEEr 1  A0 07        	ldy     #$07
000CF0r 1  20 rr rr     	jsr     pushwysp
000CF3r 1  A2 00        	ldx     #$00
000CF5r 1  AD rr rr     	lda     _cand_limit
000CF8r 1  20 rr rr     	jsr     decax1
000CFBr 1  20 rr rr     	jsr     aslax1
000CFEr 1  18           	clc
000CFFr 1  69 rr        	adc     #<(_cand_dist)
000D01r 1  A8           	tay
000D02r 1  8A           	txa
000D03r 1  69 rr        	adc     #>(_cand_dist)
000D05r 1  AA           	tax
000D06r 1  98           	tya
000D07r 1  20 rr rr     	jsr     ldaxi
000D0Ar 1  20 rr rr     	jsr     tosicmp
000D0Dr 1  90 03 4C rr  	jcs     L0014
000D11r 1  rr           
000D12r 1               ;
000D12r 1               ; slot = cand_count < cand_limit ? cand_count : (unsigned char)(cand_limit - 1);
000D12r 1               ;
000D12r 1               	.dbg	line, "C:\Users\Alex\Chased3D\sprite3d.c", 337
000D12r 1  AD rr rr     L001C:	lda     _cand_count
000D15r 1  CD rr rr     	cmp     _cand_limit
000D18r 1  B0 03        	bcs     L001D
000D1Ar 1  4C rr rr     	jmp     L001E
000D1Dr 1  AD rr rr     L001D:	lda     _cand_limit
000D20r 1  38           	sec
000D21r 1  E9 01        	sbc     #$01
000D23r 1  A0 00        L001E:	ldy     #$00
000D25r 1               ;
000D25r 1               ; while (slot > 0 && cand_dist[slot - 1] > dist) {
000D25r 1               ;
000D25r 1               	.dbg	line, "C:\Users\Alex\Chased3D\sprite3d.c", 338
000D25r 1  4C rr rr     	jmp     L0018
000D28r 1               ;
000D28r 1               ; cand_dist[slot] = cand_dist[slot - 1];
000D28r 1               ;
000D28r 1               	.dbg	line, "C:\Users\Alex\Chased3D\sprite3d.c", 339
000D28r 1  A2 00        L0008:	ldx     #$00
000D2Ar 1  A1 rr        	lda     (c_sp,x)
000D2Cr 1  0A           	asl     a
000D2Dr 1  90 02        	bcc     L0019
000D2Fr 1  E8           	inx
000D30r 1  18           	clc
000D31r 1  69 rr        L0019:	adc     #<(_cand_dist)
000D33r 1  85 rr        	sta     sreg
000D35r 1  8A           	txa
000D36r 1  69 rr        	adc     #>(_cand_dist)
000D38r 1  85 rr        	sta     sreg+1
000D3Ar 1  A2 00        	ldx     #$00
000D3Cr 1  A1 rr        	lda     (c_sp,x)
000D3Er 1  20 rr rr     	jsr     decax1
000D41r 1  20 rr rr     	jsr     aslax1
000D44r 1  18           	clc
000D45r 1  69 rr        	adc     #<(_cand_dist)
000D47r 1  A8           	tay
000D48r 1  8A           	txa
000D49r 1  69 rr        	adc     #>(_cand_dist)
000D4Br 1  AA           	tax
000D4Cr 1  98           	tya
000D4Dr 1  20 rr rr     	jsr     ldaxi
000D50r 1  A0 00        	ldy     #$00
000D52r 1  91 rr        	sta     (sreg),y
000D54r 1  C8           	iny
000D55r 1  8A           	txa
000D56r 1  91 rr        	sta     (sreg),y
000D58r 1               ;
000D58r 1               ; cand_x[slot] = cand_x[slot - 1];
000D58r 1               ;
000D58r 1               	.dbg	line, "C:\Users\Alex\Chased3D\sprite3d.c", 340
000D58r 1  A9 rr        	lda     #<(_cand_x)
000D5Ar 1  A2 rr        	ldx     #>(_cand_x)
000D5Cr 1  88           	dey
000D5Dr 1  18           	clc
000D5Er 1  71 rr        	adc     (c_sp),y
000D60r 1  90 01        	bcc     L000E
000D62r 1  E8           	inx
000D63r 1  85 rr        L000E:	sta     sreg
000D65r 1  86 rr        	stx     sreg+1
000D67r 1  A2 00        	ldx     #$00
000D69r 1  B1 rr        	lda     (c_sp),y
000D6Br 1  20 rr rr     	jsr     decax1
000D6Er 1  85 rr        	sta     ptr1
000D70r 1  8A           	txa
000D71r 1  18           	clc
000D72r 1  69 rr        	adc     #>(_cand_x)
000D74r 1  85 rr        	sta     ptr1+1
000D76r 1  A0 rr        	ldy     #<(_cand_x)
000D78r 1  B1 rr        	lda     (ptr1),y
000D7Ar 1  A0 00        	ldy     #$00
000D7Cr 1  91 rr        	sta     (sreg),y
000D7Er 1               ;
000D7Er 1               ; cand_top[slot] = cand_top[slot - 1];
000D7Er 1               ;
000D7Er 1               	.dbg	line, "C:\Users\Alex\Chased3D\sprite3d.c", 341
000D7Er 1  A9 rr        	lda     #<(_cand_top)
000D80r 1  A2 rr        	ldx     #>(_cand_top)
000D82r 1  18           	clc
000D83r 1  71 rr        	adc     (c_sp),y
000D85r 1  90 01        	bcc     L000F
000D87r 1  E8           	inx
000D88r 1  85 rr        L000F:	sta     sreg
000D8Ar 1  86 rr        	stx     sreg+1
000D8Cr 1  A2 00        	ldx     #$00
000D8Er 1  B1 rr        	lda     (c_sp),y
000D90r 1  20 rr rr     	jsr     decax1
000D93r 1  85 rr        	sta     ptr1
000D95r 1  8A           	txa
000D96r 1  18           	clc
000D97r 1  69 rr        	adc     #>(_cand_top)
000D99r 1  85 rr        	sta     ptr1+1
000D9Br 1  A0 rr        	ldy     #<(_cand_top)
000D9Dr 1  B1 rr        	lda     (ptr1),y
000D9Fr 1  A0 00        	ldy     #$00
000DA1r 1  91 rr        	sta     (sreg),y
000DA3r 1               ;
000DA3r 1               ; cand_height[slot] = cand_height[slot - 1];
000DA3r 1               ;
000DA3r 1               	.dbg	line, "C:\Users\Alex\Chased3D\sprite3d.c", 342
000DA3r 1  A9 rr        	lda     #<(_cand_height)
000DA5r 1  A2 rr        	ldx     #>(_cand_height)
000DA7r 1  18           	clc
000DA8r 1  71 rr        	adc     (c_sp),y
000DAAr 1  90 01        	bcc     L0010
000DACr 1  E8           	inx
000DADr 1  85 rr        L0010:	sta     sreg
000DAFr 1  86 rr        	stx     sreg+1
000DB1r 1  A2 00        	ldx     #$00
000DB3r 1  B1 rr        	lda     (c_sp),y
000DB5r 1  20 rr rr     	jsr     decax1
000DB8r 1  85 rr        	sta     ptr1
000DBAr 1  8A           	txa
000DBBr 1  18           	clc
000DBCr 1  69 rr        	adc     #>(_cand_height)
000DBEr 1  85 rr        	sta     ptr1+1
000DC0r 1  A0 rr        	ldy     #<(_cand_height)
000DC2r 1  B1 rr        	lda     (ptr1),y
000DC4r 1  A0 00        	ldy     #$00
000DC6r 1  91 rr        	sta     (sreg),y
000DC8r 1               ;
000DC8r 1               ; --slot;
000DC8r 1               ;
000DC8r 1               	.dbg	line, "C:\Users\Alex\Chased3D\sprite3d.c", 343
000DC8r 1  B1 rr        	lda     (c_sp),y
000DCAr 1  38           	sec
000DCBr 1  E9 01        	sbc     #$01
000DCDr 1  91 rr        L0018:	sta     (c_sp),y
000DCFr 1               ;
000DCFr 1               ; while (slot > 0 && cand_dist[slot - 1] > dist) {
000DCFr 1               ;
000DCFr 1               	.dbg	line, "C:\Users\Alex\Chased3D\sprite3d.c", 338
000DCFr 1  B1 rr        	lda     (c_sp),y
000DD1r 1  F0 2A        	beq     L0021
000DD3r 1  A2 00        	ldx     #$00
000DD5r 1  B1 rr        	lda     (c_sp),y
000DD7r 1  20 rr rr     	jsr     decax1
000DDAr 1  20 rr rr     	jsr     aslax1
000DDDr 1  18           	clc
000DDEr 1  69 rr        	adc     #<(_cand_dist)
000DE0r 1  A8           	tay
000DE1r 1  8A           	txa
000DE2r 1  69 rr        	adc     #>(_cand_dist)
000DE4r 1  AA           	tax
000DE5r 1  98           	tya
000DE6r 1  20 rr rr     	jsr     ldaxi
000DE9r 1  38           	sec
000DEAr 1  A0 04        	ldy     #$04
000DECr 1  F1 rr        	sbc     (c_sp),y
000DEEr 1  85 rr        	sta     tmp1
000DF0r 1  8A           	txa
000DF1r 1  C8           	iny
000DF2r 1  F1 rr        	sbc     (c_sp),y
000DF4r 1  05 rr        	ora     tmp1
000DF6r 1  F0 05        	beq     L0021
000DF8r 1  90 03 4C rr  	jcs     L0008
000DFCr 1  rr           
000DFDr 1               ;
000DFDr 1               ; cand_dist[slot] = dist;
000DFDr 1               ;
000DFDr 1               	.dbg	line, "C:\Users\Alex\Chased3D\sprite3d.c", 345
000DFDr 1  A2 00        L0021:	ldx     #$00
000DFFr 1  A1 rr        	lda     (c_sp,x)
000E01r 1  0A           	asl     a
000E02r 1  90 02        	bcc     L001A
000E04r 1  E8           	inx
000E05r 1  18           	clc
000E06r 1  69 rr        L001A:	adc     #<(_cand_dist)
000E08r 1  85 rr        	sta     ptr1
000E0Ar 1  8A           	txa
000E0Br 1  69 rr        	adc     #>(_cand_dist)
000E0Dr 1  85 rr        	sta     ptr1+1
000E0Fr 1  A0 05        	ldy     #$05
000E11r 1  20 rr rr     	jsr     ldaxysp
000E14r 1  A0 00        	ldy     #$00
000E16r 1  91 rr        	sta     (ptr1),y
000E18r 1  C8           	iny
000E19r 1  8A           	txa
000E1Ar 1  91 rr        	sta     (ptr1),y
000E1Cr 1               ;
000E1Cr 1               ; cand_x[slot] = sx;
000E1Cr 1               ;
000E1Cr 1               	.dbg	line, "C:\Users\Alex\Chased3D\sprite3d.c", 346
000E1Cr 1  88           	dey
000E1Dr 1  B1 rr        	lda     (c_sp),y
000E1Fr 1  AA           	tax
000E20r 1  A0 03        	ldy     #$03
000E22r 1  B1 rr        	lda     (c_sp),y
000E24r 1  9D rr rr     	sta     _cand_x,x
000E27r 1               ;
000E27r 1               ; cand_top[slot] = top;
000E27r 1               ;
000E27r 1               	.dbg	line, "C:\Users\Alex\Chased3D\sprite3d.c", 347
000E27r 1  A0 00        	ldy     #$00
000E29r 1  B1 rr        	lda     (c_sp),y
000E2Br 1  AA           	tax
000E2Cr 1  A0 02        	ldy     #$02
000E2Er 1  B1 rr        	lda     (c_sp),y
000E30r 1  9D rr rr     	sta     _cand_top,x
000E33r 1               ;
000E33r 1               ; cand_height[slot] = height;
000E33r 1               ;
000E33r 1               	.dbg	line, "C:\Users\Alex\Chased3D\sprite3d.c", 348
000E33r 1  A0 00        	ldy     #$00
000E35r 1  B1 rr        	lda     (c_sp),y
000E37r 1  AA           	tax
000E38r 1  C8           	iny
000E39r 1  B1 rr        	lda     (c_sp),y
000E3Br 1  9D rr rr     	sta     _cand_height,x
000E3Er 1               ;
000E3Er 1               ; if (cand_count < cand_limit) ++cand_count;
000E3Er 1               ;
000E3Er 1               	.dbg	line, "C:\Users\Alex\Chased3D\sprite3d.c", 349
000E3Er 1  AD rr rr     	lda     _cand_count
000E41r 1  CD rr rr     	cmp     _cand_limit
000E44r 1  B0 03        	bcs     L0014
000E46r 1  EE rr rr     	inc     _cand_count
000E49r 1               ;
000E49r 1               ; }
000E49r 1               ;
000E49r 1               	.dbg	line, "C:\Users\Alex\Chased3D\sprite3d.c", 350
000E49r 1  4C rr rr     L0014:	jmp     incsp6
000E4Cr 1               
000E4Cr 1               	.dbg	line
000E4Cr 1               .endproc
000E4Cr 1               
000E4Cr 1               ; ---------------------------------------------------------------
000E4Cr 1               ; unsigned char __near__ project_object (unsigned int px, unsigned int py, unsigned int angle, unsigned int object_x, unsigned int object_y)
000E4Cr 1               ; ---------------------------------------------------------------
000E4Cr 1               
000E4Cr 1               .segment	"CODE"
000E4Cr 1               
000E4Cr 1               .proc	_project_object: near
000E4Cr 1               
000E4Cr 1               	.dbg	func, "project_object", "00", static, "_project_object"
000E4Cr 1               	.dbg	sym, "px", "00", auto, 8
000E4Cr 1               	.dbg	sym, "py", "00", auto, 6
000E4Cr 1               	.dbg	sym, "angle", "00", auto, 4
000E4Cr 1               	.dbg	sym, "object_x", "00", auto, 2
000E4Cr 1               	.dbg	sym, "object_y", "00", auto, 0
000E4Cr 1               	.dbg	sym, "idx", "00", auto, -1
000E4Cr 1               	.dbg	sym, "column", "00", auto, -2
000E4Cr 1               	.dbg	sym, "height", "00", auto, -3
000E4Cr 1               	.dbg	sym, "top", "00", auto, -4
000E4Cr 1               	.dbg	sym, "cos_h", "00", auto, -6
000E4Cr 1               	.dbg	sym, "sin_h", "00", auto, -8
000E4Cr 1               	.dbg	sym, "dx", "00", auto, -10
000E4Cr 1               	.dbg	sym, "dy", "00", auto, -12
000E4Cr 1               	.dbg	sym, "forward", "00", auto, -14
000E4Cr 1               	.dbg	sym, "right", "00", auto, -16
000E4Cr 1               	.dbg	sym, "limit", "00", auto, -18
000E4Cr 1               	.dbg	sym, "screen_x", "00", auto, -20
000E4Cr 1               
000E4Cr 1               .segment	"CODE"
000E4Cr 1               
000E4Cr 1               ;
000E4Cr 1               ; {
000E4Cr 1               ;
000E4Cr 1               	.dbg	line, "C:\Users\Alex\Chased3D\sprite3d.c", 355
000E4Cr 1  20 rr rr     	jsr     pushax
000E4Fr 1               ;
000E4Fr 1               ; idx = (unsigned char)(angle >> 8);
000E4Fr 1               ;
000E4Fr 1               	.dbg	line, "C:\Users\Alex\Chased3D\sprite3d.c", 369
000E4Fr 1  A0 14        	ldy     #$14
000E51r 1  20 rr rr     	jsr     subysp
000E54r 1  A0 19        	ldy     #$19
000E56r 1  B1 rr        	lda     (c_sp),y
000E58r 1  A0 13        	ldy     #$13
000E5Ar 1  91 rr        	sta     (c_sp),y
000E5Cr 1               ;
000E5Cr 1               ; cos_h = sin3d[(unsigned char)(idx + 64)] >> 1;
000E5Cr 1               ;
000E5Cr 1               	.dbg	line, "C:\Users\Alex\Chased3D\sprite3d.c", 370
000E5Cr 1  A2 00        	ldx     #$00
000E5Er 1  B1 rr        	lda     (c_sp),y
000E60r 1  A0 40        	ldy     #$40
000E62r 1  20 rr rr     	jsr     incaxy
000E65r 1  A2 00        	ldx     #$00
000E67r 1  0A           	asl     a
000E68r 1  90 02        	bcc     L001E
000E6Ar 1  E8           	inx
000E6Br 1  18           	clc
000E6Cr 1  69 rr        L001E:	adc     #<(_sin3d)
000E6Er 1  A8           	tay
000E6Fr 1  8A           	txa
000E70r 1  69 rr        	adc     #>(_sin3d)
000E72r 1  AA           	tax
000E73r 1  98           	tya
000E74r 1  20 rr rr     	jsr     ldaxi
000E77r 1  20 rr rr     	jsr     asrax1
000E7Ar 1  A0 0E        	ldy     #$0E
000E7Cr 1  20 rr rr     	jsr     staxysp
000E7Fr 1               ;
000E7Fr 1               ; sin_h = sin3d[idx] >> 1;
000E7Fr 1               ;
000E7Fr 1               	.dbg	line, "C:\Users\Alex\Chased3D\sprite3d.c", 371
000E7Fr 1  A0 13        	ldy     #$13
000E81r 1  A2 00        	ldx     #$00
000E83r 1  B1 rr        	lda     (c_sp),y
000E85r 1  0A           	asl     a
000E86r 1  90 02        	bcc     L001F
000E88r 1  E8           	inx
000E89r 1  18           	clc
000E8Ar 1  69 rr        L001F:	adc     #<(_sin3d)
000E8Cr 1  A8           	tay
000E8Dr 1  8A           	txa
000E8Er 1  69 rr        	adc     #>(_sin3d)
000E90r 1  AA           	tax
000E91r 1  98           	tya
000E92r 1  20 rr rr     	jsr     ldaxi
000E95r 1  20 rr rr     	jsr     asrax1
000E98r 1  A0 0C        	ldy     #$0C
000E9Ar 1  20 rr rr     	jsr     staxysp
000E9Dr 1               ;
000E9Dr 1               ; dx = ((int)object_x - (int)px) >> 4;
000E9Dr 1               ;
000E9Dr 1               	.dbg	line, "C:\Users\Alex\Chased3D\sprite3d.c", 372
000E9Dr 1  A0 17        	ldy     #$17
000E9Fr 1  20 rr rr     	jsr     ldaxysp
000EA2r 1  38           	sec
000EA3r 1  A0 1C        	ldy     #$1C
000EA5r 1  F1 rr        	sbc     (c_sp),y
000EA7r 1  48           	pha
000EA8r 1  8A           	txa
000EA9r 1  C8           	iny
000EAAr 1  F1 rr        	sbc     (c_sp),y
000EACr 1  AA           	tax
000EADr 1  68           	pla
000EAEr 1  20 rr rr     	jsr     asrax4
000EB1r 1  A0 0A        	ldy     #$0A
000EB3r 1  20 rr rr     	jsr     staxysp
000EB6r 1               ;
000EB6r 1               ; dy = ((int)object_y - (int)py) >> 4;
000EB6r 1               ;
000EB6r 1               	.dbg	line, "C:\Users\Alex\Chased3D\sprite3d.c", 373
000EB6r 1  A0 15        	ldy     #$15
000EB8r 1  20 rr rr     	jsr     ldaxysp
000EBBr 1  38           	sec
000EBCr 1  A0 1A        	ldy     #$1A
000EBEr 1  F1 rr        	sbc     (c_sp),y
000EC0r 1  48           	pha
000EC1r 1  8A           	txa
000EC2r 1  C8           	iny
000EC3r 1  F1 rr        	sbc     (c_sp),y
000EC5r 1  AA           	tax
000EC6r 1  68           	pla
000EC7r 1  20 rr rr     	jsr     asrax4
000ECAr 1  A0 08        	ldy     #$08
000ECCr 1  20 rr rr     	jsr     staxysp
000ECFr 1               ;
000ECFr 1               ; if (dx > RANGE_44 || dx < -RANGE_44 || dy > RANGE_44 || dy < -RANGE_44)
000ECFr 1               ;
000ECFr 1               	.dbg	line, "C:\Users\Alex\Chased3D\sprite3d.c", 374
000ECFr 1  A0 0B        	ldy     #$0B
000ED1r 1  20 rr rr     	jsr     ldaxysp
000ED4r 1  C9 C1        	cmp     #$C1
000ED6r 1  8A           	txa
000ED7r 1  E9 00        	sbc     #$00
000ED9r 1  70 02        	bvs     L0003
000EDBr 1  49 80        	eor     #$80
000EDDr 1  30 30        L0003:	bmi     L0022
000EDFr 1  A0 0B        	ldy     #$0B
000EE1r 1  20 rr rr     	jsr     ldaxysp
000EE4r 1  C9 40        	cmp     #$40
000EE6r 1  8A           	txa
000EE7r 1  E9 FF        	sbc     #$FF
000EE9r 1  50 02        	bvc     L0005
000EEBr 1  49 80        	eor     #$80
000EEDr 1  30 20        L0005:	bmi     L0022
000EEFr 1  A0 09        	ldy     #$09
000EF1r 1  20 rr rr     	jsr     ldaxysp
000EF4r 1  C9 C1        	cmp     #$C1
000EF6r 1  8A           	txa
000EF7r 1  E9 00        	sbc     #$00
000EF9r 1  70 02        	bvs     L0006
000EFBr 1  49 80        	eor     #$80
000EFDr 1  30 10        L0006:	bmi     L0022
000EFFr 1  A0 09        	ldy     #$09
000F01r 1  20 rr rr     	jsr     ldaxysp
000F04r 1  C9 40        	cmp     #$40
000F06r 1  8A           	txa
000F07r 1  E9 FF        	sbc     #$FF
000F09r 1  50 02        	bvc     L0007
000F0Br 1  49 80        	eor     #$80
000F0Dr 1  10 06        L0007:	bpl     L0002
000F0Fr 1               ;
000F0Fr 1               ; return 0;
000F0Fr 1               ;
000F0Fr 1               	.dbg	line, "C:\Users\Alex\Chased3D\sprite3d.c", 375
000F0Fr 1  A2 00        L0022:	ldx     #$00
000F11r 1  8A           	txa
000F12r 1  4C rr rr     	jmp     L0001
000F15r 1               ;
000F15r 1               ; forward = ((dx * cos_h) >> 7) + ((dy * sin_h) >> 7);
000F15r 1               ;
000F15r 1               	.dbg	line, "C:\Users\Alex\Chased3D\sprite3d.c", 377
000F15r 1  A0 0D        L0002:	ldy     #$0D
000F17r 1  20 rr rr     	jsr     pushwysp
000F1Ar 1  A0 11        	ldy     #$11
000F1Cr 1  20 rr rr     	jsr     ldaxysp
000F1Fr 1  20 rr rr     	jsr     tosmulax
000F22r 1  20 rr rr     	jsr     asrax7
000F25r 1  20 rr rr     	jsr     pushax
000F28r 1  A0 0D        	ldy     #$0D
000F2Ar 1  20 rr rr     	jsr     pushwysp
000F2Dr 1  A0 11        	ldy     #$11
000F2Fr 1  20 rr rr     	jsr     ldaxysp
000F32r 1  20 rr rr     	jsr     tosmulax
000F35r 1  20 rr rr     	jsr     asrax7
000F38r 1  20 rr rr     	jsr     tosaddax
000F3Br 1  A0 06        	ldy     #$06
000F3Dr 1  20 rr rr     	jsr     staxysp
000F40r 1               ;
000F40r 1               ; if (forward <= 0) return 0;
000F40r 1               ;
000F40r 1               	.dbg	line, "C:\Users\Alex\Chased3D\sprite3d.c", 382
000F40r 1  C9 01        	cmp     #$01
000F42r 1  8A           	txa
000F43r 1  E9 00        	sbc     #$00
000F45r 1  50 02        	bvc     L000A
000F47r 1  49 80        	eor     #$80
000F49r 1  10 06        L000A:	bpl     L0009
000F4Br 1  A2 00        	ldx     #$00
000F4Dr 1  8A           	txa
000F4Er 1  4C rr rr     	jmp     L0001
000F51r 1               ;
000F51r 1               ; if (forward <= 8) return 0;
000F51r 1               ;
000F51r 1               	.dbg	line, "C:\Users\Alex\Chased3D\sprite3d.c", 383
000F51r 1  A0 07        L0009:	ldy     #$07
000F53r 1  20 rr rr     	jsr     ldaxysp
000F56r 1  C9 09        	cmp     #$09
000F58r 1  8A           	txa
000F59r 1  E9 00        	sbc     #$00
000F5Br 1  50 02        	bvc     L000C
000F5Dr 1  49 80        	eor     #$80
000F5Fr 1  10 06        L000C:	bpl     L000B
000F61r 1  A2 00        	ldx     #$00
000F63r 1  8A           	txa
000F64r 1  4C rr rr     	jmp     L0001
000F67r 1               ;
000F67r 1               ; right = ((-dx * sin_h) >> 7) + ((dy * cos_h) >> 7);
000F67r 1               ;
000F67r 1               	.dbg	line, "C:\Users\Alex\Chased3D\sprite3d.c", 384
000F67r 1  A0 0B        L000B:	ldy     #$0B
000F69r 1  20 rr rr     	jsr     ldaxysp
000F6Cr 1  20 rr rr     	jsr     negax
000F6Fr 1  20 rr rr     	jsr     pushax
000F72r 1  A0 0F        	ldy     #$0F
000F74r 1  20 rr rr     	jsr     ldaxysp
000F77r 1  20 rr rr     	jsr     tosmulax
000F7Ar 1  20 rr rr     	jsr     asrax7
000F7Dr 1  20 rr rr     	jsr     pushax
000F80r 1  A0 0D        	ldy     #$0D
000F82r 1  20 rr rr     	jsr     pushwysp
000F85r 1  A0 13        	ldy     #$13
000F87r 1  20 rr rr     	jsr     ldaxysp
000F8Ar 1  20 rr rr     	jsr     tosmulax
000F8Dr 1  20 rr rr     	jsr     asrax7
000F90r 1  20 rr rr     	jsr     tosaddax
000F93r 1  A0 04        	ldy     #$04
000F95r 1  20 rr rr     	jsr     staxysp
000F98r 1               ;
000F98r 1               ; limit = (forward * 5) >> 3;
000F98r 1               ;
000F98r 1               	.dbg	line, "C:\Users\Alex\Chased3D\sprite3d.c", 385
000F98r 1  A0 07        	ldy     #$07
000F9Ar 1  20 rr rr     	jsr     ldaxysp
000F9Dr 1  20 rr rr     	jsr     mulax5
000FA0r 1  20 rr rr     	jsr     asrax3
000FA3r 1  A0 02        	ldy     #$02
000FA5r 1  20 rr rr     	jsr     staxysp
000FA8r 1               ;
000FA8r 1               ; if (right > limit || right < -limit) return 0;
000FA8r 1               ;
000FA8r 1               	.dbg	line, "C:\Users\Alex\Chased3D\sprite3d.c", 386
000FA8r 1  A0 07        	ldy     #$07
000FAAr 1  20 rr rr     	jsr     pushwysp
000FADr 1  A0 05        	ldy     #$05
000FAFr 1  20 rr rr     	jsr     ldaxysp
000FB2r 1  20 rr rr     	jsr     tosicmp
000FB5r 1  F0 02        	beq     L0021
000FB7r 1  10 12        	bpl     L000E
000FB9r 1  A0 07        L0021:	ldy     #$07
000FBBr 1  20 rr rr     	jsr     pushwysp
000FBEr 1  A0 05        	ldy     #$05
000FC0r 1  20 rr rr     	jsr     ldaxysp
000FC3r 1  20 rr rr     	jsr     negax
000FC6r 1  20 rr rr     	jsr     tosicmp
000FC9r 1  10 06        	bpl     L000D
000FCBr 1  A2 00        L000E:	ldx     #$00
000FCDr 1  8A           	txa
000FCEr 1  4C rr rr     	jmp     L0001
000FD1r 1               ;
000FD1r 1               ; screen_x = VIEW_CENTER_PX + ((right * PROJ_X) / forward);
000FD1r 1               ;
000FD1r 1               	.dbg	line, "C:\Users\Alex\Chased3D\sprite3d.c", 388
000FD1r 1  A0 07        L000D:	ldy     #$07
000FD3r 1  20 rr rr     	jsr     pushwysp
000FD6r 1  A9 79        	lda     #$79
000FD8r 1  20 rr rr     	jsr     tosmula0
000FDBr 1  20 rr rr     	jsr     pushax
000FDEr 1  A0 09        	ldy     #$09
000FE0r 1  20 rr rr     	jsr     ldaxysp
000FE3r 1  20 rr rr     	jsr     tosdivax
000FE6r 1  A0 5A        	ldy     #$5A
000FE8r 1  20 rr rr     	jsr     incaxy
000FEBr 1  20 rr rr     	jsr     stax0sp
000FEEr 1               ;
000FEEr 1               ; if (screen_x < VIEW_LEFT_PX || screen_x > VIEW_RIGHT_PX) return 0;
000FEEr 1               ;
000FEEr 1               	.dbg	line, "C:\Users\Alex\Chased3D\sprite3d.c", 389
000FEEr 1  C9 14        	cmp     #$14
000FF0r 1  8A           	txa
000FF1r 1  E9 00        	sbc     #$00
000FF3r 1  50 02        	bvc     L0011
000FF5r 1  49 80        	eor     #$80
000FF7r 1  30 0E        L0011:	bmi     L0023
000FF9r 1  20 rr rr     	jsr     ldax0sp
000FFCr 1  C9 A0        	cmp     #$A0
000FFEr 1  8A           	txa
000FFFr 1  E9 00        	sbc     #$00
001001r 1  70 02        	bvs     L0013
001003r 1  49 80        	eor     #$80
001005r 1  10 06        L0013:	bpl     L0010
001007r 1  A2 00        L0023:	ldx     #$00
001009r 1  8A           	txa
00100Ar 1  4C rr rr     	jmp     L0001
00100Dr 1               ;
00100Dr 1               ; column = (unsigned char)((screen_x - VIEW_LEFT_PX) >> 3);
00100Dr 1               ;
00100Dr 1               	.dbg	line, "C:\Users\Alex\Chased3D\sprite3d.c", 390
00100Dr 1  20 rr rr     L0010:	jsr     ldax0sp
001010r 1  A0 14        	ldy     #$14
001012r 1  20 rr rr     	jsr     decaxy
001015r 1  20 rr rr     	jsr     asrax3
001018r 1  A0 12        	ldy     #$12
00101Ar 1  91 rr        	sta     (c_sp),y
00101Cr 1               ;
00101Cr 1               ; if (column >= VIEW_COLS) return 0;
00101Cr 1               ;
00101Cr 1               	.dbg	line, "C:\Users\Alex\Chased3D\sprite3d.c", 391
00101Cr 1  C9 12        	cmp     #$12
00101Er 1  90 06        	bcc     L0015
001020r 1  A2 00        	ldx     #$00
001022r 1  8A           	txa
001023r 1  4C rr rr     	jmp     L0001
001026r 1               ;
001026r 1               ; projected_dist = (unsigned int)forward << 4;
001026r 1               ;
001026r 1               	.dbg	line, "C:\Users\Alex\Chased3D\sprite3d.c", 393
001026r 1  A0 07        L0015:	ldy     #$07
001028r 1  20 rr rr     	jsr     ldaxysp
00102Br 1  20 rr rr     	jsr     shlax4
00102Er 1  8D rr rr     	sta     _projected_dist
001031r 1  8E rr rr     	stx     _projected_dist+1
001034r 1               ;
001034r 1               ; if (projected_dist > col_dist[column]) return 0;
001034r 1               ;
001034r 1               	.dbg	line, "C:\Users\Alex\Chased3D\sprite3d.c", 394
001034r 1  20 rr rr     	jsr     pushax
001037r 1  A0 14        	ldy     #$14
001039r 1  A2 00        	ldx     #$00
00103Br 1  B1 rr        	lda     (c_sp),y
00103Dr 1  0A           	asl     a
00103Er 1  90 02        	bcc     L0020
001040r 1  E8           	inx
001041r 1  18           	clc
001042r 1  69 rr        L0020:	adc     #<(_col_dist)
001044r 1  A8           	tay
001045r 1  8A           	txa
001046r 1  69 rr        	adc     #>(_col_dist)
001048r 1  AA           	tax
001049r 1  98           	tya
00104Ar 1  20 rr rr     	jsr     ldaxi
00104Dr 1  20 rr rr     	jsr     tosicmp
001050r 1  90 08        	bcc     L0016
001052r 1  F0 06        	beq     L0016
001054r 1  A2 00        	ldx     #$00
001056r 1  8A           	txa
001057r 1  4C rr rr     	jmp     L0001
00105Ar 1               ;
00105Ar 1               ; height = view3d_wall_height(projected_dist);
00105Ar 1               ;
00105Ar 1               	.dbg	line, "C:\Users\Alex\Chased3D\sprite3d.c", 395
00105Ar 1  AD rr rr     L0016:	lda     _projected_dist
00105Dr 1  AE rr rr     	ldx     _projected_dist+1
001060r 1  20 rr rr     	jsr     _view3d_wall_height
001063r 1  A0 11        	ldy     #$11
001065r 1  91 rr        	sta     (c_sp),y
001067r 1               ;
001067r 1               ; top = height >= VIEW_ROWS ? 0 : (unsigned char)((VIEW_ROWS - height) >> 1);
001067r 1               ;
001067r 1               	.dbg	line, "C:\Users\Alex\Chased3D\sprite3d.c", 396
001067r 1  C9 5C        	cmp     #$5C
001069r 1  90 05        	bcc     L0024
00106Br 1  A9 00        	lda     #$00
00106Dr 1  4C rr rr     	jmp     L0025
001070r 1  A9 5C        L0024:	lda     #$5C
001072r 1  38           	sec
001073r 1  F1 rr        	sbc     (c_sp),y
001075r 1  A2 00        	ldx     #$00
001077r 1  B0 01        	bcs     L001D
001079r 1  CA           	dex
00107Ar 1  20 rr rr     L001D:	jsr     asrax1
00107Dr 1  88           L0025:	dey
00107Er 1  91 rr        	sta     (c_sp),y
001080r 1               ;
001080r 1               ; if (height > VIEW_ROWS) height = VIEW_ROWS;
001080r 1               ;
001080r 1               	.dbg	line, "C:\Users\Alex\Chased3D\sprite3d.c", 397
001080r 1  C8           	iny
001081r 1  B1 rr        	lda     (c_sp),y
001083r 1  C9 5D        	cmp     #$5D
001085r 1  90 04        	bcc     L0019
001087r 1  A9 5C        	lda     #$5C
001089r 1  91 rr        	sta     (c_sp),y
00108Br 1               ;
00108Br 1               ; projected_x = (unsigned char)screen_x;
00108Br 1               ;
00108Br 1               	.dbg	line, "C:\Users\Alex\Chased3D\sprite3d.c", 398
00108Br 1  A0 00        L0019:	ldy     #$00
00108Dr 1  B1 rr        	lda     (c_sp),y
00108Fr 1  8D rr rr     	sta     _projected_x
001092r 1               ;
001092r 1               ; projected_top = top;
001092r 1               ;
001092r 1               	.dbg	line, "C:\Users\Alex\Chased3D\sprite3d.c", 399
001092r 1  A0 10        	ldy     #$10
001094r 1  B1 rr        	lda     (c_sp),y
001096r 1  8D rr rr     	sta     _projected_top
001099r 1               ;
001099r 1               ; projected_height = height;
001099r 1               ;
001099r 1               	.dbg	line, "C:\Users\Alex\Chased3D\sprite3d.c", 400
001099r 1  C8           	iny
00109Ar 1  B1 rr        	lda     (c_sp),y
00109Cr 1  8D rr rr     	sta     _projected_height
00109Fr 1               ;
00109Fr 1               ; return 1;
00109Fr 1               ;
00109Fr 1               	.dbg	line, "C:\Users\Alex\Chased3D\sprite3d.c", 401
00109Fr 1  A2 00        	ldx     #$00
0010A1r 1  A9 01        	lda     #$01
0010A3r 1               ;
0010A3r 1               ; }
0010A3r 1               ;
0010A3r 1               	.dbg	line, "C:\Users\Alex\Chased3D\sprite3d.c", 402
0010A3r 1  A0 1E        L0001:	ldy     #$1E
0010A5r 1  4C rr rr     	jmp     addysp
0010A8r 1               
0010A8r 1               	.dbg	line
0010A8r 1               .endproc
0010A8r 1               
0010A8r 1               
