ca65 V2.19 - Git 547d923
Main file   : C:\Users\Alex\Chased3D\debug\view3d.s
Current file: C:\Users\Alex\Chased3D\debug\view3d.s

000000r 1               ;
000000r 1               ; File generated by cc65 v 2.19 - Git 547d923
000000r 1               ;
000000r 1               	.fopt		compiler,"cc65 v 2.19 - Git 547d923"
000000r 1               	.setcpu		"6502"
000000r 1               	.smart		on
000000r 1               	.autoimport	on
000000r 1               	.case		on
000000r 1               	.debuginfo	on
000000r 1               	.importzp	c_sp, sreg, regsave, regbank
000000r 1               	.importzp	tmp1, tmp2, tmp3, tmp4, ptr1, ptr2, ptr3, ptr4
000000r 1               	.macpack	longbranch
000000r 2               .macro  jeq     Target
000000r 2                       .if     .match(Target, 0)
000000r 2                       bne     *+5
000000r 2                       jmp     Target
000000r 2                       .elseif .def(Target) .and .const((*-2)-(Target)) .and ((*+2)-(Target) <= 127)
000000r 2                               beq     Target
000000r 2                       .else
000000r 2                               bne     *+5
000000r 2                               jmp     Target
000000r 2                       .endif
000000r 2               .endmacro
000000r 2               .macro  jne     Target
000000r 2                       .if     .match(Target, 0)
000000r 2                               beq     *+5
000000r 2                               jmp     Target
000000r 2                       .elseif .def(Target) .and .const((*-2)-(Target)) .and ((*+2)-(Target) <= 127)
000000r 2                               bne     Target
000000r 2                       .else
000000r 2                               beq     *+5
000000r 2                               jmp     Target
000000r 2                       .endif
000000r 2               .endmacro
000000r 2               .macro  jmi     Target
000000r 2                       .if     .match(Target, 0)
000000r 2                               bpl     *+5
000000r 2                               jmp     Target
000000r 2                       .elseif .def(Target) .and .const((*-2)-(Target)) .and ((*+2)-(Target) <= 127)
000000r 2                               bmi     Target
000000r 2                       .else
000000r 2                               bpl     *+5
000000r 2                               jmp     Target
000000r 2                       .endif
000000r 2               .endmacro
000000r 2               .macro  jpl     Target
000000r 2                       .if     .match(Target, 0)
000000r 2                               bmi     *+5
000000r 2                               jmp     Target
000000r 2                       .elseif .def(Target) .and .const((*-2)-(Target)) .and ((*+2)-(Target) <= 127)
000000r 2                               bpl     Target
000000r 2                       .else
000000r 2                               bmi     *+5
000000r 2                               jmp     Target
000000r 2                       .endif
000000r 2               .endmacro
000000r 2               .macro  jcs     Target
000000r 2                       .if     .match(Target, 0)
000000r 2                               bcc     *+5
000000r 2                               jmp     Target
000000r 2                       .elseif .def(Target) .and .const((*-2)-(Target)) .and ((*+2)-(Target) <= 127)
000000r 2                               bcs     Target
000000r 2                       .else
000000r 2                               bcc     *+5
000000r 2                               jmp     Target
000000r 2                       .endif
000000r 2               .endmacro
000000r 2               .macro  jcc     Target
000000r 2                       .if     .match(Target, 0)
000000r 2                               bcs     *+5
000000r 2                               jmp     Target
000000r 2                       .elseif .def(Target) .and .const((*-2)-(Target)) .and ((*+2)-(Target) <= 127)
000000r 2                               bcc     Target
000000r 2                       .else
000000r 2                               bcs     *+5
000000r 2                               jmp     Target
000000r 2                       .endif
000000r 2               .endmacro
000000r 2               .macro  jvs     Target
000000r 2                       .if     .match(Target, 0)
000000r 2                               bvc     *+5
000000r 2                               jmp     Target
000000r 2                       .elseif .def(Target) .and .const((*-2)-(Target)) .and ((*+2)-(Target) <= 127)
000000r 2                               bvs     Target
000000r 2                       .else
000000r 2                               bvc     *+5
000000r 2                               jmp     Target
000000r 2                       .endif
000000r 2               .endmacro
000000r 2               .macro  jvc     Target
000000r 2                       .if     .match(Target, 0)
000000r 2                               bvs     *+5
000000r 2                               jmp     Target
000000r 2                       .elseif .def(Target) .and .const((*-2)-(Target)) .and ((*+2)-(Target) <= 127)
000000r 2                               bvc     Target
000000r 2                       .else
000000r 2                               bvs     *+5
000000r 2                               jmp     Target
000000r 2                       .endif
000000r 2               .endmacro
000000r 2               
000000r 1               	.dbg		file, "C:\Users\Alex\Chased3D\view3d.c", 14790, 1788645070
000000r 1               	.dbg		file, "C:\tools\cc65\include/atari.h", 22152, 1786840064
000000r 1               	.dbg		file, "C:\tools\cc65\include/_atarios.h", 40084, 1786840064
000000r 1               	.dbg		file, "C:\tools\cc65\include/_gtia.h", 13839, 1786840064
000000r 1               	.dbg		file, "C:\tools\cc65\include/_pbi.h", 3143, 1786840064
000000r 1               	.dbg		file, "C:\tools\cc65\include/_pokey.h", 11376, 1786840064
000000r 1               	.dbg		file, "C:\tools\cc65\include/_pia.h", 3044, 1786840064
000000r 1               	.dbg		file, "C:\tools\cc65\include/_antic.h", 11827, 1786840064
000000r 1               	.dbg		file, "C:\Users\Alex\Chased3D/maze.h", 550, 1787868964
000000r 1               	.dbg		file, "C:\Users\Alex\Chased3D/trig3d.h", 333, 1787781160
000000r 1               	.dbg		file, "C:\Users\Alex\Chased3D/view3d.h", 1474, 1788645070
000000r 1               	.dbg		file, "C:\Users\Alex\Chased3D/build_number.h", 136, 1788645073
000000r 1               	.dbg		sym, "ray_offset", "00", extern, "_ray_offset"
000000r 1               	.dbg		sym, "cos_rel", "00", extern, "_cos_rel"
000000r 1               	.dbg		sym, "col3d_x", "00", extern, "_col3d_x"
000000r 1               	.dbg		sym, "col3d_row", "00", extern, "_col3d_row"
000000r 1               	.dbg		sym, "col3d_end", "00", extern, "_col3d_end"
000000r 1               	.dbg		sym, "col3d_color", "00", extern, "_col3d_color"
000000r 1               	.dbg		sym, "dda_side_x", "00", extern, "_dda_side_x"
000000r 1               	.dbg		sym, "dda_side_y", "00", extern, "_dda_side_y"
000000r 1               	.dbg		sym, "dda_delta_x", "00", extern, "_dda_delta_x"
000000r 1               	.dbg		sym, "dda_delta_y", "00", extern, "_dda_delta_y"
000000r 1               	.dbg		sym, "dda_side", "00", extern, "_dda_side"
000000r 1               	.dbg		sym, "dda_hit", "00", extern, "_dda_hit"
000000r 1               	.dbg		sym, "ray_setup_angle", "00", extern, "_ray_setup_angle"
000000r 1               	.dbg		sym, "ray_setup_px", "00", extern, "_ray_setup_px"
000000r 1               	.dbg		sym, "ray_setup_py", "00", extern, "_ray_setup_py"
000000r 1               	.import		_maze_solid
000000r 1               	.import		_ray_offset
000000r 1               	.import		_cos_rel
000000r 1               	.export		_view3d_init
000000r 1               	.export		_view3d_clear
000000r 1               	.export		_view3d_render
000000r 1               	.export		_view3d_floor_motion
000000r 1               	.export		_view3d_wall_height
000000r 1               	.export		_minimap_build
000000r 1               	.export		_minimap_show
000000r 1               	.export		_minimap_open_exit
000000r 1               	.export		_minimap_update
000000r 1               	.export		_hud_set_fps
000000r 1               	.export		_hud_set_targets
000000r 1               	.export		_hud_set_game
000000r 1               	.export		_hud_set_decoy
000000r 1               	.export		_col_dist
000000r 1               	.export		_view_buffer
000000r 1               	.import		_col3d_x
000000r 1               	.import		_col3d_row
000000r 1               	.import		_col3d_end
000000r 1               	.import		_col3d_color
000000r 1               	.import		_col3d_fill_down
000000r 1               	.import		_col3d_fill_up
000000r 1               	.import		_col3d_fill_span
000000r 1               	.import		_dda_side_x
000000r 1               	.import		_dda_side_y
000000r 1               	.import		_dda_delta_x
000000r 1               	.import		_dda_delta_y
000000r 1               	.import		_dda_side
000000r 1               	.import		_dda_hit
000000r 1               	.import		_ray_setup_angle
000000r 1               	.import		_ray_setup_px
000000r 1               	.import		_ray_setup_py
000000r 1               	.import		_ray_setup_and_cast
000000r 1               	.import		_floor_dli_install
000000r 1               	.import		_floor_dli_set_rotation
000000r 1               
000000r 1               .segment	"DATA"
000000r 1               
000000r 1               _marker_row:
000000r 1  FF           	.byte	$FF
000001r 1               _nose_row:
000001r 1  FF           	.byte	$FF
000002r 1               
000002r 1               .segment	"RODATA"
000000r 1               
000000r 1               _dir_dx:
000000r 1  01           	.byte	$01
000001r 1  01           	.byte	$01
000002r 1  00           	.byte	$00
000003r 1  FF           	.byte	$FF
000004r 1  FF           	.byte	$FF
000005r 1  FF           	.byte	$FF
000006r 1  00           	.byte	$00
000007r 1  01           	.byte	$01
000008r 1               _dir_dy:
000008r 1  00           	.byte	$00
000009r 1  01           	.byte	$01
00000Ar 1  01           	.byte	$01
00000Br 1  01           	.byte	$01
00000Cr 1  00           	.byte	$00
00000Dr 1  FF           	.byte	$FF
00000Er 1  FF           	.byte	$FF
00000Fr 1  FF           	.byte	$FF
000010r 1               
000010r 1               .segment	"BSS"
000000r 1               
000000r 1               .segment	"HIGHBSS"
000000r 1               .segment	"BSS"
000000r 1               .segment	"SCREEN"
000000r 1               .segment	"BSS"
000000r 1               .segment	"DLIST"
000000r 1               .segment	"BSS"
000000r 1               .segment	"HIGHBSS"
000000r 1               .segment	"BSS"
000000r 1               _col_dist:
000000r 1  00 00 00 00  	.res	36,$00
000004r 1  00 00 00 00  
000008r 1  00 00 00 00  
000024r 1               .segment	"SCREEN"
000000r 1               _view_buffer:
000000r 1  00 00 00 00  	.res	3680,$00
000004r 1  00 00 00 00  
000008r 1  00 00 00 00  
000E60r 1               .segment	"HIGHBSS"
000000r 1               _height_table:
000000r 1  00 00 00 00  	.res	400,$00
000004r 1  00 00 00 00  
000008r 1  00 00 00 00  
000190r 1               .segment	"BSS"
000024r 1               _ray_dist:
000024r 1  00 00        	.res	2,$00
000026r 1               _ray_height:
000026r 1  00 00        	.res	2,$00
000028r 1               _ray_mag:
000028r 1  00 00        	.res	2,$00
00002Ar 1               _ray_top:
00002Ar 1  00           	.res	1,$00
00002Br 1               _ray_bottom:
00002Br 1  00           	.res	1,$00
00002Cr 1               _ray_wall:
00002Cr 1  00           	.res	1,$00
00002Dr 1               .segment	"SCREEN"
000E60r 1               _hud_line:
000E60r 1  00 00 00 00  	.res	40,$00
000E64r 1  00 00 00 00  
000E68r 1  00 00 00 00  
000E88r 1               .segment	"DLIST"
000000r 1               _view_dlist:
000000r 1  00 00 00 00  	.res	104,$00
000004r 1  00 00 00 00  
000008r 1  00 00 00 00  
000068r 1               .segment	"HIGHBSS"
000190r 1               _minimap_bits:
000190r 1  00 00 00 00  	.res	295,$00
000194r 1  00 00 00 00  
000198r 1  00 00 00 00  
0002B7r 1               .segment	"BSS"
00002Dr 1               _floor_phase:
00002Dr 1  00           	.res	1,$00
00002Er 1               _floor_rotation:
00002Er 1  00           	.res	1,$00
00002Fr 1               
00002Fr 1               ; ---------------------------------------------------------------
00002Fr 1               ; void __near__ view3d_init (void)
00002Fr 1               ; ---------------------------------------------------------------
00002Fr 1               
00002Fr 1               .segment	"CODE"
000000r 1               
000000r 1               .proc	_view3d_init: near
000000r 1               
000000r 1               	.dbg	func, "view3d_init", "00", static, "_view3d_init"
000000r 1               	.dbg	sym, "addr", "00", auto, -2
000000r 1               	.dbg	sym, "i", "00", auto, -3
000000r 1               	.dbg	sym, "n", "00", auto, -4
000000r 1               
000000r 1               .segment	"CODE"
000000r 1               
000000r 1               ;
000000r 1               ; view3d_clear();
000000r 1               ;
000000r 1               	.dbg	line, "C:\Users\Alex\Chased3D\view3d.c", 440
000000r 1  20 rr rr     	jsr     decsp4
000003r 1  20 rr rr     	jsr     _view3d_clear
000006r 1               ;
000006r 1               ; for (i = 0; i < sizeof(hud_line); ++i) hud_line[i] = 0;
000006r 1               ;
000006r 1               	.dbg	line, "C:\Users\Alex\Chased3D\view3d.c", 442
000006r 1  A9 00        	lda     #$00
000008r 1  A0 01        	ldy     #$01
00000Ar 1  91 rr        L0022:	sta     (c_sp),y
00000Cr 1  C9 28        	cmp     #$28
00000Er 1  B0 11        	bcs     L0024
000010r 1  B1 rr        	lda     (c_sp),y
000012r 1  A8           	tay
000013r 1  A9 00        	lda     #$00
000015r 1  99 rr rr     	sta     _hud_line,y
000018r 1  A0 01        	ldy     #$01
00001Ar 1  18           	clc
00001Br 1  98           	tya
00001Cr 1  71 rr        	adc     (c_sp),y
00001Er 1  4C rr rr     	jmp     L0022
000021r 1               ;
000021r 1               ; hud_line[35] = HUD_CHAR('B');
000021r 1               ;
000021r 1               	.dbg	line, "C:\Users\Alex\Chased3D\view3d.c", 444
000021r 1  A9 A2        L0024:	lda     #$A2
000023r 1  8D rr rr     	sta     _hud_line+35
000026r 1               ;
000026r 1               ; hud_line[36] = HUD_DIGIT(BUILD_DIGIT_100);
000026r 1               ;
000026r 1               	.dbg	line, "C:\Users\Alex\Chased3D\view3d.c", 445
000026r 1  A9 11        	lda     #$11
000028r 1  8D rr rr     	sta     _hud_line+36
00002Br 1               ;
00002Br 1               ; hud_line[37] = HUD_DIGIT(BUILD_DIGIT_10);
00002Br 1               ;
00002Br 1               	.dbg	line, "C:\Users\Alex\Chased3D\view3d.c", 446
00002Br 1  A9 15        	lda     #$15
00002Dr 1  8D rr rr     	sta     _hud_line+37
000030r 1               ;
000030r 1               ; hud_line[38] = HUD_DIGIT(BUILD_DIGIT_1);
000030r 1               ;
000030r 1               	.dbg	line, "C:\Users\Alex\Chased3D\view3d.c", 447
000030r 1  A9 13        	lda     #$13
000032r 1  8D rr rr     	sta     _hud_line+38
000035r 1               ;
000035r 1               ; for (addr = 0; addr < HEIGHT_STEPS; ++addr) {
000035r 1               ;
000035r 1               	.dbg	line, "C:\Users\Alex\Chased3D\view3d.c", 450
000035r 1  A2 00        	ldx     #$00
000037r 1  8A           	txa
000038r 1  C8           	iny
000039r 1  20 rr rr     	jsr     staxysp
00003Cr 1  A0 03        L0007:	ldy     #$03
00003Er 1  B1 rr        	lda     (c_sp),y
000040r 1  C9 01        	cmp     #$01
000042r 1  D0 05        	bne     L000B
000044r 1  88           	dey
000045r 1  B1 rr        	lda     (c_sp),y
000047r 1  C9 90        	cmp     #$90
000049r 1  B0 69        L000B:	bcs     L0008
00004Br 1               ;
00004Br 1               ; n = (addr <= (DIST_MIN >> 4))
00004Br 1               ;
00004Br 1               	.dbg	line, "C:\Users\Alex\Chased3D\view3d.c", 451
00004Br 1  A0 03        	ldy     #$03
00004Dr 1  B1 rr        	lda     (c_sp),y
00004Fr 1  C9 00        	cmp     #$00
000051r 1  D0 05        	bne     L000C
000053r 1  88           	dey
000054r 1  B1 rr        	lda     (c_sp),y
000056r 1  C9 07        	cmp     #$07
000058r 1               ;
000058r 1               ; ? VIEW_ROWS
000058r 1               ;
000058r 1               	.dbg	line, "C:\Users\Alex\Chased3D\view3d.c", 452
000058r 1  B0 05        L000C:	bcs     L000D
00005Ar 1               ;
00005Ar 1               ; : (unsigned char)(WALL_SCALE / (addr << 4) > VIEW_ROWS
00005Ar 1               ;
00005Ar 1               	.dbg	line, "C:\Users\Alex\Chased3D\view3d.c", 453
00005Ar 1  A9 5C        	lda     #$5C
00005Cr 1  4C rr rr     	jmp     L0025
00005Fr 1  A2 5C        L000D:	ldx     #$5C
000061r 1  A9 00        	lda     #$00
000063r 1  20 rr rr     	jsr     pushax
000066r 1  A0 05        	ldy     #$05
000068r 1  20 rr rr     	jsr     ldaxysp
00006Br 1  20 rr rr     	jsr     shlax4
00006Er 1  20 rr rr     	jsr     tosudivax
000071r 1               ;
000071r 1               ; ? VIEW_ROWS
000071r 1               ;
000071r 1               	.dbg	line, "C:\Users\Alex\Chased3D\view3d.c", 454
000071r 1  C9 5D        	cmp     #$5D
000073r 1  8A           	txa
000074r 1  E9 00        	sbc     #$00
000076r 1  90 05        	bcc     L000F
000078r 1               ;
000078r 1               ; : WALL_SCALE / (addr << 4));
000078r 1               ;
000078r 1               	.dbg	line, "C:\Users\Alex\Chased3D\view3d.c", 455
000078r 1  A9 5C        	lda     #$5C
00007Ar 1  4C rr rr     	jmp     L0025
00007Dr 1  A2 5C        L000F:	ldx     #$5C
00007Fr 1  A9 00        	lda     #$00
000081r 1  20 rr rr     	jsr     pushax
000084r 1  A0 05        	ldy     #$05
000086r 1  20 rr rr     	jsr     ldaxysp
000089r 1  20 rr rr     	jsr     shlax4
00008Cr 1  20 rr rr     	jsr     tosudivax
00008Fr 1  A0 00        L0025:	ldy     #$00
000091r 1  91 rr        	sta     (c_sp),y
000093r 1               ;
000093r 1               ; height_table[addr] = n;
000093r 1               ;
000093r 1               	.dbg	line, "C:\Users\Alex\Chased3D\view3d.c", 456
000093r 1  A0 03        	ldy     #$03
000095r 1  20 rr rr     	jsr     ldaxysp
000098r 1  18           	clc
000099r 1  69 rr        	adc     #<(_height_table)
00009Br 1  85 rr        	sta     ptr1
00009Dr 1  8A           	txa
00009Er 1  69 rr        	adc     #>(_height_table)
0000A0r 1  85 rr        	sta     ptr1+1
0000A2r 1  A0 00        	ldy     #$00
0000A4r 1  B1 rr        	lda     (c_sp),y
0000A6r 1  91 rr        	sta     (ptr1),y
0000A8r 1               ;
0000A8r 1               ; for (addr = 0; addr < HEIGHT_STEPS; ++addr) {
0000A8r 1               ;
0000A8r 1               	.dbg	line, "C:\Users\Alex\Chased3D\view3d.c", 450
0000A8r 1  A0 02        	ldy     #$02
0000AAr 1  A2 00        	ldx     #$00
0000ACr 1  A9 01        	lda     #$01
0000AEr 1  20 rr rr     	jsr     addeqysp
0000B1r 1  4C rr rr     	jmp     L0007
0000B4r 1               ;
0000B4r 1               ; addr = (unsigned int)view_buffer;
0000B4r 1               ;
0000B4r 1               	.dbg	line, "C:\Users\Alex\Chased3D\view3d.c", 459
0000B4r 1  A9 rr        L0008:	lda     #<(_view_buffer)
0000B6r 1  A2 rr        	ldx     #>(_view_buffer)
0000B8r 1  A0 02        	ldy     #$02
0000BAr 1  20 rr rr     	jsr     staxysp
0000BDr 1               ;
0000BDr 1               ; n = 0;
0000BDr 1               ;
0000BDr 1               	.dbg	line, "C:\Users\Alex\Chased3D\view3d.c", 460
0000BDr 1  A9 00        	lda     #$00
0000BFr 1  A8           	tay
0000C0r 1  91 rr        	sta     (c_sp),y
0000C2r 1               ;
0000C2r 1               ; view_dlist[n++] = 0x70;
0000C2r 1               ;
0000C2r 1               	.dbg	line, "C:\Users\Alex\Chased3D\view3d.c", 461
0000C2r 1  A9 70        	lda     #$70
0000C4r 1  99 rr rr     	sta     _view_dlist,y
0000C7r 1  18           	clc
0000C8r 1  A9 01        	lda     #$01
0000CAr 1  71 rr        	adc     (c_sp),y
0000CCr 1  91 rr        	sta     (c_sp),y
0000CEr 1               ;
0000CEr 1               ; view_dlist[n++] = 0x70;
0000CEr 1               ;
0000CEr 1               	.dbg	line, "C:\Users\Alex\Chased3D\view3d.c", 462
0000CEr 1  A8           	tay
0000CFr 1  A9 70        	lda     #$70
0000D1r 1  99 rr rr     	sta     _view_dlist,y
0000D4r 1  A0 00        	ldy     #$00
0000D6r 1  18           	clc
0000D7r 1  A9 01        	lda     #$01
0000D9r 1  71 rr        	adc     (c_sp),y
0000DBr 1  91 rr        	sta     (c_sp),y
0000DDr 1               ;
0000DDr 1               ; view_dlist[n++] = 0x70;
0000DDr 1               ;
0000DDr 1               	.dbg	line, "C:\Users\Alex\Chased3D\view3d.c", 463
0000DDr 1  A8           	tay
0000DEr 1  A9 70        	lda     #$70
0000E0r 1  99 rr rr     	sta     _view_dlist,y
0000E3r 1  A0 00        	ldy     #$00
0000E5r 1  18           	clc
0000E6r 1  A9 01        	lda     #$01
0000E8r 1  71 rr        	adc     (c_sp),y
0000EAr 1  91 rr        	sta     (c_sp),y
0000ECr 1               ;
0000ECr 1               ; view_dlist[n++] = 0x4D;                        /* mode D + load memory scan */
0000ECr 1               ;
0000ECr 1               	.dbg	line, "C:\Users\Alex\Chased3D\view3d.c", 464
0000ECr 1  A8           	tay
0000EDr 1  A9 4D        	lda     #$4D
0000EFr 1  99 rr rr     	sta     _view_dlist,y
0000F2r 1  A0 00        	ldy     #$00
0000F4r 1  18           	clc
0000F5r 1  A9 01        	lda     #$01
0000F7r 1  71 rr        	adc     (c_sp),y
0000F9r 1  91 rr        	sta     (c_sp),y
0000FBr 1               ;
0000FBr 1               ; view_dlist[n++] = (unsigned char)addr;
0000FBr 1               ;
0000FBr 1               	.dbg	line, "C:\Users\Alex\Chased3D\view3d.c", 465
0000FBr 1  AA           	tax
0000FCr 1  A0 02        	ldy     #$02
0000FEr 1  B1 rr        	lda     (c_sp),y
000100r 1  9D rr rr     	sta     _view_dlist,x
000103r 1  A0 00        	ldy     #$00
000105r 1  18           	clc
000106r 1  A9 01        	lda     #$01
000108r 1  71 rr        	adc     (c_sp),y
00010Ar 1  91 rr        	sta     (c_sp),y
00010Cr 1               ;
00010Cr 1               ; view_dlist[n++] = (unsigned char)(addr >> 8);
00010Cr 1               ;
00010Cr 1               	.dbg	line, "C:\Users\Alex\Chased3D\view3d.c", 466
00010Cr 1  A9 rr        	lda     #<(_view_dlist)
00010Er 1  A2 rr        	ldx     #>(_view_dlist)
000110r 1  18           	clc
000111r 1  71 rr        	adc     (c_sp),y
000113r 1  90 01        	bcc     L0016
000115r 1  E8           	inx
000116r 1  85 rr        L0016:	sta     ptr1
000118r 1  86 rr        	stx     ptr1+1
00011Ar 1  A0 03        	ldy     #$03
00011Cr 1  B1 rr        	lda     (c_sp),y
00011Er 1  A0 00        	ldy     #$00
000120r 1  91 rr        	sta     (ptr1),y
000122r 1  18           	clc
000123r 1  A9 01        	lda     #$01
000125r 1  71 rr        	adc     (c_sp),y
000127r 1  91 rr        	sta     (c_sp),y
000129r 1               ;
000129r 1               ; for (i = 1; i < VIEW_ROWS; ++i) view_dlist[n++] = 0x0D;
000129r 1               ;
000129r 1               	.dbg	line, "C:\Users\Alex\Chased3D\view3d.c", 467
000129r 1  A9 01        	lda     #$01
00012Br 1  C8           	iny
00012Cr 1  91 rr        L0023:	sta     (c_sp),y
00012Er 1  C9 5C        	cmp     #$5C
000130r 1  B0 1A        	bcs     L0018
000132r 1  88           	dey
000133r 1  B1 rr        	lda     (c_sp),y
000135r 1  A8           	tay
000136r 1  A9 0D        	lda     #$0D
000138r 1  99 rr rr     	sta     _view_dlist,y
00013Br 1  A0 00        	ldy     #$00
00013Dr 1  18           	clc
00013Er 1  A9 01        	lda     #$01
000140r 1  71 rr        	adc     (c_sp),y
000142r 1  91 rr        	sta     (c_sp),y
000144r 1  C8           	iny
000145r 1  18           	clc
000146r 1  98           	tya
000147r 1  71 rr        	adc     (c_sp),y
000149r 1  4C rr rr     	jmp     L0023
00014Cr 1               ;
00014Cr 1               ; addr = (unsigned int)hud_line;
00014Cr 1               ;
00014Cr 1               	.dbg	line, "C:\Users\Alex\Chased3D\view3d.c", 468
00014Cr 1  A9 rr        L0018:	lda     #<(_hud_line)
00014Er 1  A2 rr        	ldx     #>(_hud_line)
000150r 1  C8           	iny
000151r 1  20 rr rr     	jsr     staxysp
000154r 1               ;
000154r 1               ; view_dlist[n++] = 0x42;                        /* mode 2 text + load memory scan */
000154r 1               ;
000154r 1               	.dbg	line, "C:\Users\Alex\Chased3D\view3d.c", 469
000154r 1  A0 00        	ldy     #$00
000156r 1  B1 rr        	lda     (c_sp),y
000158r 1  A8           	tay
000159r 1  A9 42        	lda     #$42
00015Br 1  99 rr rr     	sta     _view_dlist,y
00015Er 1  A0 00        	ldy     #$00
000160r 1  18           	clc
000161r 1  A9 01        	lda     #$01
000163r 1  71 rr        	adc     (c_sp),y
000165r 1  91 rr        	sta     (c_sp),y
000167r 1               ;
000167r 1               ; view_dlist[n++] = (unsigned char)addr;
000167r 1               ;
000167r 1               	.dbg	line, "C:\Users\Alex\Chased3D\view3d.c", 470
000167r 1  AA           	tax
000168r 1  A0 02        	ldy     #$02
00016Ar 1  B1 rr        	lda     (c_sp),y
00016Cr 1  9D rr rr     	sta     _view_dlist,x
00016Fr 1  A0 00        	ldy     #$00
000171r 1  18           	clc
000172r 1  A9 01        	lda     #$01
000174r 1  71 rr        	adc     (c_sp),y
000176r 1  91 rr        	sta     (c_sp),y
000178r 1               ;
000178r 1               ; view_dlist[n++] = (unsigned char)(addr >> 8);
000178r 1               ;
000178r 1               	.dbg	line, "C:\Users\Alex\Chased3D\view3d.c", 471
000178r 1  A9 rr        	lda     #<(_view_dlist)
00017Ar 1  A2 rr        	ldx     #>(_view_dlist)
00017Cr 1  18           	clc
00017Dr 1  71 rr        	adc     (c_sp),y
00017Fr 1  90 01        	bcc     L001E
000181r 1  E8           	inx
000182r 1  85 rr        L001E:	sta     ptr1
000184r 1  86 rr        	stx     ptr1+1
000186r 1  A0 03        	ldy     #$03
000188r 1  B1 rr        	lda     (c_sp),y
00018Ar 1  A0 00        	ldy     #$00
00018Cr 1  91 rr        	sta     (ptr1),y
00018Er 1  18           	clc
00018Fr 1  A9 01        	lda     #$01
000191r 1  71 rr        	adc     (c_sp),y
000193r 1  91 rr        	sta     (c_sp),y
000195r 1               ;
000195r 1               ; addr = (unsigned int)view_dlist;
000195r 1               ;
000195r 1               	.dbg	line, "C:\Users\Alex\Chased3D\view3d.c", 472
000195r 1  A9 rr        	lda     #<(_view_dlist)
000197r 1  A2 rr        	ldx     #>(_view_dlist)
000199r 1  A0 02        	ldy     #$02
00019Br 1  20 rr rr     	jsr     staxysp
00019Er 1               ;
00019Er 1               ; view_dlist[n++] = 0x41;                        /* jump and wait for vblank */
00019Er 1               ;
00019Er 1               	.dbg	line, "C:\Users\Alex\Chased3D\view3d.c", 473
00019Er 1  A0 00        	ldy     #$00
0001A0r 1  B1 rr        	lda     (c_sp),y
0001A2r 1  A8           	tay
0001A3r 1  A9 41        	lda     #$41
0001A5r 1  99 rr rr     	sta     _view_dlist,y
0001A8r 1  A0 00        	ldy     #$00
0001AAr 1  18           	clc
0001ABr 1  A9 01        	lda     #$01
0001ADr 1  71 rr        	adc     (c_sp),y
0001AFr 1  91 rr        	sta     (c_sp),y
0001B1r 1               ;
0001B1r 1               ; view_dlist[n++] = (unsigned char)addr;
0001B1r 1               ;
0001B1r 1               	.dbg	line, "C:\Users\Alex\Chased3D\view3d.c", 474
0001B1r 1  AA           	tax
0001B2r 1  A0 02        	ldy     #$02
0001B4r 1  B1 rr        	lda     (c_sp),y
0001B6r 1  9D rr rr     	sta     _view_dlist,x
0001B9r 1  A0 00        	ldy     #$00
0001BBr 1  18           	clc
0001BCr 1  A9 01        	lda     #$01
0001BEr 1  71 rr        	adc     (c_sp),y
0001C0r 1  91 rr        	sta     (c_sp),y
0001C2r 1               ;
0001C2r 1               ; view_dlist[n++] = (unsigned char)(addr >> 8);
0001C2r 1               ;
0001C2r 1               	.dbg	line, "C:\Users\Alex\Chased3D\view3d.c", 475
0001C2r 1  A9 rr        	lda     #<(_view_dlist)
0001C4r 1  A2 rr        	ldx     #>(_view_dlist)
0001C6r 1  18           	clc
0001C7r 1  71 rr        	adc     (c_sp),y
0001C9r 1  90 01        	bcc     L0021
0001CBr 1  E8           	inx
0001CCr 1  85 rr        L0021:	sta     ptr1
0001CEr 1  86 rr        	stx     ptr1+1
0001D0r 1  A0 03        	ldy     #$03
0001D2r 1  B1 rr        	lda     (c_sp),y
0001D4r 1  A0 00        	ldy     #$00
0001D6r 1  91 rr        	sta     (ptr1),y
0001D8r 1  18           	clc
0001D9r 1  A9 01        	lda     #$01
0001DBr 1  71 rr        	adc     (c_sp),y
0001DDr 1  91 rr        	sta     (c_sp),y
0001DFr 1               ;
0001DFr 1               ; COLOR0 = COLOR_FLOOR;
0001DFr 1               ;
0001DFr 1               	.dbg	line, "C:\Users\Alex\Chased3D\view3d.c", 477
0001DFr 1  A9 28        	lda     #$28
0001E1r 1  8D C4 02     	sta     $02C4
0001E4r 1               ;
0001E4r 1               ; COLOR1 = COLOR_WALL_Y;
0001E4r 1               ;
0001E4r 1               	.dbg	line, "C:\Users\Alex\Chased3D\view3d.c", 478
0001E4r 1  A9 06        	lda     #$06
0001E6r 1  8D C5 02     	sta     $02C5
0001E9r 1               ;
0001E9r 1               ; COLOR2 = COLOR_WALL_X;
0001E9r 1               ;
0001E9r 1               	.dbg	line, "C:\Users\Alex\Chased3D\view3d.c", 479
0001E9r 1  A9 0A        	lda     #$0A
0001EBr 1  8D C6 02     	sta     $02C6
0001EEr 1               ;
0001EEr 1               ; COLOR4 = COLOR_CEILING;
0001EEr 1               ;
0001EEr 1               	.dbg	line, "C:\Users\Alex\Chased3D\view3d.c", 480
0001EEr 1  A9 92        	lda     #$92
0001F0r 1  8D C8 02     	sta     $02C8
0001F3r 1               ;
0001F3r 1               ; OS.sdlst = view_dlist;
0001F3r 1               ;
0001F3r 1               	.dbg	line, "C:\Users\Alex\Chased3D\view3d.c", 482
0001F3r 1  A9 rr        	lda     #>(_view_dlist)
0001F5r 1  8D 31 02     	sta     $0230+1
0001F8r 1  A9 rr        	lda     #<(_view_dlist)
0001FAr 1  8D 30 02     	sta     $0230
0001FDr 1               ;
0001FDr 1               ; OS.sdmctl = 0x22;
0001FDr 1               ;
0001FDr 1               	.dbg	line, "C:\Users\Alex\Chased3D\view3d.c", 483
0001FDr 1  A9 22        	lda     #$22
0001FFr 1  8D 2F 02     	sta     $022F
000202r 1               ;
000202r 1               ; ANTIC.dmactl = 0x22;
000202r 1               ;
000202r 1               	.dbg	line, "C:\Users\Alex\Chased3D\view3d.c", 484
000202r 1  8D 00 D4     	sta     $D400
000205r 1               ;
000205r 1               ; floor_phase = 0;
000205r 1               ;
000205r 1               	.dbg	line, "C:\Users\Alex\Chased3D\view3d.c", 485
000205r 1  98           	tya
000206r 1  8D rr rr     	sta     _floor_phase
000209r 1               ;
000209r 1               ; floor_rotation = 0;
000209r 1               ;
000209r 1               	.dbg	line, "C:\Users\Alex\Chased3D\view3d.c", 486
000209r 1  8D rr rr     	sta     _floor_rotation
00020Cr 1               ;
00020Cr 1               ; set_floor_dlis();
00020Cr 1               ;
00020Cr 1               	.dbg	line, "C:\Users\Alex\Chased3D\view3d.c", 487
00020Cr 1  20 rr rr     	jsr     _set_floor_dlis
00020Fr 1               ;
00020Fr 1               ; floor_dli_install();
00020Fr 1               ;
00020Fr 1               	.dbg	line, "C:\Users\Alex\Chased3D\view3d.c", 488
00020Fr 1  20 rr rr     	jsr     _floor_dli_install
000212r 1               ;
000212r 1               ; }
000212r 1               ;
000212r 1               	.dbg	line, "C:\Users\Alex\Chased3D\view3d.c", 489
000212r 1  4C rr rr     	jmp     incsp4
000215r 1               
000215r 1               	.dbg	line
000215r 1               .endproc
000215r 1               
000215r 1               ; ---------------------------------------------------------------
000215r 1               ; void __near__ view3d_clear (void)
000215r 1               ; ---------------------------------------------------------------
000215r 1               
000215r 1               .segment	"CODE"
000215r 1               
000215r 1               .proc	_view3d_clear: near
000215r 1               
000215r 1               	.dbg	func, "view3d_clear", "00", static, "_view3d_clear"
000215r 1               	.dbg	sym, "addr", "00", auto, -2
000215r 1               
000215r 1               .segment	"CODE"
000215r 1               
000215r 1               ;
000215r 1               ; for (addr = 0; addr < VIEW_STRIDE * VIEW_ROWS; ++addr)
000215r 1               ;
000215r 1               	.dbg	line, "C:\Users\Alex\Chased3D\view3d.c", 121
000215r 1  20 rr rr     	jsr     decsp2
000218r 1  A2 00        	ldx     #$00
00021Ar 1  8A           	txa
00021Br 1  20 rr rr     	jsr     stax0sp
00021Er 1  A0 01        L0002:	ldy     #$01
000220r 1  B1 rr        	lda     (c_sp),y
000222r 1  C9 0E        	cmp     #$0E
000224r 1  D0 05        	bne     L0006
000226r 1  88           	dey
000227r 1  B1 rr        	lda     (c_sp),y
000229r 1  C9 60        	cmp     #$60
00022Br 1  B0 1B        L0006:	bcs     L0003
00022Dr 1               ;
00022Dr 1               ; view_buffer[addr] = 0;
00022Dr 1               ;
00022Dr 1               	.dbg	line, "C:\Users\Alex\Chased3D\view3d.c", 122
00022Dr 1  20 rr rr     	jsr     ldax0sp
000230r 1  18           	clc
000231r 1  69 rr        	adc     #<(_view_buffer)
000233r 1  85 rr        	sta     ptr1
000235r 1  8A           	txa
000236r 1  69 rr        	adc     #>(_view_buffer)
000238r 1  85 rr        	sta     ptr1+1
00023Ar 1  A9 00        	lda     #$00
00023Cr 1  A8           	tay
00023Dr 1  91 rr        	sta     (ptr1),y
00023Fr 1               ;
00023Fr 1               ; for (addr = 0; addr < VIEW_STRIDE * VIEW_ROWS; ++addr)
00023Fr 1               ;
00023Fr 1               	.dbg	line, "C:\Users\Alex\Chased3D\view3d.c", 121
00023Fr 1  AA           	tax
000240r 1  A9 01        	lda     #$01
000242r 1  20 rr rr     	jsr     addeq0sp
000245r 1  4C rr rr     	jmp     L0002
000248r 1               ;
000248r 1               ; }
000248r 1               ;
000248r 1               	.dbg	line, "C:\Users\Alex\Chased3D\view3d.c", 123
000248r 1  4C rr rr     L0003:	jmp     incsp2
00024Br 1               
00024Br 1               	.dbg	line
00024Br 1               .endproc
00024Br 1               
00024Br 1               ; ---------------------------------------------------------------
00024Br 1               ; void __near__ view3d_render (unsigned int px, unsigned int py, unsigned int angle)
00024Br 1               ; ---------------------------------------------------------------
00024Br 1               
00024Br 1               .segment	"CODE"
00024Br 1               
00024Br 1               .proc	_view3d_render: near
00024Br 1               
00024Br 1               	.dbg	func, "view3d_render", "00", static, "_view3d_render"
00024Br 1               	.dbg	sym, "px", "00", auto, 4
00024Br 1               	.dbg	sym, "py", "00", auto, 2
00024Br 1               	.dbg	sym, "angle", "00", auto, 0
00024Br 1               	.dbg	sym, "col", "00", auto, -1
00024Br 1               
00024Br 1               .segment	"CODE"
00024Br 1               
00024Br 1               ;
00024Br 1               ; {
00024Br 1               ;
00024Br 1               	.dbg	line, "C:\Users\Alex\Chased3D\view3d.c", 198
00024Br 1  20 rr rr     	jsr     pushax
00024Er 1               ;
00024Er 1               ; for (col = 0; col < VIEW_COLS; ++col) {
00024Er 1               ;
00024Er 1               	.dbg	line, "C:\Users\Alex\Chased3D\view3d.c", 201
00024Er 1  20 rr rr     	jsr     decsp1
000251r 1  A9 00        	lda     #$00
000253r 1  A8           	tay
000254r 1  91 rr        L0007:	sta     (c_sp),y
000256r 1  C9 12        	cmp     #$12
000258r 1  B0 41        	bcs     L0003
00025Ar 1               ;
00025Ar 1               ; cast_column(col, angle + (unsigned int)ray_offset[col], px, py);
00025Ar 1               ;
00025Ar 1               	.dbg	line, "C:\Users\Alex\Chased3D\view3d.c", 202
00025Ar 1  B1 rr        	lda     (c_sp),y
00025Cr 1  20 rr rr     	jsr     pusha
00025Fr 1  A2 00        	ldx     #$00
000261r 1  A0 01        	ldy     #$01
000263r 1  B1 rr        	lda     (c_sp),y
000265r 1  0A           	asl     a
000266r 1  90 02        	bcc     L0008
000268r 1  E8           	inx
000269r 1  18           	clc
00026Ar 1  69 rr        L0008:	adc     #<(_ray_offset)
00026Cr 1  A8           	tay
00026Dr 1  8A           	txa
00026Er 1  69 rr        	adc     #>(_ray_offset)
000270r 1  AA           	tax
000271r 1  98           	tya
000272r 1  20 rr rr     	jsr     ldaxi
000275r 1  18           	clc
000276r 1  A0 02        	ldy     #$02
000278r 1  71 rr        	adc     (c_sp),y
00027Ar 1  48           	pha
00027Br 1  8A           	txa
00027Cr 1  C8           	iny
00027Dr 1  71 rr        	adc     (c_sp),y
00027Fr 1  AA           	tax
000280r 1  68           	pla
000281r 1  20 rr rr     	jsr     pushax
000284r 1  A0 0B        	ldy     #$0B
000286r 1  20 rr rr     	jsr     pushwysp
000289r 1  A0 09        	ldy     #$09
00028Br 1  20 rr rr     	jsr     ldaxysp
00028Er 1  20 rr rr     	jsr     _cast_column
000291r 1               ;
000291r 1               ; for (col = 0; col < VIEW_COLS; ++col) {
000291r 1               ;
000291r 1               	.dbg	line, "C:\Users\Alex\Chased3D\view3d.c", 201
000291r 1  A0 00        	ldy     #$00
000293r 1  18           	clc
000294r 1  A9 01        	lda     #$01
000296r 1  71 rr        	adc     (c_sp),y
000298r 1  4C rr rr     	jmp     L0007
00029Br 1               ;
00029Br 1               ; }
00029Br 1               ;
00029Br 1               	.dbg	line, "C:\Users\Alex\Chased3D\view3d.c", 204
00029Br 1  4C rr rr     L0003:	jmp     incsp7
00029Er 1               
00029Er 1               	.dbg	line
00029Er 1               .endproc
00029Er 1               
00029Er 1               ; ---------------------------------------------------------------
00029Er 1               ; void __near__ view3d_floor_motion (signed char direction)
00029Er 1               ; ---------------------------------------------------------------
00029Er 1               
00029Er 1               .segment	"CODE"
00029Er 1               
00029Er 1               .proc	_view3d_floor_motion: near
00029Er 1               
00029Er 1               	.dbg	func, "view3d_floor_motion", "00", static, "_view3d_floor_motion"
00029Er 1               	.dbg	sym, "direction", "00", auto, 0
00029Er 1               
00029Er 1               .segment	"CODE"
00029Er 1               
00029Er 1               ;
00029Er 1               ; {
00029Er 1               ;
00029Er 1               	.dbg	line, "C:\Users\Alex\Chased3D\view3d.c", 221
00029Er 1  20 rr rr     	jsr     pusha
0002A1r 1               ;
0002A1r 1               ; if (direction > 0) {
0002A1r 1               ;
0002A1r 1               	.dbg	line, "C:\Users\Alex\Chased3D\view3d.c", 222
0002A1r 1  A0 00        	ldy     #$00
0002A3r 1  B1 rr        	lda     (c_sp),y
0002A5r 1  38           	sec
0002A6r 1  E9 01        	sbc     #$01
0002A8r 1  70 02        	bvs     L0004
0002AAr 1  49 80        	eor     #$80
0002ACr 1  10 26        L0004:	bpl     L000E
0002AEr 1               ;
0002AEr 1               ; if (++floor_phase >= FLOOR_BAND_ROWS) {
0002AEr 1               ;
0002AEr 1               	.dbg	line, "C:\Users\Alex\Chased3D\view3d.c", 223
0002AEr 1  EE rr rr     	inc     _floor_phase
0002B1r 1  AD rr rr     	lda     _floor_phase
0002B4r 1  C9 07        	cmp     #$07
0002B6r 1  90 3F        	bcc     L000B
0002B8r 1               ;
0002B8r 1               ; floor_phase = 0;
0002B8r 1               ;
0002B8r 1               	.dbg	line, "C:\Users\Alex\Chased3D\view3d.c", 224
0002B8r 1  8C rr rr     	sty     _floor_phase
0002BBr 1               ;
0002BBr 1               ; floor_rotation = floor_rotation == 0
0002BBr 1               ;
0002BBr 1               	.dbg	line, "C:\Users\Alex\Chased3D\view3d.c", 225
0002BBr 1  AD rr rr     	lda     _floor_rotation
0002BEr 1               ;
0002BEr 1               ; ? FLOOR_BANDS - 1 : (unsigned char)(floor_rotation - 1);
0002BEr 1               ;
0002BEr 1               	.dbg	line, "C:\Users\Alex\Chased3D\view3d.c", 226
0002BEr 1  D0 05        	bne     L000C
0002C0r 1  A9 05        	lda     #$05
0002C2r 1  4C rr rr     	jmp     L000D
0002C5r 1  AD rr rr     L000C:	lda     _floor_rotation
0002C8r 1  38           	sec
0002C9r 1  E9 01        	sbc     #$01
0002CBr 1  8D rr rr     L000D:	sta     _floor_rotation
0002CEr 1               ;
0002CEr 1               ; floor_dli_set_rotation(floor_rotation);
0002CEr 1               ;
0002CEr 1               	.dbg	line, "C:\Users\Alex\Chased3D\view3d.c", 227
0002CEr 1  20 rr rr     	jsr     _floor_dli_set_rotation
0002D1r 1               ;
0002D1r 1               ; } else {
0002D1r 1               ;
0002D1r 1               	.dbg	line, "C:\Users\Alex\Chased3D\view3d.c", 229
0002D1r 1  4C rr rr     	jmp     L000B
0002D4r 1               ;
0002D4r 1               ; if (floor_phase == 0) {
0002D4r 1               ;
0002D4r 1               	.dbg	line, "C:\Users\Alex\Chased3D\view3d.c", 230
0002D4r 1  AD rr rr     L000E:	lda     _floor_phase
0002D7r 1  D0 1B        	bne     L0010
0002D9r 1               ;
0002D9r 1               ; floor_phase = FLOOR_BAND_ROWS - 1;
0002D9r 1               ;
0002D9r 1               	.dbg	line, "C:\Users\Alex\Chased3D\view3d.c", 231
0002D9r 1  A9 06        	lda     #$06
0002DBr 1  8D rr rr     	sta     _floor_phase
0002DEr 1               ;
0002DEr 1               ; if (++floor_rotation >= FLOOR_BANDS) floor_rotation = 0;
0002DEr 1               ;
0002DEr 1               	.dbg	line, "C:\Users\Alex\Chased3D\view3d.c", 232
0002DEr 1  EE rr rr     	inc     _floor_rotation
0002E1r 1  AD rr rr     	lda     _floor_rotation
0002E4r 1  C9 06        	cmp     #$06
0002E6r 1  90 03        	bcc     L000F
0002E8r 1  8C rr rr     	sty     _floor_rotation
0002EBr 1               ;
0002EBr 1               ; floor_dli_set_rotation(floor_rotation);
0002EBr 1               ;
0002EBr 1               	.dbg	line, "C:\Users\Alex\Chased3D\view3d.c", 233
0002EBr 1  AD rr rr     L000F:	lda     _floor_rotation
0002EEr 1  20 rr rr     	jsr     _floor_dli_set_rotation
0002F1r 1               ;
0002F1r 1               ; } else {
0002F1r 1               ;
0002F1r 1               	.dbg	line, "C:\Users\Alex\Chased3D\view3d.c", 234
0002F1r 1  4C rr rr     	jmp     L000B
0002F4r 1               ;
0002F4r 1               ; --floor_phase;
0002F4r 1               ;
0002F4r 1               	.dbg	line, "C:\Users\Alex\Chased3D\view3d.c", 235
0002F4r 1  CE rr rr     L0010:	dec     _floor_phase
0002F7r 1               ;
0002F7r 1               ; set_floor_dlis();
0002F7r 1               ;
0002F7r 1               	.dbg	line, "C:\Users\Alex\Chased3D\view3d.c", 238
0002F7r 1  20 rr rr     L000B:	jsr     _set_floor_dlis
0002FAr 1               ;
0002FAr 1               ; }
0002FAr 1               ;
0002FAr 1               	.dbg	line, "C:\Users\Alex\Chased3D\view3d.c", 239
0002FAr 1  4C rr rr     	jmp     incsp1
0002FDr 1               
0002FDr 1               	.dbg	line
0002FDr 1               .endproc
0002FDr 1               
0002FDr 1               ; ---------------------------------------------------------------
0002FDr 1               ; unsigned char __near__ view3d_wall_height (unsigned int dist)
0002FDr 1               ; ---------------------------------------------------------------
0002FDr 1               
0002FDr 1               .segment	"CODE"
0002FDr 1               
0002FDr 1               .proc	_view3d_wall_height: near
0002FDr 1               
0002FDr 1               	.dbg	func, "view3d_wall_height", "00", static, "_view3d_wall_height"
0002FDr 1               	.dbg	sym, "dist", "00", auto, 0
0002FDr 1               
0002FDr 1               .segment	"CODE"
0002FDr 1               
0002FDr 1               ;
0002FDr 1               ; {
0002FDr 1               ;
0002FDr 1               	.dbg	line, "C:\Users\Alex\Chased3D\view3d.c", 428
0002FDr 1  20 rr rr     	jsr     pushax
000300r 1               ;
000300r 1               ; dist >>= 4;
000300r 1               ;
000300r 1               	.dbg	line, "C:\Users\Alex\Chased3D\view3d.c", 429
000300r 1  20 rr rr     	jsr     ldax0sp
000303r 1  20 rr rr     	jsr     shrax4
000306r 1  20 rr rr     	jsr     stax0sp
000309r 1               ;
000309r 1               ; if (dist >= HEIGHT_STEPS) dist = HEIGHT_STEPS - 1;
000309r 1               ;
000309r 1               	.dbg	line, "C:\Users\Alex\Chased3D\view3d.c", 430
000309r 1  C9 90        	cmp     #$90
00030Br 1  8A           	txa
00030Cr 1  E9 01        	sbc     #$01
00030Er 1  90 07        	bcc     L0002
000310r 1  A2 01        	ldx     #$01
000312r 1  A9 8F        	lda     #$8F
000314r 1  20 rr rr     	jsr     stax0sp
000317r 1               ;
000317r 1               ; return height_table[dist];
000317r 1               ;
000317r 1               	.dbg	line, "C:\Users\Alex\Chased3D\view3d.c", 431
000317r 1  20 rr rr     L0002:	jsr     ldax0sp
00031Ar 1  85 rr        	sta     ptr1
00031Cr 1  8A           	txa
00031Dr 1  18           	clc
00031Er 1  69 rr        	adc     #>(_height_table)
000320r 1  85 rr        	sta     ptr1+1
000322r 1  A0 rr        	ldy     #<(_height_table)
000324r 1  A2 00        	ldx     #$00
000326r 1  B1 rr        	lda     (ptr1),y
000328r 1               ;
000328r 1               ; }
000328r 1               ;
000328r 1               	.dbg	line, "C:\Users\Alex\Chased3D\view3d.c", 432
000328r 1  4C rr rr     	jmp     incsp2
00032Br 1               
00032Br 1               	.dbg	line
00032Br 1               .endproc
00032Br 1               
00032Br 1               ; ---------------------------------------------------------------
00032Br 1               ; void __near__ minimap_build (void)
00032Br 1               ; ---------------------------------------------------------------
00032Br 1               
00032Br 1               .segment	"CODE"
00032Br 1               
00032Br 1               .proc	_minimap_build: near
00032Br 1               
00032Br 1               	.dbg	func, "minimap_build", "00", static, "_minimap_build"
00032Br 1               	.dbg	sym, "row", "00", auto, -1
00032Br 1               	.dbg	sym, "col", "00", auto, -2
00032Br 1               	.dbg	sym, "byte", "00", auto, -3
00032Br 1               
00032Br 1               .segment	"CODE"
00032Br 1               
00032Br 1               ;
00032Br 1               ; for (row = 0; row < MAZE_H; ++row) {
00032Br 1               ;
00032Br 1               	.dbg	line, "C:\Users\Alex\Chased3D\view3d.c", 248
00032Br 1  20 rr rr     	jsr     decsp3
00032Er 1  A9 00        	lda     #$00
000330r 1  A0 02        	ldy     #$02
000332r 1  91 rr        L0014:	sta     (c_sp),y
000334r 1  C9 3B        	cmp     #$3B
000336r 1  90 03 4C rr  	jcs     L0003
00033Ar 1  rr           
00033Br 1               ;
00033Br 1               ; for (byte = 0; byte < MINI_BYTES; ++byte) {
00033Br 1               ;
00033Br 1               	.dbg	line, "C:\Users\Alex\Chased3D\view3d.c", 249
00033Br 1  A9 00        	lda     #$00
00033Dr 1  A8           	tay
00033Er 1  91 rr        L0012:	sta     (c_sp),y
000340r 1  C9 05        	cmp     #$05
000342r 1  B0 2E        	bcs     L0015
000344r 1               ;
000344r 1               ; minimap_bits[row][byte] = 0;
000344r 1               ;
000344r 1               	.dbg	line, "C:\Users\Alex\Chased3D\view3d.c", 250
000344r 1  A0 02        	ldy     #$02
000346r 1  A2 00        	ldx     #$00
000348r 1  B1 rr        	lda     (c_sp),y
00034Ar 1  20 rr rr     	jsr     mulax5
00034Dr 1  18           	clc
00034Er 1  69 rr        	adc     #<(_minimap_bits)
000350r 1  85 rr        	sta     ptr1
000352r 1  8A           	txa
000353r 1  69 rr        	adc     #>(_minimap_bits)
000355r 1  85 rr        	sta     ptr1+1
000357r 1  A0 00        	ldy     #$00
000359r 1  B1 rr        	lda     (c_sp),y
00035Br 1  18           	clc
00035Cr 1  65 rr        	adc     ptr1
00035Er 1  A6 rr        	ldx     ptr1+1
000360r 1  90 01        	bcc     L0010
000362r 1  E8           	inx
000363r 1  85 rr        L0010:	sta     ptr1
000365r 1  86 rr        	stx     ptr1+1
000367r 1  98           	tya
000368r 1  91 rr        	sta     (ptr1),y
00036Ar 1               ;
00036Ar 1               ; for (byte = 0; byte < MINI_BYTES; ++byte) {
00036Ar 1               ;
00036Ar 1               	.dbg	line, "C:\Users\Alex\Chased3D\view3d.c", 249
00036Ar 1  18           	clc
00036Br 1  A9 01        	lda     #$01
00036Dr 1  71 rr        	adc     (c_sp),y
00036Fr 1  4C rr rr     	jmp     L0012
000372r 1               ;
000372r 1               ; for (col = 0; col < MAZE_W; ++col) {
000372r 1               ;
000372r 1               	.dbg	line, "C:\Users\Alex\Chased3D\view3d.c", 252
000372r 1  98           L0015:	tya
000373r 1  C8           	iny
000374r 1  91 rr        L0013:	sta     (c_sp),y
000376r 1  C9 14        	cmp     #$14
000378r 1  B0 69        	bcs     L0004
00037Ar 1               ;
00037Ar 1               ; if (maze_solid(col, row)) {
00037Ar 1               ;
00037Ar 1               	.dbg	line, "C:\Users\Alex\Chased3D\view3d.c", 253
00037Ar 1  B1 rr        	lda     (c_sp),y
00037Cr 1  20 rr rr     	jsr     pusha
00037Fr 1  A0 03        	ldy     #$03
000381r 1  B1 rr        	lda     (c_sp),y
000383r 1  20 rr rr     	jsr     _maze_solid
000386r 1  AA           	tax
000387r 1  F0 51        	beq     L000C
000389r 1               ;
000389r 1               ; minimap_bits[row][col >> 2] |=
000389r 1               ;
000389r 1               	.dbg	line, "C:\Users\Alex\Chased3D\view3d.c", 254
000389r 1  A0 02        	ldy     #$02
00038Br 1  A2 00        	ldx     #$00
00038Dr 1  B1 rr        	lda     (c_sp),y
00038Fr 1  20 rr rr     	jsr     mulax5
000392r 1  18           	clc
000393r 1  69 rr        	adc     #<(_minimap_bits)
000395r 1  85 rr        	sta     ptr1
000397r 1  8A           	txa
000398r 1  69 rr        	adc     #>(_minimap_bits)
00039Ar 1  85 rr        	sta     ptr1+1
00039Cr 1  88           	dey
00039Dr 1  B1 rr        	lda     (c_sp),y
00039Fr 1  4A           	lsr     a
0003A0r 1  4A           	lsr     a
0003A1r 1  18           	clc
0003A2r 1  65 rr        	adc     ptr1
0003A4r 1  A6 rr        	ldx     ptr1+1
0003A6r 1  90 01        	bcc     L0011
0003A8r 1  E8           	inx
0003A9r 1               ;
0003A9r 1               ; (unsigned char)(0x02 << (6 - ((col & 3) << 1)));
0003A9r 1               ;
0003A9r 1               	.dbg	line, "C:\Users\Alex\Chased3D\view3d.c", 255
0003A9r 1  20 rr rr     L0011:	jsr     pushax
0003ACr 1  85 rr        	sta     ptr1
0003AEr 1  86 rr        	stx     ptr1+1
0003B0r 1  A2 00        	ldx     #$00
0003B2r 1  A1 rr        	lda     (ptr1,x)
0003B4r 1  20 rr rr     	jsr     pusha0
0003B7r 1  A9 02        	lda     #$02
0003B9r 1  20 rr rr     	jsr     pusha0
0003BCr 1  A9 06        	lda     #$06
0003BEr 1  20 rr rr     	jsr     pusha0
0003C1r 1  A0 09        	ldy     #$09
0003C3r 1  B1 rr        	lda     (c_sp),y
0003C5r 1  29 03        	and     #$03
0003C7r 1  0A           	asl     a
0003C8r 1  90 02        	bcc     L000F
0003CAr 1  A2 01        	ldx     #$01
0003CCr 1  20 rr rr     L000F:	jsr     tossubax
0003CFr 1  20 rr rr     	jsr     tosaslax
0003D2r 1  20 rr rr     	jsr     tosora0
0003D5r 1  A0 00        	ldy     #$00
0003D7r 1  20 rr rr     	jsr     staspidx
0003DAr 1               ;
0003DAr 1               ; for (col = 0; col < MAZE_W; ++col) {
0003DAr 1               ;
0003DAr 1               	.dbg	line, "C:\Users\Alex\Chased3D\view3d.c", 252
0003DAr 1  A0 01        L000C:	ldy     #$01
0003DCr 1  18           	clc
0003DDr 1  98           	tya
0003DEr 1  71 rr        	adc     (c_sp),y
0003E0r 1  4C rr rr     	jmp     L0013
0003E3r 1               ;
0003E3r 1               ; for (row = 0; row < MAZE_H; ++row) {
0003E3r 1               ;
0003E3r 1               	.dbg	line, "C:\Users\Alex\Chased3D\view3d.c", 248
0003E3r 1  C8           L0004:	iny
0003E4r 1  18           	clc
0003E5r 1  A9 01        	lda     #$01
0003E7r 1  71 rr        	adc     (c_sp),y
0003E9r 1  4C rr rr     	jmp     L0014
0003ECr 1               ;
0003ECr 1               ; }
0003ECr 1               ;
0003ECr 1               	.dbg	line, "C:\Users\Alex\Chased3D\view3d.c", 259
0003ECr 1  4C rr rr     L0003:	jmp     incsp3
0003EFr 1               
0003EFr 1               	.dbg	line
0003EFr 1               .endproc
0003EFr 1               
0003EFr 1               ; ---------------------------------------------------------------
0003EFr 1               ; void __near__ minimap_show (void)
0003EFr 1               ; ---------------------------------------------------------------
0003EFr 1               
0003EFr 1               .segment	"CODE"
0003EFr 1               
0003EFr 1               .proc	_minimap_show: near
0003EFr 1               
0003EFr 1               	.dbg	func, "minimap_show", "00", static, "_minimap_show"
0003EFr 1               	.dbg	sym, "dest", "00", auto, -2
0003EFr 1               	.dbg	sym, "row", "00", auto, -3
0003EFr 1               	.dbg	sym, "byte", "00", auto, -4
0003EFr 1               
0003EFr 1               .segment	"CODE"
0003EFr 1               
0003EFr 1               ;
0003EFr 1               ; dest = view_buffer;
0003EFr 1               ;
0003EFr 1               	.dbg	line, "C:\Users\Alex\Chased3D\view3d.c", 268
0003EFr 1  20 rr rr     	jsr     decsp4
0003F2r 1  A9 rr        	lda     #<(_view_buffer)
0003F4r 1  A2 rr        	ldx     #>(_view_buffer)
0003F6r 1  A0 02        	ldy     #$02
0003F8r 1  20 rr rr     	jsr     staxysp
0003FBr 1               ;
0003FBr 1               ; for (row = 0; row < MAZE_H; ++row) {
0003FBr 1               ;
0003FBr 1               	.dbg	line, "C:\Users\Alex\Chased3D\view3d.c", 269
0003FBr 1  A9 00        	lda     #$00
0003FDr 1  A0 01        	ldy     #$01
0003FFr 1  91 rr        L000B:	sta     (c_sp),y
000401r 1  C9 3B        	cmp     #$3B
000403r 1  B0 50        	bcs     L0003
000405r 1               ;
000405r 1               ; for (byte = 0; byte < MINI_BYTES; ++byte) {
000405r 1               ;
000405r 1               	.dbg	line, "C:\Users\Alex\Chased3D\view3d.c", 270
000405r 1  A9 00        	lda     #$00
000407r 1  88           	dey
000408r 1  91 rr        L000A:	sta     (c_sp),y
00040Ar 1  C9 05        	cmp     #$05
00040Cr 1  B0 35        	bcs     L0007
00040Er 1               ;
00040Er 1               ; dest[byte] = minimap_bits[row][byte];
00040Er 1               ;
00040Er 1               	.dbg	line, "C:\Users\Alex\Chased3D\view3d.c", 271
00040Er 1  B1 rr        	lda     (c_sp),y
000410r 1  18           	clc
000411r 1  A0 02        	ldy     #$02
000413r 1  71 rr        	adc     (c_sp),y
000415r 1  85 rr        	sta     sreg
000417r 1  A9 00        	lda     #$00
000419r 1  C8           	iny
00041Ar 1  71 rr        	adc     (c_sp),y
00041Cr 1  85 rr        	sta     sreg+1
00041Er 1  A2 00        	ldx     #$00
000420r 1  A0 01        	ldy     #$01
000422r 1  B1 rr        	lda     (c_sp),y
000424r 1  20 rr rr     	jsr     mulax5
000427r 1  18           	clc
000428r 1  69 rr        	adc     #<(_minimap_bits)
00042Ar 1  85 rr        	sta     ptr1
00042Cr 1  8A           	txa
00042Dr 1  69 rr        	adc     #>(_minimap_bits)
00042Fr 1  85 rr        	sta     ptr1+1
000431r 1  88           	dey
000432r 1  B1 rr        	lda     (c_sp),y
000434r 1  A8           	tay
000435r 1  B1 rr        	lda     (ptr1),y
000437r 1  A0 00        	ldy     #$00
000439r 1  91 rr        	sta     (sreg),y
00043Br 1               ;
00043Br 1               ; for (byte = 0; byte < MINI_BYTES; ++byte) {
00043Br 1               ;
00043Br 1               	.dbg	line, "C:\Users\Alex\Chased3D\view3d.c", 270
00043Br 1  18           	clc
00043Cr 1  A9 01        	lda     #$01
00043Er 1  71 rr        	adc     (c_sp),y
000440r 1  4C rr rr     	jmp     L000A
000443r 1               ;
000443r 1               ; dest += VIEW_STRIDE;
000443r 1               ;
000443r 1               	.dbg	line, "C:\Users\Alex\Chased3D\view3d.c", 273
000443r 1  A0 02        L0007:	ldy     #$02
000445r 1  A2 00        	ldx     #$00
000447r 1  A9 28        	lda     #$28
000449r 1  20 rr rr     	jsr     addeqysp
00044Cr 1               ;
00044Cr 1               ; for (row = 0; row < MAZE_H; ++row) {
00044Cr 1               ;
00044Cr 1               	.dbg	line, "C:\Users\Alex\Chased3D\view3d.c", 269
00044Cr 1  A0 01        	ldy     #$01
00044Er 1  18           	clc
00044Fr 1  98           	tya
000450r 1  71 rr        	adc     (c_sp),y
000452r 1  4C rr rr     	jmp     L000B
000455r 1               ;
000455r 1               ; }
000455r 1               ;
000455r 1               	.dbg	line, "C:\Users\Alex\Chased3D\view3d.c", 275
000455r 1  4C rr rr     L0003:	jmp     incsp4
000458r 1               
000458r 1               	.dbg	line
000458r 1               .endproc
000458r 1               
000458r 1               ; ---------------------------------------------------------------
000458r 1               ; void __near__ minimap_open_exit (void)
000458r 1               ; ---------------------------------------------------------------
000458r 1               
000458r 1               .segment	"CODE"
000458r 1               
000458r 1               .proc	_minimap_open_exit: near
000458r 1               
000458r 1               	.dbg	func, "minimap_open_exit", "00", static, "_minimap_open_exit"
000458r 1               
000458r 1               .segment	"CODE"
000458r 1               
000458r 1               ;
000458r 1               ; minimap_bits[0][2] &= 0x03;
000458r 1               ;
000458r 1               	.dbg	line, "C:\Users\Alex\Chased3D\view3d.c", 302
000458r 1  AD rr rr     	lda     _minimap_bits+2
00045Br 1  29 03        	and     #$03
00045Dr 1  8D rr rr     	sta     _minimap_bits+2
000460r 1               ;
000460r 1               ; view_buffer[2] &= 0x03;
000460r 1               ;
000460r 1               	.dbg	line, "C:\Users\Alex\Chased3D\view3d.c", 303
000460r 1  AD rr rr     	lda     _view_buffer+2
000463r 1  29 03        	and     #$03
000465r 1  8D rr rr     	sta     _view_buffer+2
000468r 1               ;
000468r 1               ; }
000468r 1               ;
000468r 1               	.dbg	line, "C:\Users\Alex\Chased3D\view3d.c", 304
000468r 1  60           	rts
000469r 1               
000469r 1               	.dbg	line
000469r 1               .endproc
000469r 1               
000469r 1               ; ---------------------------------------------------------------
000469r 1               ; void __near__ minimap_update (unsigned int px, unsigned int py, unsigned int angle)
000469r 1               ; ---------------------------------------------------------------
000469r 1               
000469r 1               .segment	"CODE"
000469r 1               
000469r 1               .proc	_minimap_update: near
000469r 1               
000469r 1               	.dbg	func, "minimap_update", "00", static, "_minimap_update"
000469r 1               	.dbg	sym, "px", "00", auto, 4
000469r 1               	.dbg	sym, "py", "00", auto, 2
000469r 1               	.dbg	sym, "angle", "00", auto, 0
000469r 1               	.dbg	sym, "col", "00", auto, -1
000469r 1               	.dbg	sym, "row", "00", auto, -2
000469r 1               	.dbg	sym, "facing", "00", auto, -3
000469r 1               
000469r 1               .segment	"CODE"
000469r 1               
000469r 1               ;
000469r 1               ; {
000469r 1               ;
000469r 1               	.dbg	line, "C:\Users\Alex\Chased3D\view3d.c", 307
000469r 1  20 rr rr     	jsr     pushax
00046Cr 1               ;
00046Cr 1               ; minimap_restore_row(marker_row);
00046Cr 1               ;
00046Cr 1               	.dbg	line, "C:\Users\Alex\Chased3D\view3d.c", 312
00046Cr 1  20 rr rr     	jsr     decsp3
00046Fr 1  AD rr rr     	lda     _marker_row
000472r 1  20 rr rr     	jsr     _minimap_restore_row
000475r 1               ;
000475r 1               ; minimap_restore_row(nose_row);
000475r 1               ;
000475r 1               	.dbg	line, "C:\Users\Alex\Chased3D\view3d.c", 313
000475r 1  AD rr rr     	lda     _nose_row
000478r 1  20 rr rr     	jsr     _minimap_restore_row
00047Br 1               ;
00047Br 1               ; col = (unsigned char)(px >> 8);
00047Br 1               ;
00047Br 1               	.dbg	line, "C:\Users\Alex\Chased3D\view3d.c", 315
00047Br 1  A0 08        	ldy     #$08
00047Dr 1  B1 rr        	lda     (c_sp),y
00047Fr 1  A0 02        	ldy     #$02
000481r 1  91 rr        	sta     (c_sp),y
000483r 1               ;
000483r 1               ; row = (unsigned char)(py >> 8);
000483r 1               ;
000483r 1               	.dbg	line, "C:\Users\Alex\Chased3D\view3d.c", 316
000483r 1  A0 06        	ldy     #$06
000485r 1  B1 rr        	lda     (c_sp),y
000487r 1  A0 01        	ldy     #$01
000489r 1  91 rr        	sta     (c_sp),y
00048Br 1               ;
00048Br 1               ; facing = (unsigned char)(((((unsigned int)(angle >> 8)) + 16) >> 5) & 7);
00048Br 1               ;
00048Br 1               	.dbg	line, "C:\Users\Alex\Chased3D\view3d.c", 317
00048Br 1  A0 04        	ldy     #$04
00048Dr 1  A2 00        	ldx     #$00
00048Fr 1  B1 rr        	lda     (c_sp),y
000491r 1  A0 10        	ldy     #$10
000493r 1  20 rr rr     	jsr     incaxy
000496r 1  20 rr rr     	jsr     shrax4
000499r 1  20 rr rr     	jsr     shrax1
00049Cr 1  29 07        	and     #$07
00049Er 1  A0 00        	ldy     #$00
0004A0r 1  91 rr        	sta     (c_sp),y
0004A2r 1               ;
0004A2r 1               ; nose_row = (unsigned char)(row + dir_dy[facing]);
0004A2r 1               ;
0004A2r 1               	.dbg	line, "C:\Users\Alex\Chased3D\view3d.c", 319
0004A2r 1  A9 rr        	lda     #<(_dir_dy)
0004A4r 1  A2 rr        	ldx     #>(_dir_dy)
0004A6r 1  18           	clc
0004A7r 1  71 rr        	adc     (c_sp),y
0004A9r 1  90 01        	bcc     L0006
0004ABr 1  E8           	inx
0004ACr 1  20 rr rr     L0006:	jsr     ldaidx
0004AFr 1  18           	clc
0004B0r 1  C8           	iny
0004B1r 1  71 rr        	adc     (c_sp),y
0004B3r 1  8D rr rr     	sta     _nose_row
0004B6r 1               ;
0004B6r 1               ; minimap_plot((unsigned char)(col + dir_dx[facing]), nose_row, 0x01);
0004B6r 1               ;
0004B6r 1               	.dbg	line, "C:\Users\Alex\Chased3D\view3d.c", 320
0004B6r 1  A9 rr        	lda     #<(_dir_dx)
0004B8r 1  A2 rr        	ldx     #>(_dir_dx)
0004BAr 1  18           	clc
0004BBr 1  88           	dey
0004BCr 1  71 rr        	adc     (c_sp),y
0004BEr 1  90 01        	bcc     L0007
0004C0r 1  E8           	inx
0004C1r 1  20 rr rr     L0007:	jsr     ldaidx
0004C4r 1  18           	clc
0004C5r 1  A0 02        	ldy     #$02
0004C7r 1  71 rr        	adc     (c_sp),y
0004C9r 1  20 rr rr     	jsr     pusha
0004CCr 1  AD rr rr     	lda     _nose_row
0004CFr 1  20 rr rr     	jsr     pusha
0004D2r 1  A9 01        	lda     #$01
0004D4r 1  20 rr rr     	jsr     _minimap_plot
0004D7r 1               ;
0004D7r 1               ; minimap_plot(col, row, 0x03);
0004D7r 1               ;
0004D7r 1               	.dbg	line, "C:\Users\Alex\Chased3D\view3d.c", 321
0004D7r 1  A0 02        	ldy     #$02
0004D9r 1  B1 rr        	lda     (c_sp),y
0004DBr 1  20 rr rr     	jsr     pusha
0004DEr 1  A0 02        	ldy     #$02
0004E0r 1  B1 rr        	lda     (c_sp),y
0004E2r 1  20 rr rr     	jsr     pusha
0004E5r 1  A9 03        	lda     #$03
0004E7r 1  20 rr rr     	jsr     _minimap_plot
0004EAr 1               ;
0004EAr 1               ; marker_row = row;
0004EAr 1               ;
0004EAr 1               	.dbg	line, "C:\Users\Alex\Chased3D\view3d.c", 322
0004EAr 1  A0 01        	ldy     #$01
0004ECr 1  B1 rr        	lda     (c_sp),y
0004EEr 1  8D rr rr     	sta     _marker_row
0004F1r 1               ;
0004F1r 1               ; }
0004F1r 1               ;
0004F1r 1               	.dbg	line, "C:\Users\Alex\Chased3D\view3d.c", 323
0004F1r 1  A0 09        	ldy     #$09
0004F3r 1  4C rr rr     	jmp     addysp
0004F6r 1               
0004F6r 1               	.dbg	line
0004F6r 1               .endproc
0004F6r 1               
0004F6r 1               ; ---------------------------------------------------------------
0004F6r 1               ; void __near__ hud_set_fps (unsigned char fps)
0004F6r 1               ; ---------------------------------------------------------------
0004F6r 1               
0004F6r 1               .segment	"CODE"
0004F6r 1               
0004F6r 1               .proc	_hud_set_fps: near
0004F6r 1               
0004F6r 1               	.dbg	func, "hud_set_fps", "00", static, "_hud_set_fps"
0004F6r 1               	.dbg	sym, "fps", "00", auto, 0
0004F6r 1               
0004F6r 1               .segment	"CODE"
0004F6r 1               
0004F6r 1               ;
0004F6r 1               ; {
0004F6r 1               ;
0004F6r 1               	.dbg	line, "C:\Users\Alex\Chased3D\view3d.c", 331
0004F6r 1  20 rr rr     	jsr     pusha
0004F9r 1               ;
0004F9r 1               ; if (fps > 99) fps = 99;
0004F9r 1               ;
0004F9r 1               	.dbg	line, "C:\Users\Alex\Chased3D\view3d.c", 332
0004F9r 1  A0 00        	ldy     #$00
0004FBr 1  B1 rr        	lda     (c_sp),y
0004FDr 1  C9 64        	cmp     #$64
0004FFr 1  90 04        	bcc     L0003
000501r 1  A9 63        	lda     #$63
000503r 1  91 rr        	sta     (c_sp),y
000505r 1               ;
000505r 1               ; hud_line[0] = HUD_CHAR('F');
000505r 1               ;
000505r 1               	.dbg	line, "C:\Users\Alex\Chased3D\view3d.c", 333
000505r 1  A9 A6        L0003:	lda     #$A6
000507r 1  8D rr rr     	sta     _hud_line
00050Ar 1               ;
00050Ar 1               ; hud_line[1] = HUD_CHAR('P');
00050Ar 1               ;
00050Ar 1               	.dbg	line, "C:\Users\Alex\Chased3D\view3d.c", 334
00050Ar 1  A9 B0        	lda     #$B0
00050Cr 1  8D rr rr     	sta     _hud_line+1
00050Fr 1               ;
00050Fr 1               ; hud_line[2] = HUD_CHAR('S');
00050Fr 1               ;
00050Fr 1               	.dbg	line, "C:\Users\Alex\Chased3D\view3d.c", 335
00050Fr 1  A9 B3        	lda     #$B3
000511r 1  8D rr rr     	sta     _hud_line+2
000514r 1               ;
000514r 1               ; hud_line[4] = HUD_DIGIT(fps / 10);
000514r 1               ;
000514r 1               	.dbg	line, "C:\Users\Alex\Chased3D\view3d.c", 336
000514r 1  B1 rr        	lda     (c_sp),y
000516r 1  20 rr rr     	jsr     pusha0
000519r 1  A9 0A        	lda     #$0A
00051Br 1  20 rr rr     	jsr     tosudiva0
00051Er 1  A0 10        	ldy     #$10
000520r 1  20 rr rr     	jsr     incaxy
000523r 1  8D rr rr     	sta     _hud_line+4
000526r 1               ;
000526r 1               ; hud_line[5] = HUD_DIGIT(fps % 10);
000526r 1               ;
000526r 1               	.dbg	line, "C:\Users\Alex\Chased3D\view3d.c", 337
000526r 1  A2 00        	ldx     #$00
000528r 1  A1 rr        	lda     (c_sp,x)
00052Ar 1  20 rr rr     	jsr     pusha0
00052Dr 1  A9 0A        	lda     #$0A
00052Fr 1  20 rr rr     	jsr     tosumoda0
000532r 1  A0 10        	ldy     #$10
000534r 1  20 rr rr     	jsr     incaxy
000537r 1  8D rr rr     	sta     _hud_line+5
00053Ar 1               ;
00053Ar 1               ; }
00053Ar 1               ;
00053Ar 1               	.dbg	line, "C:\Users\Alex\Chased3D\view3d.c", 338
00053Ar 1  4C rr rr     	jmp     incsp1
00053Dr 1               
00053Dr 1               	.dbg	line
00053Dr 1               .endproc
00053Dr 1               
00053Dr 1               ; ---------------------------------------------------------------
00053Dr 1               ; void __near__ hud_set_targets (unsigned char remaining)
00053Dr 1               ; ---------------------------------------------------------------
00053Dr 1               
00053Dr 1               .segment	"CODE"
00053Dr 1               
00053Dr 1               .proc	_hud_set_targets: near
00053Dr 1               
00053Dr 1               	.dbg	func, "hud_set_targets", "00", static, "_hud_set_targets"
00053Dr 1               	.dbg	sym, "remaining", "00", auto, 0
00053Dr 1               
00053Dr 1               .segment	"CODE"
00053Dr 1               
00053Dr 1               ;
00053Dr 1               ; {
00053Dr 1               ;
00053Dr 1               	.dbg	line, "C:\Users\Alex\Chased3D\view3d.c", 342
00053Dr 1  20 rr rr     	jsr     pusha
000540r 1               ;
000540r 1               ; if (remaining > 99) remaining = 99;
000540r 1               ;
000540r 1               	.dbg	line, "C:\Users\Alex\Chased3D\view3d.c", 343
000540r 1  A0 00        	ldy     #$00
000542r 1  B1 rr        	lda     (c_sp),y
000544r 1  C9 64        	cmp     #$64
000546r 1  90 04        	bcc     L0003
000548r 1  A9 63        	lda     #$63
00054Ar 1  91 rr        	sta     (c_sp),y
00054Cr 1               ;
00054Cr 1               ; hud_line[16] = HUD_CHAR('T');
00054Cr 1               ;
00054Cr 1               	.dbg	line, "C:\Users\Alex\Chased3D\view3d.c", 345
00054Cr 1  A9 B4        L0003:	lda     #$B4
00054Er 1  8D rr rr     	sta     _hud_line+16
000551r 1               ;
000551r 1               ; hud_line[17] = HUD_CHAR('G');
000551r 1               ;
000551r 1               	.dbg	line, "C:\Users\Alex\Chased3D\view3d.c", 346
000551r 1  A9 A7        	lda     #$A7
000553r 1  8D rr rr     	sta     _hud_line+17
000556r 1               ;
000556r 1               ; hud_line[18] = HUD_CHAR('T');
000556r 1               ;
000556r 1               	.dbg	line, "C:\Users\Alex\Chased3D\view3d.c", 347
000556r 1  A9 B4        	lda     #$B4
000558r 1  8D rr rr     	sta     _hud_line+18
00055Br 1               ;
00055Br 1               ; hud_line[20] = HUD_DIGIT(remaining / 10);
00055Br 1               ;
00055Br 1               	.dbg	line, "C:\Users\Alex\Chased3D\view3d.c", 348
00055Br 1  B1 rr        	lda     (c_sp),y
00055Dr 1  20 rr rr     	jsr     pusha0
000560r 1  A9 0A        	lda     #$0A
000562r 1  20 rr rr     	jsr     tosudiva0
000565r 1  A0 10        	ldy     #$10
000567r 1  20 rr rr     	jsr     incaxy
00056Ar 1  8D rr rr     	sta     _hud_line+20
00056Dr 1               ;
00056Dr 1               ; hud_line[21] = HUD_DIGIT(remaining % 10);
00056Dr 1               ;
00056Dr 1               	.dbg	line, "C:\Users\Alex\Chased3D\view3d.c", 349
00056Dr 1  A2 00        	ldx     #$00
00056Fr 1  A1 rr        	lda     (c_sp,x)
000571r 1  20 rr rr     	jsr     pusha0
000574r 1  A9 0A        	lda     #$0A
000576r 1  20 rr rr     	jsr     tosumoda0
000579r 1  A0 10        	ldy     #$10
00057Br 1  20 rr rr     	jsr     incaxy
00057Er 1  8D rr rr     	sta     _hud_line+21
000581r 1               ;
000581r 1               ; }
000581r 1               ;
000581r 1               	.dbg	line, "C:\Users\Alex\Chased3D\view3d.c", 355
000581r 1  4C rr rr     	jmp     incsp1
000584r 1               
000584r 1               	.dbg	line
000584r 1               .endproc
000584r 1               
000584r 1               ; ---------------------------------------------------------------
000584r 1               ; void __near__ hud_set_game (unsigned char lives, unsigned char level, unsigned int score, unsigned int high_score)
000584r 1               ; ---------------------------------------------------------------
000584r 1               
000584r 1               .segment	"CODE"
000584r 1               
000584r 1               .proc	_hud_set_game: near
000584r 1               
000584r 1               	.dbg	func, "hud_set_game", "00", static, "_hud_set_game"
000584r 1               	.dbg	sym, "lives", "00", auto, 5
000584r 1               	.dbg	sym, "level", "00", auto, 4
000584r 1               	.dbg	sym, "score", "00", auto, 2
000584r 1               	.dbg	sym, "high_score", "00", auto, 0
000584r 1               
000584r 1               .segment	"CODE"
000584r 1               
000584r 1               ;
000584r 1               ; {
000584r 1               ;
000584r 1               	.dbg	line, "C:\Users\Alex\Chased3D\view3d.c", 373
000584r 1  20 rr rr     	jsr     pushax
000587r 1               ;
000587r 1               ; }
000587r 1               ;
000587r 1               	.dbg	line, "C:\Users\Alex\Chased3D\view3d.c", 398
000587r 1  4C rr rr     	jmp     incsp6
00058Ar 1               
00058Ar 1               	.dbg	line
00058Ar 1               .endproc
00058Ar 1               
00058Ar 1               ; ---------------------------------------------------------------
00058Ar 1               ; void __near__ hud_set_decoy (unsigned char progress, unsigned char maximum)
00058Ar 1               ; ---------------------------------------------------------------
00058Ar 1               
00058Ar 1               .segment	"CODE"
00058Ar 1               
00058Ar 1               .proc	_hud_set_decoy: near
00058Ar 1               
00058Ar 1               	.dbg	func, "hud_set_decoy", "00", static, "_hud_set_decoy"
00058Ar 1               	.dbg	sym, "progress", "00", auto, 1
00058Ar 1               	.dbg	sym, "maximum", "00", auto, 0
00058Ar 1               	.dbg	sym, "filled", "00", auto, -1
00058Ar 1               	.dbg	sym, "col", "00", auto, -2
00058Ar 1               	.dbg	sym, "row", "00", auto, -3
00058Ar 1               	.dbg	sym, "value", "00", auto, -4
00058Ar 1               	.dbg	sym, "shift", "00", auto, -5
00058Ar 1               	.dbg	sym, "dest", "00", auto, -7
00058Ar 1               
00058Ar 1               .segment	"CODE"
00058Ar 1               
00058Ar 1               ;
00058Ar 1               ; {
00058Ar 1               ;
00058Ar 1               	.dbg	line, "C:\Users\Alex\Chased3D\view3d.c", 401
00058Ar 1  20 rr rr     	jsr     pusha
00058Dr 1               ;
00058Dr 1               ; filled = maximum == 0 ? DECOY_BAR_INNER_WIDTH
00058Dr 1               ;
00058Dr 1               	.dbg	line, "C:\Users\Alex\Chased3D\view3d.c", 409
00058Dr 1  20 rr rr     	jsr     decsp7
000590r 1  A0 07        	ldy     #$07
000592r 1  B1 rr        	lda     (c_sp),y
000594r 1  D0 05        	bne     L0002
000596r 1               ;
000596r 1               ; : (unsigned char)(((unsigned int)progress * DECOY_BAR_INNER_WIDTH) / maximum);
000596r 1               ;
000596r 1               	.dbg	line, "C:\Users\Alex\Chased3D\view3d.c", 410
000596r 1  A9 12        	lda     #$12
000598r 1  4C rr rr     	jmp     L0018
00059Br 1  C8           L0002:	iny
00059Cr 1  B1 rr        	lda     (c_sp),y
00059Er 1  20 rr rr     	jsr     pusha0
0005A1r 1  A9 12        	lda     #$12
0005A3r 1  20 rr rr     	jsr     tosumula0
0005A6r 1  20 rr rr     	jsr     pushax
0005A9r 1  A0 09        	ldy     #$09
0005ABr 1  B1 rr        	lda     (c_sp),y
0005ADr 1  20 rr rr     	jsr     tosudiva0
0005B0r 1  A0 06        L0018:	ldy     #$06
0005B2r 1  91 rr        	sta     (c_sp),y
0005B4r 1               ;
0005B4r 1               ; if (filled > DECOY_BAR_INNER_WIDTH) filled = DECOY_BAR_INNER_WIDTH;
0005B4r 1               ;
0005B4r 1               	.dbg	line, "C:\Users\Alex\Chased3D\view3d.c", 411
0005B4r 1  C9 13        	cmp     #$13
0005B6r 1  A9 00        	lda     #$00
0005B8r 1  90 06        	bcc     L001A
0005BAr 1  A9 12        	lda     #$12
0005BCr 1  91 rr        	sta     (c_sp),y
0005BEr 1               ;
0005BEr 1               ; for (row = 0; row < DECOY_BAR_HEIGHT; ++row) {
0005BEr 1               ;
0005BEr 1               	.dbg	line, "C:\Users\Alex\Chased3D\view3d.c", 413
0005BEr 1  A9 00        	lda     #$00
0005C0r 1  A0 04        L001A:	ldy     #$04
0005C2r 1  91 rr        L0016:	sta     (c_sp),y
0005C4r 1  C9 06        	cmp     #$06
0005C6r 1  90 03 4C rr  	jcs     L0006
0005CAr 1  rr           
0005CBr 1               ;
0005CBr 1               ; dest = view_buffer + (unsigned int)(DECOY_BAR_TOP + row) * VIEW_STRIDE;
0005CBr 1               ;
0005CBr 1               	.dbg	line, "C:\Users\Alex\Chased3D\view3d.c", 414
0005CBr 1  A2 00        	ldx     #$00
0005CDr 1  B1 rr        	lda     (c_sp),y
0005CFr 1  A0 3D        	ldy     #$3D
0005D1r 1  20 rr rr     	jsr     incaxy
0005D4r 1  20 rr rr     	jsr     pushax
0005D7r 1  A9 28        	lda     #$28
0005D9r 1  20 rr rr     	jsr     tosumula0
0005DCr 1  18           	clc
0005DDr 1  69 rr        	adc     #<(_view_buffer)
0005DFr 1  A8           	tay
0005E0r 1  8A           	txa
0005E1r 1  69 rr        	adc     #>(_view_buffer)
0005E3r 1  AA           	tax
0005E4r 1  98           	tya
0005E5r 1  20 rr rr     	jsr     stax0sp
0005E8r 1               ;
0005E8r 1               ; for (col = 0; col < MAZE_W; ++col) {
0005E8r 1               ;
0005E8r 1               	.dbg	line, "C:\Users\Alex\Chased3D\view3d.c", 415
0005E8r 1  A9 00        	lda     #$00
0005EAr 1  A0 05        	ldy     #$05
0005ECr 1  91 rr        L0015:	sta     (c_sp),y
0005EEr 1  C9 14        	cmp     #$14
0005F0r 1  90 03 4C rr  	jcs     L0007
0005F4r 1  rr           
0005F5r 1               ;
0005F5r 1               ; if (row == 0 || row == DECOY_BAR_HEIGHT - 1 || col == 0 || col == MAZE_W - 1)
0005F5r 1               ;
0005F5r 1               	.dbg	line, "C:\Users\Alex\Chased3D\view3d.c", 416
0005F5r 1  88           	dey
0005F6r 1  B1 rr        	lda     (c_sp),y
0005F8r 1  F0 0D        	beq     L001B
0005FAr 1  C9 05        	cmp     #$05
0005FCr 1  F0 09        	beq     L001B
0005FEr 1  C8           	iny
0005FFr 1  B1 rr        	lda     (c_sp),y
000601r 1  F0 04        	beq     L001B
000603r 1  C9 13        	cmp     #$13
000605r 1  D0 05        	bne     L001D
000607r 1               ;
000607r 1               ; value = 2;
000607r 1               ;
000607r 1               	.dbg	line, "C:\Users\Alex\Chased3D\view3d.c", 417
000607r 1  A9 02        L001B:	lda     #$02
000609r 1               ;
000609r 1               ; else
000609r 1               ;
000609r 1               	.dbg	line, "C:\Users\Alex\Chased3D\view3d.c", 418
000609r 1  4C rr rr     	jmp     L0020
00060Cr 1               ;
00060Cr 1               ; value = col <= filled ? 3 : 0;
00060Cr 1               ;
00060Cr 1               	.dbg	line, "C:\Users\Alex\Chased3D\view3d.c", 419
00060Cr 1  B1 rr        L001D:	lda     (c_sp),y
00060Er 1  C8           	iny
00060Fr 1  D1 rr        	cmp     (c_sp),y
000611r 1  F0 02        	beq     L001E
000613r 1  B0 05        	bcs     L001F
000615r 1  A9 03        L001E:	lda     #$03
000617r 1  4C rr rr     	jmp     L0020
00061Ar 1  A9 00        L001F:	lda     #$00
00061Cr 1  A0 03        L0020:	ldy     #$03
00061Er 1  91 rr        	sta     (c_sp),y
000620r 1               ;
000620r 1               ; shift = (unsigned char)(6 - ((col & 3) << 1));
000620r 1               ;
000620r 1               	.dbg	line, "C:\Users\Alex\Chased3D\view3d.c", 420
000620r 1  A9 06        	lda     #$06
000622r 1  20 rr rr     	jsr     pusha0
000625r 1  A0 07        	ldy     #$07
000627r 1  B1 rr        	lda     (c_sp),y
000629r 1  29 03        	and     #$03
00062Br 1  0A           	asl     a
00062Cr 1  90 02        	bcc     L0013
00062Er 1  A2 01        	ldx     #$01
000630r 1  20 rr rr     L0013:	jsr     tossubax
000633r 1  A0 02        	ldy     #$02
000635r 1  91 rr        	sta     (c_sp),y
000637r 1               ;
000637r 1               ; dest[col >> 2] = (unsigned char)(
000637r 1               ;
000637r 1               	.dbg	line, "C:\Users\Alex\Chased3D\view3d.c", 421
000637r 1  A2 00        	ldx     #$00
000639r 1  A0 05        	ldy     #$05
00063Br 1  B1 rr        	lda     (c_sp),y
00063Dr 1  4A           	lsr     a
00063Er 1  4A           	lsr     a
00063Fr 1  18           	clc
000640r 1  A0 00        	ldy     #$00
000642r 1  71 rr        	adc     (c_sp),y
000644r 1  85 rr        	sta     ptr2
000646r 1  8A           	txa
000647r 1  C8           	iny
000648r 1  71 rr        	adc     (c_sp),y
00064Ar 1  85 rr        	sta     ptr2+1
00064Cr 1               ;
00064Cr 1               ; (dest[col >> 2] & ~(0x03 << shift)) | (value << shift));
00064Cr 1               ;
00064Cr 1               	.dbg	line, "C:\Users\Alex\Chased3D\view3d.c", 422
00064Cr 1  A0 05        	ldy     #$05
00064Er 1  B1 rr        	lda     (c_sp),y
000650r 1  4A           	lsr     a
000651r 1  4A           	lsr     a
000652r 1  18           	clc
000653r 1  A0 00        	ldy     #$00
000655r 1  71 rr        	adc     (c_sp),y
000657r 1  85 rr        	sta     ptr1
000659r 1  8A           	txa
00065Ar 1  C8           	iny
00065Br 1  71 rr        	adc     (c_sp),y
00065Dr 1  85 rr        	sta     ptr1+1
00065Fr 1  A1 rr        	lda     (ptr1,x)
000661r 1  85 rr        	sta     ptr1
000663r 1  C8           	iny
000664r 1  B1 rr        	lda     (c_sp),y
000666r 1  A8           	tay
000667r 1  A9 03        	lda     #$03
000669r 1  20 rr rr     	jsr     aslaxy
00066Cr 1  49 FF        	eor     #$FF
00066Er 1  25 rr        	and     ptr1
000670r 1  85 rr        	sta     sreg
000672r 1  A2 00        	ldx     #$00
000674r 1  A0 03        	ldy     #$03
000676r 1  B1 rr        	lda     (c_sp),y
000678r 1  85 rr        	sta     ptr1
00067Ar 1  88           	dey
00067Br 1  B1 rr        	lda     (c_sp),y
00067Dr 1  A8           	tay
00067Er 1  A5 rr        	lda     ptr1
000680r 1  20 rr rr     	jsr     aslaxy
000683r 1  05 rr        	ora     sreg
000685r 1  A0 00        	ldy     #$00
000687r 1  91 rr        	sta     (ptr2),y
000689r 1               ;
000689r 1               ; for (col = 0; col < MAZE_W; ++col) {
000689r 1               ;
000689r 1               	.dbg	line, "C:\Users\Alex\Chased3D\view3d.c", 415
000689r 1  A0 05        	ldy     #$05
00068Br 1  18           	clc
00068Cr 1  A9 01        	lda     #$01
00068Er 1  71 rr        	adc     (c_sp),y
000690r 1  4C rr rr     	jmp     L0015
000693r 1               ;
000693r 1               ; for (row = 0; row < DECOY_BAR_HEIGHT; ++row) {
000693r 1               ;
000693r 1               	.dbg	line, "C:\Users\Alex\Chased3D\view3d.c", 413
000693r 1  88           L0007:	dey
000694r 1  18           	clc
000695r 1  A9 01        	lda     #$01
000697r 1  71 rr        	adc     (c_sp),y
000699r 1  4C rr rr     	jmp     L0016
00069Cr 1               ;
00069Cr 1               ; }
00069Cr 1               ;
00069Cr 1               	.dbg	line, "C:\Users\Alex\Chased3D\view3d.c", 425
00069Cr 1  A0 09        L0006:	ldy     #$09
00069Er 1  4C rr rr     	jmp     addysp
0006A1r 1               
0006A1r 1               	.dbg	line
0006A1r 1               .endproc
0006A1r 1               
0006A1r 1               ; ---------------------------------------------------------------
0006A1r 1               ; void __near__ draw_open_byte (unsigned char x)
0006A1r 1               ; ---------------------------------------------------------------
0006A1r 1               
0006A1r 1               .segment	"CODE"
0006A1r 1               
0006A1r 1               .proc	_draw_open_byte: near
0006A1r 1               
0006A1r 1               	.dbg	func, "draw_open_byte", "00", static, "_draw_open_byte"
0006A1r 1               	.dbg	sym, "x", "00", auto, 0
0006A1r 1               
0006A1r 1               .segment	"CODE"
0006A1r 1               
0006A1r 1               ;
0006A1r 1               ; {
0006A1r 1               ;
0006A1r 1               	.dbg	line, "C:\Users\Alex\Chased3D\view3d.c", 98
0006A1r 1  20 rr rr     	jsr     pusha
0006A4r 1               ;
0006A4r 1               ; col3d_x = x;
0006A4r 1               ;
0006A4r 1               	.dbg	line, "C:\Users\Alex\Chased3D\view3d.c", 99
0006A4r 1  A0 00        	ldy     #$00
0006A6r 1  B1 rr        	lda     (c_sp),y
0006A8r 1  8D rr rr     	sta     _col3d_x
0006ABr 1               ;
0006ABr 1               ; col3d_row = HORIZON;
0006ABr 1               ;
0006ABr 1               	.dbg	line, "C:\Users\Alex\Chased3D\view3d.c", 100
0006ABr 1  A9 2E        	lda     #$2E
0006ADr 1  8D rr rr     	sta     _col3d_row
0006B0r 1               ;
0006B0r 1               ; col3d_color = PIX_FLOOR;
0006B0r 1               ;
0006B0r 1               	.dbg	line, "C:\Users\Alex\Chased3D\view3d.c", 101
0006B0r 1  A9 55        	lda     #$55
0006B2r 1  8D rr rr     	sta     _col3d_color
0006B5r 1               ;
0006B5r 1               ; col3d_fill_down();
0006B5r 1               ;
0006B5r 1               	.dbg	line, "C:\Users\Alex\Chased3D\view3d.c", 102
0006B5r 1  20 rr rr     	jsr     _col3d_fill_down
0006B8r 1               ;
0006B8r 1               ; col3d_row = HORIZON - 1;
0006B8r 1               ;
0006B8r 1               	.dbg	line, "C:\Users\Alex\Chased3D\view3d.c", 103
0006B8r 1  A9 2D        	lda     #$2D
0006BAr 1  8D rr rr     	sta     _col3d_row
0006BDr 1               ;
0006BDr 1               ; col3d_color = PIX_CEILING;
0006BDr 1               ;
0006BDr 1               	.dbg	line, "C:\Users\Alex\Chased3D\view3d.c", 104
0006BDr 1  A9 00        	lda     #$00
0006BFr 1  8D rr rr     	sta     _col3d_color
0006C2r 1               ;
0006C2r 1               ; col3d_fill_up();
0006C2r 1               ;
0006C2r 1               	.dbg	line, "C:\Users\Alex\Chased3D\view3d.c", 105
0006C2r 1  20 rr rr     	jsr     _col3d_fill_up
0006C5r 1               ;
0006C5r 1               ; }
0006C5r 1               ;
0006C5r 1               	.dbg	line, "C:\Users\Alex\Chased3D\view3d.c", 106
0006C5r 1  4C rr rr     	jmp     incsp1
0006C8r 1               
0006C8r 1               	.dbg	line
0006C8r 1               .endproc
0006C8r 1               
0006C8r 1               ; ---------------------------------------------------------------
0006C8r 1               ; void __near__ draw_open_column (unsigned char col)
0006C8r 1               ; ---------------------------------------------------------------
0006C8r 1               
0006C8r 1               .segment	"CODE"
0006C8r 1               
0006C8r 1               .proc	_draw_open_column: near
0006C8r 1               
0006C8r 1               	.dbg	func, "draw_open_column", "00", static, "_draw_open_column"
0006C8r 1               	.dbg	sym, "col", "00", auto, 0
0006C8r 1               	.dbg	sym, "x", "00", auto, -1
0006C8r 1               
0006C8r 1               .segment	"CODE"
0006C8r 1               
0006C8r 1               ;
0006C8r 1               ; {
0006C8r 1               ;
0006C8r 1               	.dbg	line, "C:\Users\Alex\Chased3D\view3d.c", 109
0006C8r 1  20 rr rr     	jsr     pusha
0006CBr 1               ;
0006CBr 1               ; x = (unsigned char)(MINI_BYTES + (col << 1));
0006CBr 1               ;
0006CBr 1               	.dbg	line, "C:\Users\Alex\Chased3D\view3d.c", 112
0006CBr 1  20 rr rr     	jsr     decsp1
0006CEr 1  A0 01        	ldy     #$01
0006D0r 1  B1 rr        	lda     (c_sp),y
0006D2r 1  0A           	asl     a
0006D3r 1  18           	clc
0006D4r 1  69 05        	adc     #$05
0006D6r 1  88           	dey
0006D7r 1  91 rr        	sta     (c_sp),y
0006D9r 1               ;
0006D9r 1               ; draw_open_byte(x);
0006D9r 1               ;
0006D9r 1               	.dbg	line, "C:\Users\Alex\Chased3D\view3d.c", 113
0006D9r 1  20 rr rr     	jsr     _draw_open_byte
0006DCr 1               ;
0006DCr 1               ; if (x + 1 < VIEW_STRIDE) draw_open_byte(x + 1);
0006DCr 1               ;
0006DCr 1               	.dbg	line, "C:\Users\Alex\Chased3D\view3d.c", 114
0006DCr 1  A0 00        	ldy     #$00
0006DEr 1  A2 00        	ldx     #$00
0006E0r 1  B1 rr        	lda     (c_sp),y
0006E2r 1  20 rr rr     	jsr     incax1
0006E5r 1  C9 28        	cmp     #$28
0006E7r 1  8A           	txa
0006E8r 1  E9 00        	sbc     #$00
0006EAr 1  50 02        	bvc     L0003
0006ECr 1  49 80        	eor     #$80
0006EEr 1  10 08        L0003:	bpl     L0002
0006F0r 1  B1 rr        	lda     (c_sp),y
0006F2r 1  18           	clc
0006F3r 1  69 01        	adc     #$01
0006F5r 1  20 rr rr     	jsr     _draw_open_byte
0006F8r 1               ;
0006F8r 1               ; }
0006F8r 1               ;
0006F8r 1               	.dbg	line, "C:\Users\Alex\Chased3D\view3d.c", 115
0006F8r 1  4C rr rr     L0002:	jmp     incsp2
0006FBr 1               
0006FBr 1               	.dbg	line
0006FBr 1               .endproc
0006FBr 1               
0006FBr 1               ; ---------------------------------------------------------------
0006FBr 1               ; void __near__ draw_wall_byte (unsigned char x, unsigned char top, unsigned char bottom, unsigned char wall)
0006FBr 1               ; ---------------------------------------------------------------
0006FBr 1               
0006FBr 1               .segment	"CODE"
0006FBr 1               
0006FBr 1               .proc	_draw_wall_byte: near
0006FBr 1               
0006FBr 1               	.dbg	func, "draw_wall_byte", "00", static, "_draw_wall_byte"
0006FBr 1               	.dbg	sym, "x", "00", auto, 3
0006FBr 1               	.dbg	sym, "top", "00", auto, 2
0006FBr 1               	.dbg	sym, "bottom", "00", auto, 1
0006FBr 1               	.dbg	sym, "wall", "00", auto, 0
0006FBr 1               
0006FBr 1               .segment	"CODE"
0006FBr 1               
0006FBr 1               ;
0006FBr 1               ; {
0006FBr 1               ;
0006FBr 1               	.dbg	line, "C:\Users\Alex\Chased3D\view3d.c", 127
0006FBr 1  20 rr rr     	jsr     pusha
0006FEr 1               ;
0006FEr 1               ; col3d_x = x;
0006FEr 1               ;
0006FEr 1               	.dbg	line, "C:\Users\Alex\Chased3D\view3d.c", 128
0006FEr 1  A0 03        	ldy     #$03
000700r 1  B1 rr        	lda     (c_sp),y
000702r 1  8D rr rr     	sta     _col3d_x
000705r 1               ;
000705r 1               ; col3d_row = top;
000705r 1               ;
000705r 1               	.dbg	line, "C:\Users\Alex\Chased3D\view3d.c", 129
000705r 1  88           	dey
000706r 1  B1 rr        	lda     (c_sp),y
000708r 1  8D rr rr     	sta     _col3d_row
00070Br 1               ;
00070Br 1               ; col3d_end = bottom + 1;
00070Br 1               ;
00070Br 1               	.dbg	line, "C:\Users\Alex\Chased3D\view3d.c", 130
00070Br 1  88           	dey
00070Cr 1  B1 rr        	lda     (c_sp),y
00070Er 1  18           	clc
00070Fr 1  69 01        	adc     #$01
000711r 1  8D rr rr     	sta     _col3d_end
000714r 1               ;
000714r 1               ; col3d_color = wall;
000714r 1               ;
000714r 1               	.dbg	line, "C:\Users\Alex\Chased3D\view3d.c", 131
000714r 1  88           	dey
000715r 1  B1 rr        	lda     (c_sp),y
000717r 1  8D rr rr     	sta     _col3d_color
00071Ar 1               ;
00071Ar 1               ; col3d_fill_span();
00071Ar 1               ;
00071Ar 1               	.dbg	line, "C:\Users\Alex\Chased3D\view3d.c", 132
00071Ar 1  20 rr rr     	jsr     _col3d_fill_span
00071Dr 1               ;
00071Dr 1               ; if (bottom < VIEW_ROWS - 1) {
00071Dr 1               ;
00071Dr 1               	.dbg	line, "C:\Users\Alex\Chased3D\view3d.c", 133
00071Dr 1  A0 01        	ldy     #$01
00071Fr 1  B1 rr        	lda     (c_sp),y
000721r 1  C9 5B        	cmp     #$5B
000723r 1  B0 0E        	bcs     L0002
000725r 1               ;
000725r 1               ; col3d_row = bottom + 1;
000725r 1               ;
000725r 1               	.dbg	line, "C:\Users\Alex\Chased3D\view3d.c", 134
000725r 1  18           	clc
000726r 1  69 01        	adc     #$01
000728r 1  8D rr rr     	sta     _col3d_row
00072Br 1               ;
00072Br 1               ; col3d_color = PIX_FLOOR;
00072Br 1               ;
00072Br 1               	.dbg	line, "C:\Users\Alex\Chased3D\view3d.c", 135
00072Br 1  A9 55        	lda     #$55
00072Dr 1  8D rr rr     	sta     _col3d_color
000730r 1               ;
000730r 1               ; col3d_fill_down();
000730r 1               ;
000730r 1               	.dbg	line, "C:\Users\Alex\Chased3D\view3d.c", 136
000730r 1  20 rr rr     	jsr     _col3d_fill_down
000733r 1               ;
000733r 1               ; if (top > 0) {
000733r 1               ;
000733r 1               	.dbg	line, "C:\Users\Alex\Chased3D\view3d.c", 138
000733r 1  A0 02        L0002:	ldy     #$02
000735r 1  B1 rr        	lda     (c_sp),y
000737r 1  F0 0E        	beq     L0003
000739r 1               ;
000739r 1               ; col3d_row = top - 1;
000739r 1               ;
000739r 1               	.dbg	line, "C:\Users\Alex\Chased3D\view3d.c", 139
000739r 1  38           	sec
00073Ar 1  E9 01        	sbc     #$01
00073Cr 1  8D rr rr     	sta     _col3d_row
00073Fr 1               ;
00073Fr 1               ; col3d_color = PIX_CEILING;
00073Fr 1               ;
00073Fr 1               	.dbg	line, "C:\Users\Alex\Chased3D\view3d.c", 140
00073Fr 1  A9 00        	lda     #$00
000741r 1  8D rr rr     	sta     _col3d_color
000744r 1               ;
000744r 1               ; col3d_fill_up();
000744r 1               ;
000744r 1               	.dbg	line, "C:\Users\Alex\Chased3D\view3d.c", 141
000744r 1  20 rr rr     	jsr     _col3d_fill_up
000747r 1               ;
000747r 1               ; }
000747r 1               ;
000747r 1               	.dbg	line, "C:\Users\Alex\Chased3D\view3d.c", 143
000747r 1  4C rr rr     L0003:	jmp     incsp4
00074Ar 1               
00074Ar 1               	.dbg	line
00074Ar 1               .endproc
00074Ar 1               
00074Ar 1               ; ---------------------------------------------------------------
00074Ar 1               ; void __near__ draw_wall_column (unsigned char col, unsigned char top, unsigned char bottom, unsigned char wall)
00074Ar 1               ; ---------------------------------------------------------------
00074Ar 1               
00074Ar 1               .segment	"CODE"
00074Ar 1               
00074Ar 1               .proc	_draw_wall_column: near
00074Ar 1               
00074Ar 1               	.dbg	func, "draw_wall_column", "00", static, "_draw_wall_column"
00074Ar 1               	.dbg	sym, "col", "00", auto, 3
00074Ar 1               	.dbg	sym, "top", "00", auto, 2
00074Ar 1               	.dbg	sym, "bottom", "00", auto, 1
00074Ar 1               	.dbg	sym, "wall", "00", auto, 0
00074Ar 1               	.dbg	sym, "x", "00", auto, -1
00074Ar 1               
00074Ar 1               .segment	"CODE"
00074Ar 1               
00074Ar 1               ;
00074Ar 1               ; {
00074Ar 1               ;
00074Ar 1               	.dbg	line, "C:\Users\Alex\Chased3D\view3d.c", 147
00074Ar 1  20 rr rr     	jsr     pusha
00074Dr 1               ;
00074Dr 1               ; x = (unsigned char)(MINI_BYTES + (col << 1));
00074Dr 1               ;
00074Dr 1               	.dbg	line, "C:\Users\Alex\Chased3D\view3d.c", 150
00074Dr 1  20 rr rr     	jsr     decsp1
000750r 1  A0 04        	ldy     #$04
000752r 1  B1 rr        	lda     (c_sp),y
000754r 1  0A           	asl     a
000755r 1  18           	clc
000756r 1  69 05        	adc     #$05
000758r 1  A0 00        	ldy     #$00
00075Ar 1  91 rr        	sta     (c_sp),y
00075Cr 1               ;
00075Cr 1               ; draw_wall_byte(x, top, bottom, wall);
00075Cr 1               ;
00075Cr 1               	.dbg	line, "C:\Users\Alex\Chased3D\view3d.c", 151
00075Cr 1  20 rr rr     	jsr     pusha
00075Fr 1  A0 04        	ldy     #$04
000761r 1  B1 rr        	lda     (c_sp),y
000763r 1  20 rr rr     	jsr     pusha
000766r 1  A0 04        	ldy     #$04
000768r 1  B1 rr        	lda     (c_sp),y
00076Ar 1  20 rr rr     	jsr     pusha
00076Dr 1  A0 04        	ldy     #$04
00076Fr 1  B1 rr        	lda     (c_sp),y
000771r 1  20 rr rr     	jsr     _draw_wall_byte
000774r 1               ;
000774r 1               ; if (x + 1 < VIEW_STRIDE) draw_wall_byte(x + 1, top, bottom, wall);
000774r 1               ;
000774r 1               	.dbg	line, "C:\Users\Alex\Chased3D\view3d.c", 152
000774r 1  A0 00        	ldy     #$00
000776r 1  A2 00        	ldx     #$00
000778r 1  B1 rr        	lda     (c_sp),y
00077Ar 1  20 rr rr     	jsr     incax1
00077Dr 1  C9 28        	cmp     #$28
00077Fr 1  8A           	txa
000780r 1  E9 00        	sbc     #$00
000782r 1  50 02        	bvc     L0003
000784r 1  49 80        	eor     #$80
000786r 1  10 1D        L0003:	bpl     L0002
000788r 1  B1 rr        	lda     (c_sp),y
00078Ar 1  18           	clc
00078Br 1  69 01        	adc     #$01
00078Dr 1  20 rr rr     	jsr     pusha
000790r 1  A0 04        	ldy     #$04
000792r 1  B1 rr        	lda     (c_sp),y
000794r 1  20 rr rr     	jsr     pusha
000797r 1  A0 04        	ldy     #$04
000799r 1  B1 rr        	lda     (c_sp),y
00079Br 1  20 rr rr     	jsr     pusha
00079Er 1  A0 04        	ldy     #$04
0007A0r 1  B1 rr        	lda     (c_sp),y
0007A2r 1  20 rr rr     	jsr     _draw_wall_byte
0007A5r 1               ;
0007A5r 1               ; }
0007A5r 1               ;
0007A5r 1               	.dbg	line, "C:\Users\Alex\Chased3D\view3d.c", 153
0007A5r 1  4C rr rr     L0002:	jmp     incsp5
0007A8r 1               
0007A8r 1               	.dbg	line
0007A8r 1               .endproc
0007A8r 1               
0007A8r 1               ; ---------------------------------------------------------------
0007A8r 1               ; void __near__ cast_column (unsigned char col, unsigned int ray_angle, unsigned int px, unsigned int py)
0007A8r 1               ; ---------------------------------------------------------------
0007A8r 1               
0007A8r 1               .segment	"CODE"
0007A8r 1               
0007A8r 1               .proc	_cast_column: near
0007A8r 1               
0007A8r 1               	.dbg	func, "cast_column", "00", static, "_cast_column"
0007A8r 1               	.dbg	sym, "col", "00", auto, 6
0007A8r 1               	.dbg	sym, "ray_angle", "00", auto, 4
0007A8r 1               	.dbg	sym, "px", "00", auto, 2
0007A8r 1               	.dbg	sym, "py", "00", auto, 0
0007A8r 1               
0007A8r 1               .segment	"CODE"
0007A8r 1               
0007A8r 1               ;
0007A8r 1               ; {
0007A8r 1               ;
0007A8r 1               	.dbg	line, "C:\Users\Alex\Chased3D\view3d.c", 157
0007A8r 1  20 rr rr     	jsr     pushax
0007ABr 1               ;
0007ABr 1               ; ray_setup_angle = ray_angle;
0007ABr 1               ;
0007ABr 1               	.dbg	line, "C:\Users\Alex\Chased3D\view3d.c", 158
0007ABr 1  A0 05        	ldy     #$05
0007ADr 1  20 rr rr     	jsr     ldaxysp
0007B0r 1  8D rr rr     	sta     _ray_setup_angle
0007B3r 1  8E rr rr     	stx     _ray_setup_angle+1
0007B6r 1               ;
0007B6r 1               ; ray_setup_px = px;
0007B6r 1               ;
0007B6r 1               	.dbg	line, "C:\Users\Alex\Chased3D\view3d.c", 159
0007B6r 1  A0 03        	ldy     #$03
0007B8r 1  20 rr rr     	jsr     ldaxysp
0007BBr 1  8D rr rr     	sta     _ray_setup_px
0007BEr 1  8E rr rr     	stx     _ray_setup_px+1
0007C1r 1               ;
0007C1r 1               ; ray_setup_py = py;
0007C1r 1               ;
0007C1r 1               	.dbg	line, "C:\Users\Alex\Chased3D\view3d.c", 160
0007C1r 1  20 rr rr     	jsr     ldax0sp
0007C4r 1  8D rr rr     	sta     _ray_setup_py
0007C7r 1  8E rr rr     	stx     _ray_setup_py+1
0007CAr 1               ;
0007CAr 1               ; ray_setup_and_cast();
0007CAr 1               ;
0007CAr 1               	.dbg	line, "C:\Users\Alex\Chased3D\view3d.c", 161
0007CAr 1  20 rr rr     	jsr     _ray_setup_and_cast
0007CDr 1               ;
0007CDr 1               ; if (!dda_hit) {
0007CDr 1               ;
0007CDr 1               	.dbg	line, "C:\Users\Alex\Chased3D\view3d.c", 163
0007CDr 1  AD rr rr     	lda     _dda_hit
0007D0r 1  D0 26        	bne     L0002
0007D2r 1               ;
0007D2r 1               ; col_dist[col] = 0xFFFFu;
0007D2r 1               ;
0007D2r 1               	.dbg	line, "C:\Users\Alex\Chased3D\view3d.c", 164
0007D2r 1  A0 06        	ldy     #$06
0007D4r 1  AA           	tax
0007D5r 1  B1 rr        	lda     (c_sp),y
0007D7r 1  0A           	asl     a
0007D8r 1  90 02        	bcc     L000D
0007DAr 1  E8           	inx
0007DBr 1  18           	clc
0007DCr 1  69 rr        L000D:	adc     #<(_col_dist)
0007DEr 1  85 rr        	sta     ptr1
0007E0r 1  8A           	txa
0007E1r 1  69 rr        	adc     #>(_col_dist)
0007E3r 1  85 rr        	sta     ptr1+1
0007E5r 1  A9 FF        	lda     #$FF
0007E7r 1  A0 00        	ldy     #$00
0007E9r 1  91 rr        	sta     (ptr1),y
0007EBr 1  C8           	iny
0007ECr 1  91 rr        	sta     (ptr1),y
0007EEr 1               ;
0007EEr 1               ; draw_open_column(col);
0007EEr 1               ;
0007EEr 1               	.dbg	line, "C:\Users\Alex\Chased3D\view3d.c", 165
0007EEr 1  A0 06        	ldy     #$06
0007F0r 1  B1 rr        	lda     (c_sp),y
0007F2r 1  20 rr rr     	jsr     _draw_open_column
0007F5r 1               ;
0007F5r 1               ; return;
0007F5r 1               ;
0007F5r 1               	.dbg	line, "C:\Users\Alex\Chased3D\view3d.c", 166
0007F5r 1  4C rr rr     	jmp     incsp7
0007F8r 1               ;
0007F8r 1               ; if (dda_side == 0) {
0007F8r 1               ;
0007F8r 1               	.dbg	line, "C:\Users\Alex\Chased3D\view3d.c", 169
0007F8r 1  AD rr rr     L0002:	lda     _dda_side
0007FBr 1  D0 18        	bne     L0003
0007FDr 1               ;
0007FDr 1               ; ray_dist = dda_side_x - dda_delta_x;
0007FDr 1               ;
0007FDr 1               	.dbg	line, "C:\Users\Alex\Chased3D\view3d.c", 170
0007FDr 1  AD rr rr     	lda     _dda_side_x
000800r 1  38           	sec
000801r 1  ED rr rr     	sbc     _dda_delta_x
000804r 1  8D rr rr     	sta     _ray_dist
000807r 1  AD rr rr     	lda     _dda_side_x+1
00080Ar 1  ED rr rr     	sbc     _dda_delta_x+1
00080Dr 1  8D rr rr     	sta     _ray_dist+1
000810r 1               ;
000810r 1               ; ray_wall = PIX_WALL_X;
000810r 1               ;
000810r 1               	.dbg	line, "C:\Users\Alex\Chased3D\view3d.c", 171
000810r 1  A9 FF        	lda     #$FF
000812r 1               ;
000812r 1               ; } else {
000812r 1               ;
000812r 1               	.dbg	line, "C:\Users\Alex\Chased3D\view3d.c", 172
000812r 1  4C rr rr     	jmp     L000B
000815r 1               ;
000815r 1               ; ray_dist = dda_side_y - dda_delta_y;
000815r 1               ;
000815r 1               	.dbg	line, "C:\Users\Alex\Chased3D\view3d.c", 173
000815r 1  AD rr rr     L0003:	lda     _dda_side_y
000818r 1  38           	sec
000819r 1  ED rr rr     	sbc     _dda_delta_y
00081Cr 1  8D rr rr     	sta     _ray_dist
00081Fr 1  AD rr rr     	lda     _dda_side_y+1
000822r 1  ED rr rr     	sbc     _dda_delta_y+1
000825r 1  8D rr rr     	sta     _ray_dist+1
000828r 1               ;
000828r 1               ; ray_wall = PIX_WALL_Y;
000828r 1               ;
000828r 1               	.dbg	line, "C:\Users\Alex\Chased3D\view3d.c", 174
000828r 1  A9 AA        	lda     #$AA
00082Ar 1  8D rr rr     L000B:	sta     _ray_wall
00082Dr 1               ;
00082Dr 1               ; ray_mag = cos_rel[col];
00082Dr 1               ;
00082Dr 1               	.dbg	line, "C:\Users\Alex\Chased3D\view3d.c", 177
00082Dr 1  A0 06        	ldy     #$06
00082Fr 1  A2 00        	ldx     #$00
000831r 1  B1 rr        	lda     (c_sp),y
000833r 1  0A           	asl     a
000834r 1  90 02        	bcc     L000E
000836r 1  E8           	inx
000837r 1  18           	clc
000838r 1  69 rr        L000E:	adc     #<(_cos_rel)
00083Ar 1  A8           	tay
00083Br 1  8A           	txa
00083Cr 1  69 rr        	adc     #>(_cos_rel)
00083Er 1  AA           	tax
00083Fr 1  98           	tya
000840r 1  20 rr rr     	jsr     ldaxi
000843r 1  8D rr rr     	sta     _ray_mag
000846r 1  8E rr rr     	stx     _ray_mag+1
000849r 1               ;
000849r 1               ; ray_dist = ((ray_dist >> 8) * ray_mag)
000849r 1               ;
000849r 1               	.dbg	line, "C:\Users\Alex\Chased3D\view3d.c", 178
000849r 1  AD rr rr     	lda     _ray_dist+1
00084Cr 1  20 rr rr     	jsr     pusha0
00084Fr 1  AD rr rr     	lda     _ray_mag
000852r 1  AE rr rr     	ldx     _ray_mag+1
000855r 1  20 rr rr     	jsr     tosumulax
000858r 1               ;
000858r 1               ; + (((ray_dist & 0x00FFu) * ray_mag) >> 8);
000858r 1               ;
000858r 1               	.dbg	line, "C:\Users\Alex\Chased3D\view3d.c", 179
000858r 1  20 rr rr     	jsr     pushax
00085Br 1  AD rr rr     	lda     _ray_dist
00085Er 1  20 rr rr     	jsr     pusha0
000861r 1  AD rr rr     	lda     _ray_mag
000864r 1  AE rr rr     	ldx     _ray_mag+1
000867r 1  20 rr rr     	jsr     tosumulax
00086Ar 1  8A           	txa
00086Br 1  20 rr rr     	jsr     tosadda0
00086Er 1  8D rr rr     	sta     _ray_dist
000871r 1  8E rr rr     	stx     _ray_dist+1
000874r 1               ;
000874r 1               ; col_dist[col] = ray_dist;
000874r 1               ;
000874r 1               	.dbg	line, "C:\Users\Alex\Chased3D\view3d.c", 180
000874r 1  A0 06        	ldy     #$06
000876r 1  A2 00        	ldx     #$00
000878r 1  B1 rr        	lda     (c_sp),y
00087Ar 1  0A           	asl     a
00087Br 1  90 02        	bcc     L000F
00087Dr 1  E8           	inx
00087Er 1  18           	clc
00087Fr 1  69 rr        L000F:	adc     #<(_col_dist)
000881r 1  85 rr        	sta     ptr1
000883r 1  8A           	txa
000884r 1  69 rr        	adc     #>(_col_dist)
000886r 1  85 rr        	sta     ptr1+1
000888r 1  AD rr rr     	lda     _ray_dist
00088Br 1  A0 00        	ldy     #$00
00088Dr 1  91 rr        	sta     (ptr1),y
00088Fr 1  C8           	iny
000890r 1  AD rr rr     	lda     _ray_dist+1
000893r 1  91 rr        	sta     (ptr1),y
000895r 1               ;
000895r 1               ; ray_dist >>= 4;
000895r 1               ;
000895r 1               	.dbg	line, "C:\Users\Alex\Chased3D\view3d.c", 182
000895r 1  AD rr rr     	lda     _ray_dist
000898r 1  AE rr rr     	ldx     _ray_dist+1
00089Br 1  20 rr rr     	jsr     shrax4
00089Er 1  8D rr rr     	sta     _ray_dist
0008A1r 1  8E rr rr     	stx     _ray_dist+1
0008A4r 1               ;
0008A4r 1               ; if (ray_dist >= HEIGHT_STEPS) ray_dist = HEIGHT_STEPS - 1;
0008A4r 1               ;
0008A4r 1               	.dbg	line, "C:\Users\Alex\Chased3D\view3d.c", 183
0008A4r 1  C9 90        	cmp     #$90
0008A6r 1  8A           	txa
0008A7r 1  E9 01        	sbc     #$01
0008A9r 1  90 0A        	bcc     L0005
0008ABr 1  A2 01        	ldx     #$01
0008ADr 1  A9 8F        	lda     #$8F
0008AFr 1  8D rr rr     	sta     _ray_dist
0008B2r 1  8E rr rr     	stx     _ray_dist+1
0008B5r 1               ;
0008B5r 1               ; ray_height = height_table[ray_dist];
0008B5r 1               ;
0008B5r 1               	.dbg	line, "C:\Users\Alex\Chased3D\view3d.c", 184
0008B5r 1  AD rr rr     L0005:	lda     _ray_dist
0008B8r 1  85 rr        	sta     ptr1
0008BAr 1  AD rr rr     	lda     _ray_dist+1
0008BDr 1  18           	clc
0008BEr 1  69 rr        	adc     #>(_height_table)
0008C0r 1  85 rr        	sta     ptr1+1
0008C2r 1  A0 rr        	ldy     #<(_height_table)
0008C4r 1  A2 00        	ldx     #$00
0008C6r 1  B1 rr        	lda     (ptr1),y
0008C8r 1  8D rr rr     	sta     _ray_height
0008CBr 1  8E rr rr     	stx     _ray_height+1
0008CEr 1               ;
0008CEr 1               ; if (ray_height >= VIEW_ROWS) {
0008CEr 1               ;
0008CEr 1               	.dbg	line, "C:\Users\Alex\Chased3D\view3d.c", 186
0008CEr 1  C9 5C        	cmp     #$5C
0008D0r 1  8A           	txa
0008D1r 1  E9 00        	sbc     #$00
0008D3r 1  90 08        	bcc     L0010
0008D5r 1               ;
0008D5r 1               ; ray_top = 0;
0008D5r 1               ;
0008D5r 1               	.dbg	line, "C:\Users\Alex\Chased3D\view3d.c", 187
0008D5r 1  8E rr rr     	stx     _ray_top
0008D8r 1               ;
0008D8r 1               ; ray_bottom = VIEW_ROWS - 1;
0008D8r 1               ;
0008D8r 1               	.dbg	line, "C:\Users\Alex\Chased3D\view3d.c", 188
0008D8r 1  A9 5B        	lda     #$5B
0008DAr 1               ;
0008DAr 1               ; } else {
0008DAr 1               ;
0008DAr 1               	.dbg	line, "C:\Users\Alex\Chased3D\view3d.c", 189
0008DAr 1  4C rr rr     	jmp     L000C
0008DDr 1               ;
0008DDr 1               ; ray_top = (unsigned char)((VIEW_ROWS - ray_height) >> 1);
0008DDr 1               ;
0008DDr 1               	.dbg	line, "C:\Users\Alex\Chased3D\view3d.c", 190
0008DDr 1  A9 5C        L0010:	lda     #$5C
0008DFr 1  38           	sec
0008E0r 1  ED rr rr     	sbc     _ray_height
0008E3r 1  48           	pha
0008E4r 1  8A           	txa
0008E5r 1  ED rr rr     	sbc     _ray_height+1
0008E8r 1  AA           	tax
0008E9r 1  68           	pla
0008EAr 1  20 rr rr     	jsr     shrax1
0008EDr 1  8D rr rr     	sta     _ray_top
0008F0r 1               ;
0008F0r 1               ; ray_bottom = (unsigned char)(ray_top + ray_height - 1);
0008F0r 1               ;
0008F0r 1               	.dbg	line, "C:\Users\Alex\Chased3D\view3d.c", 191
0008F0r 1  18           	clc
0008F1r 1  6D rr rr     	adc     _ray_height
0008F4r 1  38           	sec
0008F5r 1  E9 01        	sbc     #$01
0008F7r 1  8D rr rr     L000C:	sta     _ray_bottom
0008FAr 1               ;
0008FAr 1               ; draw_wall_column(col, ray_top, ray_bottom, ray_wall);
0008FAr 1               ;
0008FAr 1               	.dbg	line, "C:\Users\Alex\Chased3D\view3d.c", 193
0008FAr 1  A0 06        	ldy     #$06
0008FCr 1  B1 rr        	lda     (c_sp),y
0008FEr 1  20 rr rr     	jsr     pusha
000901r 1  AD rr rr     	lda     _ray_top
000904r 1  20 rr rr     	jsr     pusha
000907r 1  AD rr rr     	lda     _ray_bottom
00090Ar 1  20 rr rr     	jsr     pusha
00090Dr 1  AD rr rr     	lda     _ray_wall
000910r 1  20 rr rr     	jsr     _draw_wall_column
000913r 1               ;
000913r 1               ; }
000913r 1               ;
000913r 1               	.dbg	line, "C:\Users\Alex\Chased3D\view3d.c", 194
000913r 1  4C rr rr     	jmp     incsp7
000916r 1               
000916r 1               	.dbg	line
000916r 1               .endproc
000916r 1               
000916r 1               ; ---------------------------------------------------------------
000916r 1               ; void __near__ set_floor_dlis (void)
000916r 1               ; ---------------------------------------------------------------
000916r 1               
000916r 1               .segment	"CODE"
000916r 1               
000916r 1               .proc	_set_floor_dlis: near
000916r 1               
000916r 1               	.dbg	func, "set_floor_dlis", "00", static, "_set_floor_dlis"
000916r 1               	.dbg	sym, "i", "00", auto, -1
000916r 1               	.dbg	sym, "row", "00", auto, -2
000916r 1               
000916r 1               .segment	"CODE"
000916r 1               
000916r 1               ;
000916r 1               ; for (row = HORIZON - 1; row < VIEW_ROWS; ++row)
000916r 1               ;
000916r 1               	.dbg	line, "C:\Users\Alex\Chased3D\view3d.c", 211
000916r 1  20 rr rr     	jsr     decsp2
000919r 1  A9 2D        	lda     #$2D
00091Br 1  A0 00        	ldy     #$00
00091Dr 1  91 rr        L000A:	sta     (c_sp),y
00091Fr 1  C9 5C        	cmp     #$5C
000921r 1  B0 21        	bcs     L000C
000923r 1               ;
000923r 1               ; view_dlist[5 + row] &= 0x7F;
000923r 1               ;
000923r 1               	.dbg	line, "C:\Users\Alex\Chased3D\view3d.c", 212
000923r 1  A2 00        	ldx     #$00
000925r 1  B1 rr        	lda     (c_sp),y
000927r 1  20 rr rr     	jsr     incax5
00092Ar 1  18           	clc
00092Br 1  69 rr        	adc     #<(_view_dlist)
00092Dr 1  85 rr        	sta     ptr1
00092Fr 1  8A           	txa
000930r 1  69 rr        	adc     #>(_view_dlist)
000932r 1  85 rr        	sta     ptr1+1
000934r 1  A0 00        	ldy     #$00
000936r 1  B1 rr        	lda     (ptr1),y
000938r 1  29 7F        	and     #$7F
00093Ar 1  91 rr        	sta     (ptr1),y
00093Cr 1               ;
00093Cr 1               ; for (row = HORIZON - 1; row < VIEW_ROWS; ++row)
00093Cr 1               ;
00093Cr 1               	.dbg	line, "C:\Users\Alex\Chased3D\view3d.c", 211
00093Cr 1  18           	clc
00093Dr 1  A9 01        	lda     #$01
00093Fr 1  71 rr        	adc     (c_sp),y
000941r 1  4C rr rr     	jmp     L000A
000944r 1               ;
000944r 1               ; for (i = 0; i < FLOOR_BANDS; ++i) {
000944r 1               ;
000944r 1               	.dbg	line, "C:\Users\Alex\Chased3D\view3d.c", 213
000944r 1  98           L000C:	tya
000945r 1  C8           	iny
000946r 1  91 rr        L000B:	sta     (c_sp),y
000948r 1  C9 06        	cmp     #$06
00094Ar 1  B0 43        	bcs     L000D
00094Cr 1               ;
00094Cr 1               ; row = (unsigned char)(HORIZON + floor_phase + i * FLOOR_BAND_ROWS);
00094Cr 1               ;
00094Cr 1               	.dbg	line, "C:\Users\Alex\Chased3D\view3d.c", 214
00094Cr 1  A2 00        	ldx     #$00
00094Er 1  AD rr rr     	lda     _floor_phase
000951r 1  A0 2E        	ldy     #$2E
000953r 1  20 rr rr     	jsr     incaxy
000956r 1  85 rr        	sta     sreg
000958r 1  86 rr        	stx     sreg+1
00095Ar 1  A2 00        	ldx     #$00
00095Cr 1  A0 01        	ldy     #$01
00095Er 1  B1 rr        	lda     (c_sp),y
000960r 1  20 rr rr     	jsr     mulax7
000963r 1  18           	clc
000964r 1  65 rr        	adc     sreg
000966r 1  48           	pha
000967r 1  8A           	txa
000968r 1  65 rr        	adc     sreg+1
00096Ar 1  68           	pla
00096Br 1  88           	dey
00096Cr 1  91 rr        	sta     (c_sp),y
00096Er 1               ;
00096Er 1               ; view_dlist[5 + row - 1] |= 0x80;
00096Er 1               ;
00096Er 1               	.dbg	line, "C:\Users\Alex\Chased3D\view3d.c", 215
00096Er 1  A2 00        	ldx     #$00
000970r 1  B1 rr        	lda     (c_sp),y
000972r 1  20 rr rr     	jsr     incax4
000975r 1  18           	clc
000976r 1  69 rr        	adc     #<(_view_dlist)
000978r 1  85 rr        	sta     ptr1
00097Ar 1  8A           	txa
00097Br 1  69 rr        	adc     #>(_view_dlist)
00097Dr 1  85 rr        	sta     ptr1+1
00097Fr 1  A0 00        	ldy     #$00
000981r 1  B1 rr        	lda     (ptr1),y
000983r 1  09 80        	ora     #$80
000985r 1  91 rr        	sta     (ptr1),y
000987r 1               ;
000987r 1               ; for (i = 0; i < FLOOR_BANDS; ++i) {
000987r 1               ;
000987r 1               	.dbg	line, "C:\Users\Alex\Chased3D\view3d.c", 213
000987r 1  C8           	iny
000988r 1  18           	clc
000989r 1  98           	tya
00098Ar 1  71 rr        	adc     (c_sp),y
00098Cr 1  4C rr rr     	jmp     L000B
00098Fr 1               ;
00098Fr 1               ; view_dlist[5 + VIEW_ROWS - 1] |= 0x80;
00098Fr 1               ;
00098Fr 1               	.dbg	line, "C:\Users\Alex\Chased3D\view3d.c", 217
00098Fr 1  AD rr rr     L000D:	lda     _view_dlist+96
000992r 1  09 80        	ora     #$80
000994r 1  8D rr rr     	sta     _view_dlist+96
000997r 1               ;
000997r 1               ; }
000997r 1               ;
000997r 1               	.dbg	line, "C:\Users\Alex\Chased3D\view3d.c", 218
000997r 1  4C rr rr     	jmp     incsp2
00099Ar 1               
00099Ar 1               	.dbg	line
00099Ar 1               .endproc
00099Ar 1               
00099Ar 1               ; ---------------------------------------------------------------
00099Ar 1               ; void __near__ minimap_restore_row (unsigned char row)
00099Ar 1               ; ---------------------------------------------------------------
00099Ar 1               
00099Ar 1               .segment	"CODE"
00099Ar 1               
00099Ar 1               .proc	_minimap_restore_row: near
00099Ar 1               
00099Ar 1               	.dbg	func, "minimap_restore_row", "00", static, "_minimap_restore_row"
00099Ar 1               	.dbg	sym, "row", "00", auto, 0
00099Ar 1               	.dbg	sym, "dest", "00", auto, -2
00099Ar 1               	.dbg	sym, "byte", "00", auto, -3
00099Ar 1               
00099Ar 1               .segment	"CODE"
00099Ar 1               
00099Ar 1               ;
00099Ar 1               ; {
00099Ar 1               ;
00099Ar 1               	.dbg	line, "C:\Users\Alex\Chased3D\view3d.c", 278
00099Ar 1  20 rr rr     	jsr     pusha
00099Dr 1               ;
00099Dr 1               ; if (row >= MAZE_H) return;
00099Dr 1               ;
00099Dr 1               	.dbg	line, "C:\Users\Alex\Chased3D\view3d.c", 282
00099Dr 1  20 rr rr     	jsr     decsp3
0009A0r 1  A0 03        	ldy     #$03
0009A2r 1  B1 rr        	lda     (c_sp),y
0009A4r 1  C9 3B        	cmp     #$3B
0009A6r 1  B0 55        	bcs     L0004
0009A8r 1               ;
0009A8r 1               ; dest = view_buffer + (unsigned int)row * VIEW_STRIDE;
0009A8r 1               ;
0009A8r 1               	.dbg	line, "C:\Users\Alex\Chased3D\view3d.c", 283
0009A8r 1  B1 rr        	lda     (c_sp),y
0009AAr 1  20 rr rr     	jsr     pusha0
0009ADr 1  A9 28        	lda     #$28
0009AFr 1  20 rr rr     	jsr     tosumula0
0009B2r 1  18           	clc
0009B3r 1  69 rr        	adc     #<(_view_buffer)
0009B5r 1  A8           	tay
0009B6r 1  8A           	txa
0009B7r 1  69 rr        	adc     #>(_view_buffer)
0009B9r 1  AA           	tax
0009BAr 1  98           	tya
0009BBr 1  A0 01        	ldy     #$01
0009BDr 1  20 rr rr     	jsr     staxysp
0009C0r 1               ;
0009C0r 1               ; for (byte = 0; byte < MINI_BYTES; ++byte) {
0009C0r 1               ;
0009C0r 1               	.dbg	line, "C:\Users\Alex\Chased3D\view3d.c", 284
0009C0r 1  A9 00        	lda     #$00
0009C2r 1  A8           	tay
0009C3r 1  91 rr        L0007:	sta     (c_sp),y
0009C5r 1  C9 05        	cmp     #$05
0009C7r 1  B0 34        	bcs     L0004
0009C9r 1               ;
0009C9r 1               ; dest[byte] = minimap_bits[row][byte];
0009C9r 1               ;
0009C9r 1               	.dbg	line, "C:\Users\Alex\Chased3D\view3d.c", 285
0009C9r 1  B1 rr        	lda     (c_sp),y
0009CBr 1  18           	clc
0009CCr 1  C8           	iny
0009CDr 1  71 rr        	adc     (c_sp),y
0009CFr 1  85 rr        	sta     sreg
0009D1r 1  A9 00        	lda     #$00
0009D3r 1  C8           	iny
0009D4r 1  71 rr        	adc     (c_sp),y
0009D6r 1  85 rr        	sta     sreg+1
0009D8r 1  A2 00        	ldx     #$00
0009DAr 1  C8           	iny
0009DBr 1  B1 rr        	lda     (c_sp),y
0009DDr 1  20 rr rr     	jsr     mulax5
0009E0r 1  18           	clc
0009E1r 1  69 rr        	adc     #<(_minimap_bits)
0009E3r 1  85 rr        	sta     ptr1
0009E5r 1  8A           	txa
0009E6r 1  69 rr        	adc     #>(_minimap_bits)
0009E8r 1  85 rr        	sta     ptr1+1
0009EAr 1  A0 00        	ldy     #$00
0009ECr 1  B1 rr        	lda     (c_sp),y
0009EEr 1  A8           	tay
0009EFr 1  B1 rr        	lda     (ptr1),y
0009F1r 1  A0 00        	ldy     #$00
0009F3r 1  91 rr        	sta     (sreg),y
0009F5r 1               ;
0009F5r 1               ; for (byte = 0; byte < MINI_BYTES; ++byte) {
0009F5r 1               ;
0009F5r 1               	.dbg	line, "C:\Users\Alex\Chased3D\view3d.c", 284
0009F5r 1  18           	clc
0009F6r 1  A9 01        	lda     #$01
0009F8r 1  71 rr        	adc     (c_sp),y
0009FAr 1  4C rr rr     	jmp     L0007
0009FDr 1               ;
0009FDr 1               ; }
0009FDr 1               ;
0009FDr 1               	.dbg	line, "C:\Users\Alex\Chased3D\view3d.c", 287
0009FDr 1  4C rr rr     L0004:	jmp     incsp4
000A00r 1               
000A00r 1               	.dbg	line
000A00r 1               .endproc
000A00r 1               
000A00r 1               ; ---------------------------------------------------------------
000A00r 1               ; void __near__ minimap_plot (unsigned char col, unsigned char row, unsigned char value)
000A00r 1               ; ---------------------------------------------------------------
000A00r 1               
000A00r 1               .segment	"CODE"
000A00r 1               
000A00r 1               .proc	_minimap_plot: near
000A00r 1               
000A00r 1               	.dbg	func, "minimap_plot", "00", static, "_minimap_plot"
000A00r 1               	.dbg	sym, "col", "00", auto, 2
000A00r 1               	.dbg	sym, "row", "00", auto, 1
000A00r 1               	.dbg	sym, "value", "00", auto, 0
000A00r 1               	.dbg	sym, "dest", "00", auto, -2
000A00r 1               	.dbg	sym, "shift", "00", auto, -3
000A00r 1               
000A00r 1               .segment	"CODE"
000A00r 1               
000A00r 1               ;
000A00r 1               ; {
000A00r 1               ;
000A00r 1               	.dbg	line, "C:\Users\Alex\Chased3D\view3d.c", 290
000A00r 1  20 rr rr     	jsr     pusha
000A03r 1               ;
000A03r 1               ; if (col >= MAZE_W || row >= MAZE_H) return;
000A03r 1               ;
000A03r 1               	.dbg	line, "C:\Users\Alex\Chased3D\view3d.c", 294
000A03r 1  20 rr rr     	jsr     decsp3
000A06r 1  A0 05        	ldy     #$05
000A08r 1  B1 rr        	lda     (c_sp),y
000A0Ar 1  C9 14        	cmp     #$14
000A0Cr 1  B0 7C        	bcs     L0001
000A0Er 1  88           	dey
000A0Fr 1  B1 rr        	lda     (c_sp),y
000A11r 1  C9 3B        	cmp     #$3B
000A13r 1  B0 75        	bcs     L0001
000A15r 1               ;
000A15r 1               ; shift = (unsigned char)(6 - ((col & 3) << 1));
000A15r 1               ;
000A15r 1               	.dbg	line, "C:\Users\Alex\Chased3D\view3d.c", 295
000A15r 1  A9 06        	lda     #$06
000A17r 1  20 rr rr     	jsr     pusha0
000A1Ar 1  A0 07        	ldy     #$07
000A1Cr 1  B1 rr        	lda     (c_sp),y
000A1Er 1  29 03        	and     #$03
000A20r 1  0A           	asl     a
000A21r 1  90 02        	bcc     L0005
000A23r 1  A2 01        	ldx     #$01
000A25r 1  20 rr rr     L0005:	jsr     tossubax
000A28r 1  A0 00        	ldy     #$00
000A2Ar 1  91 rr        	sta     (c_sp),y
000A2Cr 1               ;
000A2Cr 1               ; dest = view_buffer + (unsigned int)row * VIEW_STRIDE + (col >> 2);
000A2Cr 1               ;
000A2Cr 1               	.dbg	line, "C:\Users\Alex\Chased3D\view3d.c", 296
000A2Cr 1  A0 04        	ldy     #$04
000A2Er 1  B1 rr        	lda     (c_sp),y
000A30r 1  20 rr rr     	jsr     pusha0
000A33r 1  A9 28        	lda     #$28
000A35r 1  20 rr rr     	jsr     tosumula0
000A38r 1  18           	clc
000A39r 1  69 rr        	adc     #<(_view_buffer)
000A3Br 1  85 rr        	sta     ptr1
000A3Dr 1  8A           	txa
000A3Er 1  69 rr        	adc     #>(_view_buffer)
000A40r 1  85 rr        	sta     ptr1+1
000A42r 1  A0 05        	ldy     #$05
000A44r 1  B1 rr        	lda     (c_sp),y
000A46r 1  4A           	lsr     a
000A47r 1  4A           	lsr     a
000A48r 1  18           	clc
000A49r 1  65 rr        	adc     ptr1
000A4Br 1  A6 rr        	ldx     ptr1+1
000A4Dr 1  90 01        	bcc     L0006
000A4Fr 1  E8           	inx
000A50r 1  A0 01        L0006:	ldy     #$01
000A52r 1  20 rr rr     	jsr     staxysp
000A55r 1               ;
000A55r 1               ; *dest = (unsigned char)((*dest & ~(0x03 << shift)) | (value << shift));
000A55r 1               ;
000A55r 1               	.dbg	line, "C:\Users\Alex\Chased3D\view3d.c", 297
000A55r 1  85 rr        	sta     ptr2
000A57r 1  86 rr        	stx     ptr2+1
000A59r 1  A0 02        	ldy     #$02
000A5Br 1  20 rr rr     	jsr     ldptr1ysp
000A5Er 1  A0 00        	ldy     #$00
000A60r 1  B1 rr        	lda     (ptr1),y
000A62r 1  85 rr        	sta     ptr1
000A64r 1  B1 rr        	lda     (c_sp),y
000A66r 1  A8           	tay
000A67r 1  A9 03        	lda     #$03
000A69r 1  A2 00        	ldx     #$00
000A6Br 1  20 rr rr     	jsr     aslaxy
000A6Er 1  49 FF        	eor     #$FF
000A70r 1  25 rr        	and     ptr1
000A72r 1  85 rr        	sta     sreg
000A74r 1  A2 00        	ldx     #$00
000A76r 1  A0 03        	ldy     #$03
000A78r 1  B1 rr        	lda     (c_sp),y
000A7Ar 1  85 rr        	sta     ptr1
000A7Cr 1  A1 rr        	lda     (c_sp,x)
000A7Er 1  A8           	tay
000A7Fr 1  A5 rr        	lda     ptr1
000A81r 1  20 rr rr     	jsr     aslaxy
000A84r 1  05 rr        	ora     sreg
000A86r 1  A0 00        	ldy     #$00
000A88r 1  91 rr        	sta     (ptr2),y
000A8Ar 1               ;
000A8Ar 1               ; }
000A8Ar 1               ;
000A8Ar 1               	.dbg	line, "C:\Users\Alex\Chased3D\view3d.c", 298
000A8Ar 1  4C rr rr     L0001:	jmp     incsp6
000A8Dr 1               
000A8Dr 1               	.dbg	line
000A8Dr 1               .endproc
000A8Dr 1               
000A8Dr 1               
